title,text,label,domain
Quarter of Americans Injure Themselves Grooming Their Pubic Hair,"Most adults in the U.S. shave, wax or groom their pubic hair. But the practice is leading to a surprising number of injuries, according to the latest study on the subject. In a new survey reported in JAMA Dermatology, researchers found that 76% of adults in the U.S. said they groomed their pubic hair. About a quarter of them reported injuries related to grooming. The most common injuries were cuts, followed by rashes and burns. Most were not serious, but in 1.5% of cases, the injuries required medical attention. Dr. Benjamin Breyer, vice chair of urology at the University of California San Francisco, and his colleagues conducted the survey using a specially designed questionnaire that asked people to report their grooming habits and injuries. As a urologist, Breyer wanted to investigate pubic hair grooming injuries when he learned that about 3% of the adults who came to the emergency room at UCSF were there because of grooming injuries.   Not surprisingly, the people who reported injuries were also those who said they groomed more frequently and were more likely to groom more extensively, in many cases removing all of their pubic hair. ""One lesson to take from this is that if you have had significant grooming injuries, or keep getting injured, you should reconsider the areas you groom, how frequently you do it, and the extent to which you do it,"" Breyer says. The survey wasn’t designed to determine which grooming method—shaving versus waxing, for example—was safer. But they found that more than 60% of the injuries were related to cuts, so it makes sense that using razors could be dangerous for some people. Oil These results may be important for more than just preventing injuries, Breyer says. Injuries in the pubic area could make people more vulnerable to infections, including sexually transmitted diseases. He plans to look at the relationship between grooming injuries and sexually transmitted infections to see if injuries might lead to higher rates of transmission. For now, he says that the results should be reassuring to groomers, since most are doing it safely without harming themselves. But people who are getting injured—and especially those who are getting injured repeatedly—should consider grooming less frequently and taking off less hair. ""Infections from grooming injuries are rare,"" he says, but grooming more mindfully could save you a visit to the doctor.",Human,news
"Ultra-Cold Gases Offer Window Into Extra Dimensions, According to New Theory","A lot of the problems with string theory reduce to the fact that we don't really have a way to verify or falsify its predictions. Key to string theory is the existence of, well, strings, which amount to tiny coiled-up bonus dimensions extending beyond the four that we all know and love. Unfortunately, these strings are so small, about 10–35 meters, that even the most powerful particle colliders imaginable wouldn't be able to offer a glimpse. But, still, there are many that want to believe. Enter physicists Sergio Gutiérrez, Abel Camacho, and Héctor Hernández of Universidad Autonoma Metropolitana-Iztapalapa in Mexico City. The trio posted a paper late last month to the arXiv preprint server suggesting that it may be possible to detect extra dimensions by using Bose-Einstein condensates as windows of sorts. Bose-Einstein condensates are pretty neat. The basic idea is that if you cool a bunch of particles way, way down, they start acting like one great big particle. The upshot is that the quantum effects normally seen at subatomic scales can be experienced at relatively macro scales. As the researchers explain in the paper, the properties of Bose-Einstein condensates depend in part on the number of space-like dimensions. If string theory were to be correct, and there are a bunch of way-small extra dimensions, we might expect discontinuities in the condensate's specific heat, which is a measure of the heat required to raise its temperature by a set amount. If there are some extra dimensions, then maybe we'll see something weird happening with this specific heat as the gas is cooled beyond the condensation threshold, which is the point where all of the different particles start acting as one. As physicist and singer Sabine Hossenfelder writes at Backreactions, there's a pretty big flaw in this line of reasoning. The thing about these super-tiny dimensions is that any particles that might happen to be hanging out inside of them would have to be oscillating at super-high frequencies. To see this, imagine a prisoner pacing back and forth in a cell at a constant rate. Now, take the same prisoner exerting the same energy and put them into a smaller cell. They'll be covering the span from cell wall to cell wall much more frequently. So it is with particles. A particle confined to one of these string dimensions will have to be bouncing back and forth at way high frequencies, and that amounts to a tremendous amount of energy. This is much more energy than can be supplied in a Bose-Einstein condensate, which has been chilled to the point of profound sluggishness. ""So what's the proposal in the paper then?,"" Hossenfelder writes. ""There isn't one. They simply ignore that the higher harmonics can't be excited and make a calculation. Then they estimate that one needs a condensate of about a thousand particles to measure a discontinuity in the specific heat, which depends on the number of extra-dimensions."" I've reached out to the authors of the paper for a response and will update if and when I hear back.",Human,news
One in five deaths worldwide linked to unhealthy diet,"Eleven million deaths worldwide in 2017 were linked to people eating poor diets high in sugar, salt and processed meat that contributed to heart disease, cancer and diabetes, a global study found. The research, published in the Lancet medical journal, found that among 195 countries studied, the proportion of diet-related deaths was highest in Uzbekistan and lowest in Israel. The United States ranked 43rd, while Britain was 23rd, China 140th and India 118th. Consumption of healthier foods such as nuts and seeds, milk and whole grains was on average too low, and people consumed too many sugary drinks and too much processed meat and salt. This led to one in five deaths in 2017 being linked to bad diets. The Global Burden of Disease study tracked trends from 1990 to 2017 of consumption of 15 dietary factors. Chris Murray, director of the Institute for Health Metrics and Evaluation at the University of Washington which led the work, said it ""affirms what many have thought for several years"". ""Poor diet is responsible for more deaths than any other risk factor in the world,"" he said. ""Our assessment suggests the leading dietary risk factors are high intake of sodium, or low intake of healthy foods, such as whole grains, fruit, nuts and seeds and vegetables."" The study found people ate only 12 percent of the recommended amount of nuts and seeds - an average intake of 3 grams a day, compared with the recommended 21 g - and drank more than 10 times the recommended amount of sugary drinks. Diets high in sugar, salt and bad fats are known risk factors for heart disease, stroke, diabetes and many types of cancer. The global diet also included less than a quarter of the recommended amount of whole grains - at 29 g average intake a day compared with the recommended 125 g - and almost double the recommended amount of processed meat - at around 4 g average intake per day compared with the 2 g recommended. A study published in January suggested an ""ideal diet"" for the health of people and the planet would include a doubling of consumption of nuts, fruits, vegetables and legumes, and a halving of meat and sugar intake. In a breakdown of diet-related deaths, the study found that of the 11 million in 2017, almost 10 million were from cardiovascular diseases, around 913,000 from cancer, and almost 339,000 from type 2 diabetes. Annual deaths related to diet have increased from 8 million in 1990, but the researchers said this was largely due to increases in populations and populations aging.",Human,news
Predators use big second period to beat Kings,"What the Los Angeles Kings already have, the Nashville Predators want. By beating Los Angeles 5-2 Monday night at sold-out Bridgestone Arena, Nashville took a big step toward joining the Kings in the Western Conference playoff field, perhaps even pairing with them in the first round to boot. In picking up at least one point for the 17th time in 19 games, the Predators broke the scoring seal with three second-period markers, then held off a furious third-period rally with clutch penalty-killing and a timely goal by center Ryan Johansen. ""There’s a lot of possibilities and we still have games left,"" Nashville center Mike Fisher said. ""I thought we came out with a purpose tonight and played really hard. They gave us all we wanted at the end, but we executed really well."" After a physical first period filled with hits — 29 overall, 18 by Los Angeles — and a combined 21 shots on net, the Predators took command with a sustained flurry that knocked out goalie Jonathan Quick before the third period began. Right winger James Neal started the barrage at 7:37 with his 28th goal, beating Quick with a wrister from the top of the left faceoff circle off a clean faceoff win by Johansen. ""You always want to get the first one and go from there,"" Neal said. ""I thought the big thing was we were able to keep it going. We disrupted their offense; we got to a lot of pucks."" Following a botched line change by the Kings that cost them a minor penalty for too many men on the ice — they had seven at one point before the whistle blew — Fisher made it 2-0 with a power-play marker at 13:17. He followed his shot and poked the rebound into an open net for his 12th tally. Left winger Filip Forsberg capped the outburst with a backhand score from the left goalpost at 15:23, making him the fifth player in franchise history with 30 goals and putting him within three of tying the franchise record set by Jason Arnott. But Los Angeles predictably bounced back, silencing the audience of 17,113 with two goals in the third period’s first eight minutes. Left winger Tanner Pearson tipped a point blast from defenseman Drew Doughty by goalie Pekka Rinne 32 seconds into the period to notch his 14th goal, followed by a wrister from the point by Alec Martinez for his 10th marker. However, Johansen blunted the Kings’ momentum by deflecting a point shot from defenseman Shea Weber past backup goalie Jhonas Enroth at 11:45, his 13th goal of the season. ""If you look at it, there are a lot of momentum swings in any game,"" Johansen said. ""They’re a great team and they were coming at us. That was a huge goal, no matter how you look at it."" Los Angeles still created chances to dent its two-goal deficit, earning a pair of power-play opportunities after Johansen’s tally. But Nashville killed off those penalties, as well as another one earlier in the period, with some of its best shorthanded work of the season. ""I liked the quickness we had on pucks and the quickness that we had on battles,"" Predators coach Peter Laviolette said of the penalty kill. ""We were able to get clears 200 feet a few times."" Defenseman Roman Josi capped the scoring with an empty-netter at 19:31 for Nashville, which drew within four points of Chicago in the Central Division and denied the Kings a chance to establish a six-point lead over Anaheim in the Pacific Division. ""The second period, we turned the pucks over a little bit and gave them off-man rushes,"" Los Angeles coach Darryl Sutter said. ""Our forwards had trouble getting to the net against their defense. Most of our chances came from up top from our defense."" Rinne finished with 28 saves on 30 shots in earning his 30th win of the season, while Quick stopped 24 of 27 shots. Enroth faced only two shots. ",Human,news
Brain drainage system could contribute to Alzheimer's and MS,"The brain drains waste fluid via a system of cells that can function incorrectly as they age, potentially leading to neurological issues, according to a preclinical study published in Nature Wednesday. Why it matters: Researchers think dysfunction in the system of cells could play a role in  — and be a potential treatment target for — neurodegenerative disorders like Alzheimer's and multiple sclerosis. Background: How the brain and spinal cord drain cerebrospinal fluid has been under recent debate, as scientists only recently re-discovered the central nervous system  has its own lymphatic system. ""The textbook knowledge is that CSF directly drains into veins, however, this is mostly based on knowledge gained from studies performed over 100 years ago,"" Steven Proulx, of the Theodor Kocher Institute in Switzerland, tells Axios. But studies in recent years, ""highlighted the forgotten role"" lymphatics play, adds Proulx, who was not part of this study. Still, the route remains under debate. Proulx says there is evidence CSF can also drain through routes along cranial nerves, like in the nasal or optical region, citing his 2017 study. Others propose the meningeal lymphatic vessels at the top of the skull are most important. What they did: This research team, over roughly 3 years, used fluorescence microscopy and MRIs to track the function of mLVs in genetically modified mouse and rat models, Cho said. They compared the function of basal and dorsal mLVs between young and older mice. What they found: MLVs at the base of the skull ""provide a direct route for the clearance of large molecules including toxic metabolites from the brain, which is impaired with aging,"" Cho tells Axios. They found that in the older mice, dorsal mLVs showed faster deterioration and basal mLVs were enlarged and more numerous, but also showed fewer valves and some signs of disintegration.  What they're saying: Taija Mäkinen, of Uppsala University in Sweden, writes in an accompanying News and Views piece... But, but, but: So far, the experiments have been done in animal models and the findings would have to be tested and confirmed in humans, Proulx says. ""Until these studies are performed, I expect that clinicians will remain skeptical of this concept, as it is so radically different from what they have learned in medical school.""",Human,news
"Trump intervention delaying EPA biofuel waiver action, sources say","U.S. President Donald Trump’s request for a review of the administration’s expanded use of biofuel waivers for oil refiners is holding up its decisions on 2018 applications, according to three sources familiar with the matter, two of whom said Trump may soon host a meeting on the issue. Trump had ordered members of his Cabinet to review the controversial waiver program, which exempts small refiners in financial turmoil from their obligation to blend ethanol into gasoline, last month after hearing from farmers angry about the issue during his recent Midwest tour. Since Trump took office, the Environmental Protection Agency has more than quadrupled the number of waivers it has granted to refiners, saving the oil industry hundreds of millions of dollars, but enraging another key constituency - corn growers - who claim the move threatens ethanol demand. Since Trump’s request for a review, the EPA has been scrambling to come up with a solution to move forward with 40 pending applications for the waivers, called Small Refinery Exemptions or SREs, covering 2018. ""The SRE decision is being held up because the President wants to have this conversation,"" one of the sources familiar with the issue said. Two sources said the White House could host a meeting next week on the issue that would include Trump, Agriculture Secretary Sonny Perdue, EPA Administrator Andrew Wheeler, and senators from both oil and farm states. There was no final decision yet on whether a meeting would be held, or when, they said. All three of the sources said that the 2018 SRE decisions were nearly finalized before Trump became involved. The White House declined to comment. The EPA responded to a request for comment by saying it was implementing biofuel policy in accordance with the law. ""We will work with the White House, DOE, USDA, members of Congress and other stakeholders to ensure the proper administration of the,"" EPA spokesman Michael Abboud said in an emailed statement. The Department of Energy provided the EPA its scoring results for the 40 outstanding 2018 applications in late April, sources told Reuters. EPA is required to decide on applications no later than 90 days after receiving them. Some refiners say they filed their applications far earlier than April, and say the EPA is already late. The Renewable Fuel Standard, a more than decade-old regulation that is aimed at helping farmers and reducing U.S. dependence on oil, has been a big point of contention between the rivaling oil and corn industries, leaving Trump struggling to find a balance between the two important constituencies as he eyes a bid for re-election next year. The regulation requires refiners to blend increasing volumes of ethanol and other biofuels into their fuel each year or purchase credits from those that do. But it also allows refining facilities of less than 75,000 barrels per day to request waivers if they can prove that complying with the law would cause them disproportionate financial hardship. Small refineries owned by giants like Exxon Mobil and Chevron Corp, along with a facility owned by billionaire investor Carl Icahn have secured waivers from Trump’s EPA, according to Reuters reporting. Trump’s request that Cabinet members, including Agriculture Secretary Perdue, help hash out a fix to the waiver program has become a source of concern for lawmakers representing oil refining states. Perdue has often publicly criticized the EPA’s administration of the waiver program, siding with farmers. Last week, Republican senators representing oil states wrote to Trump asking him to keep Perdue away from any decision-making process over the petitions. Louisiana Senator John Kennedy also wrote to Perdue saying he will block confirmation of agency nominations until Perdue ""stops interfering.""",Human,news
Britain's Olympic champion Yarnold has successful back surgery,"Double Olympic skeleton champion Lizzy Yarnold has undergone successful surgery to treat a long-standing back problem, the British Bobsleigh and Skeleton Association said on Tuesday. Yarnold, who became the first Briton to successfully defend a Winter Olympic title when she claimed skeleton gold at this year’s Games in Pyeongchang, had an operation to fix some slipped disk on Monday. ""Lizzy has been managing the pain in her back for some time now and we were all of the same opinion that an operation was in the best interests of Lizzy’s health and wellbeing,"" said Andi Schmid, British Skeleton performance director, said in a statement. ""We are delighted that the surgery was a success and we will now ensure that Lizzy has all the support she needs to facilitate her recovery."" The 29-year-old Yarnold will continue her rehabilitation at home, with no return date yet set for a return. ""Skeleton is a demanding sport and the last Olympic cycle was a particularly intensive one in which Lizzy had to overcome a number of physical challenges,"" Schmid added. ""While we appreciate that there will be questions regarding Lizzy’s return to action, the most important thing right now is that she rests, recuperates and gets herself back to full health in her own time."" Yarnold said it was the best time for the surgery and now hopes for a quick recovery. ""I’d like to say a big thank you to everyone who is helping piece this slightly broken athlete’s body back together,"" said Yarnold. ""Now felt like a good time to have it done, I couldn’t manage the pain any longer! I’m not feeling great right now but here’s hoping recovery will be speedy.""",Human,news
"Hackers steal data on Verizon enterprise customers, put it up for sale online","Cybercriminals have stolen data from Verizon's enterprise unit and have put it up for sale online. According to security journalist Brian Krebs, the data was stolen from Verizon Enterprise Solutions, a Verizon business unit that provides IT services to major companies, and which itself is often tasked with responding to large data breaches. Krebs reports that information on about 1.5 million enterprise customers was put up for sale on a forum this week, though no data on Verizon wireless consumers was involved in the breach. According to Verizon Enterprise Solutions, 97 percent of Fortune 500 companies use the company's services. Entire database priced at $100,000 According to Krebs, the data was put up for sale by a ""prominent member of a closely guarded underground cybercrime forum."" The entire database was priced at $100,000, though the hacker offered to sell it off in chunks, as well: $10,000 for 100,000 records. The hacker is also selling information on weaknesses in Verizon's website, Krebs reports. Verizon has not provided details on how the hack occurred, though it acknowledged a vulnerability and said it is notifying its customers. ""Verizon recently discovered and remediated a security vulnerability on our enterprise client portal,"" Verizon said in a statement sent to Krebs. ""Our investigation to date found an attacker obtained basic contact information on a number of our enterprise customers. No customer proprietary network information or other data was accessed or accessible.""",Human,news
Best-friend genetics - Dogs and cancer,"DOGS have long been man’s closest animal companion. The story of how they accompanied traders and settlers to every corner of the globe has now been pieced together in an unusual way by a group studying a unique genetic tag associated with a canine cancer. And in the process, this has turned up surprising new evidence about how cancer cells survive. Transmissible cancers are rare. One of them, canine transmissible venereal tumour, spreads between dogs through the transfer of living cells during mating. The disease, which usually appears as genital tumours in both male and female dogs, is believed to have originated in a single dog some 11,000 years ago and survived by spreading to other dogs. It is now found in dogs worldwide. Upgrade your inbox and get our Daily Dispatch and Editor's Picks. Since that founder dog first spawned CTVT, however, the disease has changed its genetic nature, according to Andrea Strakova, Máire Ní Leathlobhair and Elizabeth Murchison of the University of Cambridge’s Department of Veterinary Medicine and an international team of colleagues. They looked at the DNA of mitochondria in 449 tumours in dogs from 39 countries. Mitochondria are units within cells that act as power plants, turning the energy contained in sugar into a form of fuel which a cell can use. Mitochondria have their own genome, which is likely to be a hangover from a time when they may have existed as free-living organisms. Previous studies have shown that mitochondrial DNA has been able to transfer from body cells in infected dogs into the cells in their tumours, and hence to the tumours of dogs that were subsequently infected. As the group report in eLife, they found evidence of the cancer having ""stolen"" mitochondrial DNA from the cells of its host on at least five occasions during the long history of the disease. This may well have been done to help the tumour survive, says Ms Strakova. By mapping the points at which mitochondrial DNA made the transfer it was possible to work out how the tumours are related to each other. Of the five main branches of the family tree which the researchers came up with, the oldest arose 1,000-2,000 years ago, probably in India, where the clade still persists. One of the most common clades spread from Russia or China around 1,000 years ago, but did not arrive in the Americas until within the last 500 years, suggesting it was taken there by European colonialists. Contemporary art shows conquistadors used dogs both for protection and as a source of food. The disease arrived in Australia around the turn of the 20th century, most likely among dogs accompanying European settlers. Yet the study also found an exceptional dog in Nicaragua in which its tumour had not just mingled with some mitochondrial DNA from its canine host but actually spliced the two sequences together. This so-called ""recombination"" of DNA in mitochondria is extremely unusual. It could be happening on a much wider scale, the researchers believe, perhaps even in human cancers, where it would be much more difficult to detect because the tumour’s mitochondrial DNA is likely to be very similar to the mitochondrial DNA in the patient’s normal cells. It is not yet known what the significance of mitochondrial DNA recombination in cancer could be. But it might be that the genetic changes it bestows somehow help cancer cells. If so, blocking the process could provide another way to fight the disease. That would be one more debt man owes to his dogs.",Human,news
FBI offers reward for California serial killer in cold case,"The Federal Bureau of Investigation on Wednesday offered a $50,000 reward for help in apprehending a serial killer suspected of 12 slayings and 45 rapes in California, in a 40-year-old cold case. The unidentified man, who would now be between ages 60 and 75 years old, carried out his attacks between 1976 and 1986 throughout California and is considered one of the state’s most prolific serial killers, according to the FBI. Officials described him as a white male, about 5 feet, 10 inches tall with blond or light brown hair. Investigators have dubbed him the East Area Rapist and the Golden State Killer. He was adept at using firearms and was known to sneak into a house and confront sleeping couples in bed, shining a flashlight in their eyes before raping the woman while the man was tied up, according to the FBI. On occasion, he would kill the couple. Other times, he attacked women alone at home or with their children. ""There is a likelihood that he is alive and certainly if he is we would like to get some justice for the victims,"" FBI spokeswoman Gina Swankie said in a phone interview. The first crime investigators attributed to the man was a rape in the Sacramento area on June 18, 1976, nearly 40 years ago. ""It’s an ideal time to refresh everyone’s memories and try to get this reward to encourage people to come forward with information,"" Swankie said. Between 1976 and 1978, he carried out burglaries, rapes and killings in the Sacramento area, then centered his attacks on the eastern region of the San Francisco Bay Area in 1979, the FBI said in a statement announcing the reward. Over the next two years, he killed several people along the California Coast, the FBI said. After a 1981 slaying in the Southern California community of Irvine he appears to have stopped until 1986, when he struck again in Irvine, raping and killing a teenager, the FBI statement said. That was the last attack. Investigators have linked him to 12 slayings and 45 rapes based on DNA evidence and his chillingly unique methods, Swankie said. The killer also burglarized homes and took valuables from victims while they were bound, accumulating a trove of coins and jewelry, which led the FBI in their announcement to ask people to alert it if they discovered a ""hidden collection of items"" belonging to a friend or relative.",Human,news
Emma Thompson on Beauty and the Beasts Success,"Disney’s live-action Beauty and the Beast adaptation remains the biggest movie released in 2017, with more than $1.26 billion in global ticket sales. But did the Emma Watson film’s success surprise even the Beauty and the Beast cast? Don’t bet on it. Speaking to Entertainment Weekly, PEOPLE, and InStyle at the Toronto International Film Festival on Saturday, Emma Thompson and Stanley Tucci laughed at the prospect of Beauty and the Beast being anything other than a hit. ""I wasn’t surprised at all,"" Tucci, who plays Maestro Cadenza in the film, said with a laugh. Added Thompson, who played Mrs. Potts in the feature, ""It’s a very popular property, isn’t it? Ancient fairy tale that has been told for hundreds and hundreds of years."" Of her part, Thompson joked, ""It was fun playing furniture and crockery."" Starring Emma Watson as Belle and Dan Stevens as the Beast, Beauty and the Beast was released in March. The musical is a remake of Disney’s famed 1991 animated classic, which was a best picture nominee. Thompson and Tucci reunite onscreen in the new film The Children Act, which is premiering at this year’s Toronto International Film Festival.",Human,news
A Tupac documentary is coming from 12 Years a Slave director Steve McQueen,"Steve McQueen is set to direct a new documentary exploring the life of Tupac Shakur, after the late rapper’s estate agreed a deal to bring his story to the big screen. McQueen, whose 12 Years a Slave won the 2014 Oscar for Best Picture, will work with producers including Jayson Jackson and White Horse Pictures’ Nigel Sinclair on the movie, which doesn’t yet have a set title. Shakur Estate trustee Tom Whalley will also produce, but there’s an even more direct family connection, too. Tupac’s aunt, Gloria Cox, will serve as executive producer, and the deal was struck with Amaru Entertainment — the company set up by Tupac’s late mother, Afeni. Afeni Shakur had reportedly attempted to get a documentary about her son off the ground until her death in 2016. McQueen’s pedigree means that the planned movie wasn’t likely to be a pure puff piece anyway, but Shakur’s family also say they don’t want to misrepresent the rapper, who died at 25. ""Our goal has always been to tell the true story, which has never been done before in such a complete way,"" his aunt told Rolling Stone. ""My sister always said to me, 'We are not in the business of defending Tupac. Our job is to allow him to be seen in the most complete way, so his actions, his choices, and his words will allow him to speak for himself.' I believe this film will do exactly that."" In a statement, McQueen said that he was ""extremely moved and excited to be exploring the life and times of this legendary artist."" The director attended NYU film school as a younger man, and says the experience gave him a connection to both the growing world of hip-hop, and Shakur himself through a mutual friend. ""Few, if any shined brighter than Tupac Shakur,"" McQueen said. ""I look forward to working closely with his family to tell the unvarnished story of this talented man.""",Human,news
Birds with poor digestion are literally off colour - Mate choice,"THE vibrant hues of beautiful plumage are often borrowed. Flamingos, for example, owe their pinkness to chemicals called carotenoids that are made by bacteria known as blue-green algae. The birds, when feeding, both ingest these bacteria directly and consume small crustaceans that themselves subsist on such bacteria. Blue-footed boobies obtain their eponymous colour similarly, via the fish they eat. Carotenoids, though, are dual-use molecules. Besides being pigments, they also help to stimulate the immune system. If a bird is troubled by parasites or pathogens its immune system will thus use up some of its carotenoid stock defending against these interlopers, and its colour will suffer. If it is parasite-free, by contrast, most of the carotenoids it consumes will be used to create colour. This is a difference that potential mates notice and act on, as dozens of experiments have proved. But a study just published in Naturwissenschaften has gone beyond these observations and shown that bright plumage is also an indicator of a healthy digestive system. Upgrade your inbox and get our Daily Dispatch and Editor's Picks. Wild animals live in a world of constant food scarcity. Squeezing every last calorie and nutrient molecule from what they eat is crucial to their survival. Since carotenoids are obtained as part of this digestive process, Tuul Sepp of Arizona State University and her colleagues wondered if plumage brilliance might therefore be a reliable signal of the efficiency with which a bird extracts goodness from its food. To assess that she turned to a test called the ""acid steatocrit"". This involves collecting an animal’s faeces, mixing them with perchloric acid to liberate the fat molecules within, centrifuging the mixture and then measuring the thickness of the fatty layer which has accumulated at the top. The thinner this layer, the more efficiently the animal in question has been digesting any fats it has eaten. Since most carotenoids are bound to fatty molecules called lipoproteins, Dr Sepp reasoned that those birds which the test suggests are collecting fats efficiently from their food will also be brightly coloured. To investigate this idea, she and her colleagues collected 36 male house finches—birds known for having brilliant red breasts. They photographed their captives and held them in cages for a short time, in order to collect some faeces from each. They then ran the images of the birds’ breasts through a computer to analyse how red they were, and studied a sample of each bird’s faeces using the acid steatocrit test. The result was that there is indeed a correlation between the brilliance of a bird’s breast and the efficiency of its fat digestion. If Dr Sepp’s computer can see this, it seems likely female house finches can, too—and will thus have yet another reason to pick the mates with the prettiest plumage.",Human,news
Tom Holland Was Nervous to Workout with Jake Gyllenhaal,"Tom Holland and Jake Gyllenhaal have a serious bromance going on, but you won’t see them in the gym together anytime soon. The actors, who share the big screen together in Spider-Man: Far From Home, have developed a close friendship, but as Holland, 23, revealed on The Late Show with Stephen Colbert on Monday, one workout with Gyllenhaal, 38, was enough. Gyllenhaal pushed an apprehensive Holland into working out together. ""I have to be honest, I didn’t want to go, because Jake Gyllenhaal is ripped,"" Holland told Stephen Colbert. ""And I’m really competitive, I’m not Jake Gyllenhaal, he’s a big guy."" Still, Holland joined Gyllenhaal for a workout while they were doing press in China. ""We start working out, we’re doing ab exercises and leg exercises, and then he turns to me and he goes ‘Tom, do you want to hop on the treadmill and warm up?’ "" Holland recalled. ""And I’m like, ‘Warm up? I’m roasting mate, I’m finished.’ "" But at Gyllenhaal’s request, they ran a mile, and a newly confident Holland insisted they bump up to two miles. ""I’m like, ‘A mile? What are we, pressed for time? C’mon, let’s do two.’ So immediately I am regretting suggesting doing two miles,"" Holland told Colbert. ""And there’s, like, a law in the gym that you can’t run slower than the guy next to you. You just can’t. So I’m running next to him, two minutes in I’ve got a stitch, I’m wishing everything was over. But there’s nothing that’s going to get me off of this treadmill. I will beat Jake Gyllenhaal in this race."" Gyllenhaal kept pushing Holland to up the incline, and the young actor pretended to be on board. ""He’s like, ‘Let’s do 3.5 ,’ and I’m like, ‘Dude, let’s do 4! Why 3.5? Why stop there?’ "" Holland said. However, the intense workout soon caught up with Holland. While doing press for the Marvel film later that day, he struggled to even walk, to the point where other people were noticing — but it made for a solid joke. ""Genuinely, I’m sitting there and a journalist goes, ‘What’s wrong with you?&apos"" Holland said. ""I said, ‘Well, I do all of my own stunts.’ "" Holland and Gyllenhaal have been traveling the world together for their press tour for Spider-Man: Far From Home, and have formed a tight bond in the process. Earlier this month, Gyllenhaal had high compliments for the British actor while on The Ellen Degeneres Show.  ""Who is the sexiest Avenger?"" Degeneres asked him, to which he quickly replied, ""Spider-Man,"" referring to his costar Holland. Spider-Man: Far From Home — which also stars Zendaya, Cobie Smulders, and Samuel L. Jackson — is in theaters July 2.",Human,news
Chris Stapleton scores big at Country Music awards,"Chris Stapleton, in his breakthrough year, took home more hardware at the Academy of Country Music Awards on Sunday, winning Male Vocalist of the Year, Album of the Year with ""Traveller"" and Song of the Year with ""Nobody to Blame."" Before success on his own, the bearded, Kentucky-born singer wrote or co-wrote six number one hits for some of country’s biggest stars. His 2015 debut studio album ""Traveller"" also won a Grammy Award earlier this year for Best Country Album.. ""Thank you everybody and thank you for being so kind to me,"" he said after winning best male vocalist. In other major awards, Jason Aldean won Entertainer of the Year. Miranda Lambert won the Female Vocalist of the Year Award and took the stage to perform ""Tush"" with Keith Urban and ZZ Top’s Billy Gibbons. The Country Music awards show held in Las Vegas got off to a raucous start with co-host Luke Bryan performing ""Huntin’, Fishin’ And Lovin’ Every Day."" He was later joined on stage by Blake Shelton, with whom he had co-hosted the awards since 2013. This year, Shelton was replaced by Dierks Bentley. When Bentley came on stage with Bryan, Shelton joined in and said: ""Good luck tonight boys."" He then turned to Bryan and said, ""You’re a dumbass."" Bentley and Bryan then joked about how everyone in Nashville wanted to take credit for Stapleton’s success. Country music legend Dolly Parton also took to the stage to perform a melody of ""Coat of Many Colors,"" ""Jolene"" and ""9 to 5"" with pop music giant Katy Perry. Eric Church, in a performance of his song ""Record Year,"" paid tribute to musicians who died in the past year including David Bowie, Stone Temple Pilots vocalist Scott Weiland, Motorhead bass player Lemmy and Eagles guitarist and vocalist Glenn Frey. Kelsea Ballerini won the New Female Vocalist of the Year award. Thomas Rhett won Single Record of the Year with the song ""Die a Happy Man."" Florida Georgia Line won the Vocal Duo of the Year while Little Big Town won Vocal Group of the Year.",Human,news
Texas Police Find 30 People Injured and 8 Dead in Trailer,"Police found eight people dead and 30 others suffering from injuries inside a semi truck’s trailer in a Walmart parking lot in San Antonio, Texas, early Sunday morning, according to multiple reports. Two more people later died in a hospital. In what officials are describing as a possible human trafficking crime, authorities said a Walmart employee called the police after a person who appeared to be distressed asked for water, KENS5 reported. The person also reportedly told the employee that there were people inside a trailer who needed help. When police arrived on the scene around 12:30 a.m. Sunday, they searched the trailer and found people with varying injuries. Firefighters, at least 29 fire units and two AirLIFE choppers responded to the scene, KENS5 reported. The driver has reportedly been detained. Police said 17 victims were taken to University Hospital and San Antonio Military Medical Center with life-threatening injuries. Those with non-life threatening injuries were taken to five other area hospitals, KENS5 reported. Eight victims were pronounced dead at the scene and officials said all of those found dead are believed to have died as a result of heat exposure/asphyxiation, KENS5 reported. The four youngest victims range in age from 10 to 17-years-old. At least one of them is in serious condition. A U.S. official says the death toll from people found in the back of a sweltering tractor-trailer in the parking lot of a San Antonio Walmart has risen to 10. Thomas Homan, acting director of U.S. Immigration and Customs Enforcement, told The Associated Press that two people later died in a hospital. Homan also said that there may have been up to 100 people in the truck. Authorities believe this was a smuggling attempt and San Antonio police say that U.S. Immigrant and Customs Enforcement agents were also called to the scene, KENS5 reported. The driver of the truck was arrested and could face federal and state charges, ABC News reports. San Antonio Police Chief William McManus said they are still investigating where the truck came from. A surveillance video shows a number of vehicles entering the parking lot to pick ""up lots of folks that were in that trailer that survived the trip,"" McManus told ABC News. ""We’re looking at a human trafficking crime here,"" McManus said. The truck reportedly had no working air-conditioning, and temperatures topped 100-degrees Fahrenheit, ABC News reported. San Antonio Fire Chief Charles Hood said that after the trailer was discovered, a ""mass casualty incident"" was called. Hood also said that some of those with injuries related to heat stroke may result in brain damage, reported. ""With heat strokes or heat injuries, a lot of them are going to have some irreversible brain damage,"" Hood said. The San Antonio Police Department did not respond to a request for comment.    ",Human,news
Dispute between Kurds and Iraqi government escalates in Kirkuk,"After Iraqi forces moved in to oil-rich Kirkuk over the weekend, Kurds have started fleeing the disputed area, some heading for the Kurdish capital of Erbil, 60 miles to the north, per NPR. Prime Minister Haidar al-Abadi said it was necessary to send in troops to ""protect the unity of the country, which was in danger of partition""— this comes about a month after Kurds voted overwhelmingly for independence, a vote al-Abadi said was unconstitutional. The U.S. factor: The U.S. supports both the Kurdish forces, the Peshmerga, and Iraqi government forces in the fight against ISIS, and has provided both sides with weapons. The U.S., like Baghdad, opposed the Kurdish referendum vote and today the U.S. Embassy in Baghdad stuck to the State Department line, urging all parties to remember ""ISIS remains the true enemy of Iraq."" Big picture: Recall, the Peshmerga took over Kirkuk in 2014 after ISIS knocked out the Iraqi army in the area. The latest developments indicate that areas captured from ISIS are ripe for conflict over territorial control, per the BBC's Jonathan Marcus. Baghdad can say it's returning things to the way they were before ISIS, but the Kurds can claim majority support. What's happening: Iraqi forces have moved into airports, a military base, and into major oil fields near the city. Kurdish party headquarters have been abandoned. Kurdish officials said the Iraqi army had launched a ""major, multi-prong attack,"" reporting clashes on the outskirts of the city, including burnt houses and ""lots of casualties,"" per Peshmerga spokesman Brig Gen Bahzad Ahmed, although the BBC notes the account couldn't be verified. Peshmerga general command said Abadi's government ""should pay a heavy price"" for its behavior. The Iraqi government claimed the PKK, Turkey's Kurdish insurgents, had arrived in Kirkuk, and said that would be tantamount to war, per the AP.",Human,news
Megan Hilty Is Looking Forward to Her Second Baby,"Broadway star Megan Hilty is pregnant with her second child — a little boy! And the thing she’s looking forward to most when baby number two arrives has everything to do with her firstborn. ""I’m really excited to see our daughter as a big sister,"" Hilty, 35, tells PEOPLE of her 2-year-old little girl Viola Philomena with husband Brian Gallagher. ""I think she’s gonna be a great big sister. I’m really excited about that,"" continues the actress and singer, whose new holiday album A Merry Little Christmas is available now. Hilty and her musician husband announced their second baby on the way in September, with a hilarious Instagram announcement showing Gallagher ""drinking for two"" and Hilty ""eating for two."" ""We always have to do something silly,"" Hilty explains. ""We can’t take ourselves seriously at all."" She adds that she got the matching T-shirts from Zoey’s Attic. ""I thought they were amazing, and I was like, ‘We can take such a great picture with this.’ "" When asked what the family — known for their expressive holiday photos — has up their sleeve for this Christmas, Hilty admits their busy schedule has influenced their photo plans. ""This one, because we were moving and everything, it has a moving theme,"" she explains. ""So we’re surrounded by our actual boxes. The kid’s in a box, the dog’s in a box. Everybody’s wrapped in bubble wrap."" A Merry Little Christmas is available now on Amazon, iTunes and CD Baby.",Human,news
Shooting at California Synagogue during Passover celebration,"The FBI is assisting San Diego County police in the investigation into a shooting in Chabad of Poway Synagogue, which killed 1 woman and wounded 3 people Saturday. Details: Poway Mayor Steve Vaus said to MSNBC it's a ""hate crime."" County Sheriff William Gore said the only suspect is 19-year-old John Earnest. They're investigating reports of a link to an anti-Semitic online manifesto and his possible involvement in the arson and vandalism of a mosque in Escondido, Gore said. The backdrop: In an online post an hour before the synagogue shooting, a person identifying themselves as John Earnest, a nursing school student, claimed responsibility for the Escondido Mosque attack. The poster praised the New Zealand mosques massacre and the Tree of Life Synagogue, Pittsburgh, mass shooting. California State University, San Marcos, confirmed to AP there's a student fitting that description listed with them. The big picture: The shooting occurred about 11:30 am during a celebration on the final day of the Jewish holiday Passover. Gore said a man entered the synagogue and opened fire on worshippers with an AR-type assault weapon. An off-duty Border Patrol agent inside the synagogue shot at the suspect, failing to hit him but striking his car, he said. Rabbi Yisroel Goldstein was shot in the hand, and tried to calm the gunman afterward, according to MSNBC. He had surgery after suffering defensive wounds to his index fingers.  A 34-year-old man and a minor patient hit by shrapnel from bullets were being treated in hospital but ""doing well,"" Palomar Health said. Police said there were no known threats to religious gatherings, but officers would step up patrols at places of worship this weekend.",Human,news
Justin Timberlake's Son Was Inspiration Behind Album Name,"Fatherhood has changed everything for Justin Timberlake — including his music. The singer’s upcoming Man of the Woods is his first new album since welcoming son Silas Randall with wife Jessica Biel in April 2015, and the 2½-year-old served as an unexpected inspiration. Timberlake told Beats 1‘s Zane Lowe that he was talking with Pharrell Williams and Chad Hugo of N.E.R.D. about where to begin with the new music when they began to chat about parenthood. ""I named after my grandfather and my great-grandfather. My parents divorced when I was young, my grandfather was very much a father figure to me,"" he explained. ""But obviously, from two generations removed, just tough as nails, and like, ‘I don’t need to go to the doctor,’ "" adds Timberlake, 36, joking, ""And I’m like, ‘I need my ENT,’ you know."" Williams asked what the name ‘Silas’ meant, and Timberlake had to admit that he didn’t know. ""I literally just went on Google ‘the meaning of the name Silas,’ "" he shares. ""It sent me to this site and it said of Latin origin meaning ‘man of the woods.’ "" Timberlake adds, ""We were having all these discussions and he goes, ‘Man, you know what, that’s a really really good name for a song.’ And I was like, ‘That’s a really good name for an album.’ "" "" ‘Man of the Woods,’ the title track, was the first song we wrote for this album and the whole thing just took flight from there,"" he reveals. FROM PEOPLETV: Grammy News and Notes: Album of the Year Nominees The ""Filthy"" singer also feels that his upcoming album — which will be released Feb. 2, just days before he takes the stage for the Super Bowl LII halftime show — is deeply personal and shows how he’s matured since becoming a father. ""I talk about everything before Man of the Woods is aspiration and then Man of the Woods really is inspiration because when you have kids, all of a sudden you’re faced with your own childhood, good and bad,"" he explains. ""And, ‘Am I going to completely mess this kid up?’ "" Timberlake continues, ""I feel like the success of parenthood is feeling like I failed all day today, but I get to wake up tomorrow and do it again … and hopefully they turn out to be a good human being."" Man of the Woods drops Feb. 2, but is available for pre-order now.",Human,news
Shawn Mendes Says Anxiety Battle Inspired New Single 'In My Blood',"Shawn Mendes is back with new music and opening about his secret battle with anxiety. On Thursday, the Canadian pop star, 19, released his guitar-driven single, ""In My Blood."" ""It was kind of something that hit me within the last year. Before that, growing up, I was a pretty calm kid, super steady,"" Mendes told Beats 1’s Zane Lowe. ""I knew people who had suffered from anxiety and found it kind of hard to understand, but then when it hits you, you’re like, ‘Oh my God, what is this? This is crazy.’ That song is complete truth and the best thing about it is, it’s not all down. The whole reason I wrote this song was to be like, at the end, ‘It’s not in my blood to do that.’"" After rising to fame on the now-defunct social media platform Vine, Mendes released his debut album, Handwritten, in 2015. His breakout single ""Stitches"" hit the Billboard Top 40, and his sophomore record, Illuminate, launched him from pop heartthrob to celebrated singer-songwriter. The newfound fame fueled his anxiety — but he’s doing all right today. ""Every time I play that song for someone, I go, ‘Just so you know, I’m okay. Don’t worry about me, I promise, I’m okay,&apos"" he said in the Beats 1 interview. ""But I walked in and I was like, the only way we’re going to step up — regardless of my singing or the ways the melodies are or production — the only way things are going to get better is if it’s more honest. And that’s why I started with the whole, ‘laying on the bathroom floor.’ Like, how raw can we get? And let’s work back from there."" In a separate interview with SiriusXM, Mendes said his desire to top his chart-topping hits drove his new single. ""Day one, I went in and obviously, after the success of ‘Holding Me Back’ and ‘Treat You Better’ and ‘Stitches’ and ‘Mercy’: How do I surpass those?"" Mendes told SiriusXM Hits 1. ""For me, the only way I musically am going to get past those is if I can be honest, as honest as I possibly can. I got super vulnerable, wrote exactly what I was thinking at the time."" During a private album listening in New York City, just ahead the song’s release, Mendes said he wrote ""In My Blood"" just after watching Kings of Leon, one of his favorite bands, perform on tour in Europe. Watching from just off stage, he’d gotten to see how hits like ""Sex of Fire"" moved the crowd and said he went into the studio, determined to make something similarly anthemic. ""In My Blood"" is the first single off Mendes’s upcoming third LP.",Human,news
Grassley urges Trump to pull out of NAFTA if Democrats resist new deal,"Sen. Chuck Grassley told reporters Wednesday that President Trump should ""pull out"" of NAFTA if the Democrat-controlled House doesn't support the renegotiated trade deal signed by the U.S., Mexico and Canada last November.  Between the lines, via Axios' Caitlin Owens: As the new chair of the Senate Finance Committee, Grassley will be responsible for shepherding the deal through the Senate. Withdrawing from NAFTA would be seen as the ultimate way to force the Democrats' hand when it comes to approving the trade deal, but it's a risky move. If Democrats don't fold and there ends up being no trade agreement with Canada and Mexico, the result would be complete economic chaos. Background: The revised deal, known as the United States-Mexico-Canada Agreement, still has to be approved by Congress and the Canadian and Mexican legislatures. USMCA contains modest changes from NAFTA, but Trump sees it as a major win after promising on the campaign trail to get rid of what he called the ""single worst trade deal ever approved."" But as the New York Times notes, House Democrats aren't likely to want to ""sign off on any deal that does not include significant changes that labor leaders and newly elected progressives are demanding. That could involve reopening negotiations with Mexico, although American and Mexican negotiators have both publicly ruled out that possibility."" ",Human,news
F1 will start racing with partially closed cockpits in 2017,"Formula One cars will have partially closed cockpits starting in 2017, confirming weeks of rumors about the change. The Fédération Internationale de l'Automobile, which runs the popular open-wheel racing series, announced the news today in a statement. The change will be made as a part of a bigger overhaul of the design of F1 cars scheduled to take place before the 2017 season, which the series does every few years. The new cars won't, however, use the fully closed cockpit or ""canopy"" design that it tested a few years ago. The cockpits will be partially closed off — though the FIA has yet to decide on a specific design. The ""Halo"" concept, created by Mercedes, is the leading choice ""All stakeholders are working together to make this a reality, with the 'Halo' concept currently the preferred option,"" the FIA's statement reads. ""Other options, such as transparent cockpit protection, will continue to be evaluated."" The halo concept leaked in the summer of 2015, just a few days after IndyCar driver Justin Wilson lost his life during a race when his head was struck by debris. It was originally conceptualized by Mercedes-Benz Motorsports, but the FIA took over the development process and began a round of testing in the fall. Other designs were reportedly tested, and the Red Bull Racing team also submitted its own similar design proposal last week.  The move has reportedly received a large amount of support from the Grand Prix Drivers' Association, a union that represents a number of F1 drivers. GPDA chairman Alex Wurz told Motorport.com last month that both ""experts and drivers agree that the halo should come in"" as long as the costs aren't too high. A number of drivers across racing disciplines have voiced support in the past, with the most recent example being Red Bull Racing driver Daniel Ricciardo. Not everyone is on board with the change, however. Driver Nico Hulkenberg recently told Motorsport.com that he thinks single-seater racing should remain an open cockpit sport. Closing cockpits is a divisive issue Jay Frye, the competition director for IndyCar, told Racer.com in January that the series is working on a closed cockpit solution as well. But issues like costs — which matters more in more budget-conscious series like IndyCar — means that implementation would likely be years away. IndyCar CEO Mark Miles went one step further when he spoke to the Motorsport Safety Foundation earlier this month. Miles said the series is ""working extensively with an unidentified international company"" but that no decision on materials or design has been made. ""It's not going to happen this year, for sure, and it's still too soon to say whether they'd be ready for 2017 or 2018,"" Miles told MSF. ""But we're pretty confident that it can be developed.""",Human,news
"In Greenland, some suggest the unthinkable - rejoin the EU","Three decades after Greenland exited what is now the European Union, some of its politicians and business leaders say the vast Arctic territory should consider rejoining because of its slowness to diversify the economy away from fish. Britain’s referendum on June 23 about whether to stay in or quit the EU has revived debate about the future of Greenland, which in 1985 became the only member so far to leave after a 53-47 percent referendum vote. A collapse in global commodity prices has put on hold Greenland’s hopes of enticing billions of dollars of foreign investment from China and other nations to bolster its economy with projects such as in gold, rare earths, iron ore and oil. ""We should at least look into the option of rejoining,"" said Michael Rosing, a member of parliament for the Democrats, a junior member of the ruling coalition with four of 31 seats in parliament. Rosing said EU membership might be the best way to entice investment, for instance in infrastructure for ports and airports, as a step towards diversifying the fish-dependent economy of 56,000 people. Greenland is a part of the Kingdom of Denmark with self-government over domestic affairs while leaving defense and foreign policy to Copenhagen. It is one of 25 overseas countries and territories, including the Cayman Islands and French Polynesia, that have partnerships with the EU without being members. Greenlanders still have one foot in the EU because they are all citizens of Denmark despite pulling out of the European Community, the EU’s forerunner. The North Atlantic island uses the Danish crown and has free trade with the EU under a treaty which, crucially for Greenland, gave it control of fishing grounds rich in prawns and halibut. Fisheries still account for about 90 percent of exports. Prime Minister Kim Kielsen and many Greenlanders want even more distance to the EU by seeking full independence from Denmark, a process he says will be achieved by ""future generations"" after an expansion of the economy into new areas such as mining, industry and tourism. ""The current situation is good,"" Kielsen said of ties to the European Union. ""We have a very good partnership with the EU currently in terms of education, fisheries and research."" Henrik Leth, chairman of Greenland’s biggest private company Polar Seafood and of the Danish Business Association, said a planned U.S.-EU free trade agreement could erase Greenland’s advantage of duty free access to the EU. ""What was worth a lot in 1985 is going to gradually disappear,"" he said. ""We have to investigate whether it would be a good thing to join the EU."" European Commission sources played down the threat of the U.S.-EU trade deal, saying Greenland exports prawns to the EU worth more than 450 million euros a year. By contrast, the EU buys U.S. prawns worth just 1 million euros. Greenland’s KNAPK association of fishermen and hunters opposes talk of rejoining, fearing Brussels would demand access to fishing grounds and oppose its hunts of seals and whales. ""We will rule our own waters,"" said Tonnes Berthelsen, deputy head of KNAPK. Ditte Sorknaes, chief executive of the Great Greenland company which produces seal skins used in everything from shoes to jackets, says exports to Europe have been hard hit by a plunge in demand linked to allegations of cruelty toward seals. ""Without a doubt it would have been easier"" to put Greenland’s case if it were in the EU, she said. The European Union provides about 31 million euros a year to Greenland, mainly to promote education, and 16 million euros a year to help develop fisheries. Since breaking from the EU, Greenland has relied heavily on cash from Denmark, currently a grant of 3.6 billion crowns a year. Alistair Scrutton/Mark Heinrich",Human,news
Why the universe glows,"For the first time, scientists have identified a complex molecule in a distant part of the solar system, according to research published Thursday in the journal Science. The find brings scientists closer to solving a 30 year old astronomical mystery. Why it matters: The researchers identified benzonitrile, a molecule made of carbon, hydrogen and nitrogen, which is thought to be a building block for two other types of molecules that are possible precursors for life on Earth. By finding it — and developing a technique precise enough to identify specific molecules in distant space — scientists are closer to understanding the types of material that may form planets and the composition of our universe. The mystery: 30 years ago, scientists saw bands of infrared light in many places in interstellar space that couldn’t be explained. They suspected large groups of two molecules — polycyclic aromatic nitrogen heterocyles and polycyclic aromatic hydrocarbons — could be responsible. By one estimate, 20% of the carbon in the universe is bound up in a PAH. On Earth, they’re considered a carcinogen, and are produced when things burn — like fossil fuels. Both PAH and PANH are potential precursors to life on Earth but are extremely hard to find in interstellar space so researchers instead chose to hunt for its precursor benzonitrile. Identifying it brings them closer to solving that mystery. Additionally, Brett McGuire and his team at the National Radio Astronomy Observatory  noted that benzonitrile could, itself, be involved in the creation of the mysterious infrared bands. "" can form the seeds for interstellar dust. This dust eventually forms rings and planets,"" McGuire said in a press conference. Additionally, they contain carbon and hydrogen, which are essential for life. When exposed to radiation, they could break down to form life's building blocks, said McGuire. How they did it:  The study authors pointed the Green Bank Telescope at a distant molecular cloud in the Taurus region, and precisely measured the wavelengths the telescope absorbed. They were able to identify a number of molecules, including benzonitrile. Then, they performed a series of lab experiments to confirm that benzonitrile does, indeed, produce the wavelengths seen in Taurus. One cool thing: Aromatic molecules aren’t called that because of what they smell like, but for the type of bonds they form. BUT: for the curious, benzonitrile smells like almonds.",Human,news
Worried UK employers call for changes to proposed immigration reform,"A coalition of British industry groups and education bodies, worried by the prospect of Brexit worsening skills and labour shortages, has called for the next prime minister to relax proposed reforms of the immigration system. The #FullStrength campaign said on Wednesday it had written to both Boris Johnson, frontrunner to be the next leader of the Conservative Party and prime minister, and his rival, foreign minister Jeremy Hunt, calling for the government they would lead to lower the salary threshold proposed in draft immigration legislation from 30,000 pounds to 20,000. In December, Britain set out in a policy paper the biggest overhaul of its immigration policy in decades, ending special treatment for European Union nationals. Concern about the social and economic impact of immigration helped drive Britain’s 2016 referendum vote to leave the EU. #FullStrength brings together bodies including London First, techUK, the British Retail Consortium, the Recruitment & Employment Confederation, UKHospitality, the Federation of Master Builders and Universities UK. Collectively they represent tens of thousands of businesses and employ millions of workers across all sectors and regions of Britain. Their joint letter said more than 60% of all jobs in the UK currently fall under the proposed 30,000-pound salary threshold, highlighting the risk in setting the future level too high for vital services such as health and social care. The coalition also wants the government to extend the temporary work route for overseas workers from one year to two years, revise the sponsorship model to make it easier for firms of all sizes to bring in the overseas talent they need, and reinstate the two-year, post-study visa for international students to work in Britain post-graduation. ""Without the ability to access international talent, many of our world-class sectors are at significant risk,"" the joint letter said. ""As the UK prepares to leave the EU in the near future, it is imperative that the government puts in place measures that will avoid employers facing a cliff-edge in recruitment, and works towards building a successful economy that is open and attractive."" Johnson has pledged that Britain will leave the EU with or without a transition deal on Oct. 31 if he becomes prime minister, while Hunt has said that he would, if absolutely necessary, go for a no-deal Brexit.",Human,news
Vitamin D and Fish Oil Supplements Do Not Lower Rates of Cancer,"Sorry to break it to you, but your trusty vitamin D and fish oil supplements probably aren’t going to prevent you from developing cancer or heart problems. That’s according to a large, highly anticipated study called VITAL — a Vitamin D and Omega-3 Trial — published in the New England Journal of Medicine and presented at this year’s American Heart Association Scientific Sessions. Given the popularity of these supplements, researchers have been eager to know their true benefits — and it’s not looking great. Among nearly 26,000 healthy adults followed for around five years, supplementing with vitamin D or with fish oil did not lower cancer diagnoses or cardiovascular events defined as strokes, heart attacks or deaths from heart disease — compared to taking a placebo. The study participants — men age 50 and older and women 55 and up — took 2,000 international units of vitamin D and 1 gram per day of omega-3 fatty acids. VITAL is considered the largest such study of vitamin D and the only one like it around fish oil. However, it’s not all bad news for vitamin D and fish oil. In people taking vitamin D supplements for at least two years, researchers found a 25% lower chance of death from cancer. And while fish oil didn’t reduce the rate of all those serious heart problems combined, it did seem to lower a person’s chance of a heart attack, specifically. That reduction was even higher in people who don’t get as much fish in their diets and in African-Americans. ""If this finding is confirmed and replicated, it may point to a very promising approach to reducing coronary risk among African-Americans,"" lead author JoAnn Manson, MD, DrPH, chief of the division of preventive medicine at Brigham and Women’s Hospital in Boston, said in a statement. ""We plan to follow these participants for the next several years to see if this signal becomes stronger."" These so-called ""secondary end points"" in the scientific world will need to be researched more rigorously in studies specifically designed to tease out more details and should be interpreted with ""caution,"" according to an editorial published alongside the new study. Manson and her co-authors write that they plans to publish more results examining how the supplements may affect autoimmune disorders, diabetes, cognition and other specific conditions. The researchers point out that there were no serious adverse events in the study, meaning there’s likely no major danger in continuing to take vitamin D or fish oil if you already do. Of course, vitamin D is still important for bone health — but keep in mind that what classifies as ""adequate"" or ""deficient"" vitamin D levels is still up for debate, and you may be getting plenty without supplements. Complicating matters more is another study also published in the NEJM and presented at the AHA meeting. This study, named REDUCE-IT, found that people taking a 4-gram daily dose of a prescription drug made from a derivative of an omega-3 fatty acid did benefit from a lower risk of serious cardiovascular problems compared to people given a placebo. However, STAT News reported, because of a concern that the mineral oil in the placebo pill could have caused heart problems, the benefit to heart health may not be as impressive as it initially seemed. As for what does help lower your risk for heart problems and cancer, make sure you’re eating a balanced, nutritious diet, getting plenty of exercise, and maintaining a healthy weight. And if you smoke, quitting can help reduce your risk of both heart disease and cancer.",Human,news
Web-based therapy relieves insomnia,"Web-based therapy for insomnia is an effective option that could reach ""previously unimaginable numbers of people,"" researchers suggest. Although cognitive behavior therapy for insomnia is the first-line treatment for adults with chronic insomnia, there aren’t enough trained clinicians to deliver the treatment, according to Dr. Lee Ritterband of the University of Virginia School of Medicine in Charlottesville and colleagues. To investigate whether web-based CBT-I is effective over the long term and might enable more people to benefit, the team randomly assigned 303 adults with chronic insomnia to a six-week automated, interactive and tailored web-based program or an online, nontailored patient education program about insomnia. To be included in the study, participants had to take more than half an hour to fall asleep at the beginning of the night or be awake for more than half an hour after initially falling asleep at least three nights per week for at least six months; average 6.5 hours or less sleep time nightly; and experience significant stress or impaired functioning due to sleep disturbances. About half of participants also had at least one medical or psychiatric condition. Most of the participants - 77 in the SHUTi group and 69 in the patient education group - had taken a sleep aid at least once. The research team reports in JAMA Psychiatry that SHUTi was significantly more effective than the patient education program with respect to insomnia severity, delay until sleep onset and time awake after sleep onset. By one year, insomnia was no longer a problem for 57 percent of SHUTi participants versus 27 percent of those receiving education. In addition, 70 percent of SHUTi participants had seen at least some improvement, compared to 43 percent of participants who received education. Ritterband told Reuters Health that the online intervention is not intended to replace face-to-face CBT-I, ""but rather to expand the availability and access to meet the needs of the millions of people."" ""Internet interventions are not for everyone . . . Those who prefer face-to-face therapy can still have that as a possibility if available, but those who are interested in a web-based program, or who do not otherwise have access to a CBT-I specialist in their region, could now have an option,"" he said by email. ""Given the high prevalence of insomnia and its costly impact, from both a personal and economic perspective, it is critical that we continue to develop and evaluate methods of care that can make a meaningful public health impact,"" he concluded. Dr. Aric Prather of the University of California, San Francisco, coauthor of an accompanying editorial, told Reuters Health, ""This study provides the strongest evidence to date that web-based CBT-I is efficacious for treating patients with insomnia, including those with some psychiatric and medical comorbidities. These findings further highlight how technology can help scale the disseminations of needed interventions."" ""There is often a misplaced concern that the Internet will replace the skilled clinician,"" he said by email. ""While web-based therapies, including SHUTi, will certainly increase the swath of individuals who receive treatment, there will likely always be a need for skilled therapists to meet the needs of patients who prefer face-to-face encounters or present with complex cases that require personalized care."" Dr. Shelby Harris, director, Behavioral Sleep Medicine at the Sleep-Wake Disorders Center at Montefiore Hospital in New York City, pointed out that the authors of the study made sure in advance that participants did not have any untreated sleep disorders. ""Given that sleep apnea is extremely common,"" she told Reuters Health by email, ""it is important that patients make sure that any other sleep disorders are thoroughly evaluated by a sleep physician."" Harris concluded, ""Early treatment is best, so this is a great resource for patients initially struggling with insomnia who may first present to a primary care office."" Ritterband and three coauthors have equity ownership in BeHealth Solutions, which licensed the SHUTi program and platform from the University of Virginia. ",Human,news
Solar storms have the potential to wreak havoc on our modern world,"The upcoming 11-year solar cycle, which kicks off in 2020, is forecast to be quieter than the last but that doesn’t mean we should be complacent about solar storms, experts say. Why it matters: Although rare, an extreme coronal mass ejection — a large burst of plasma sent out by the Sun — could cause a months-long blackout, harm satellites and cause billions in damage. ""If you do enough damage with a solar storm, then you start to take out the basic fabric of society,"" solar physicist Scott McIntosh told Axios. Space weather can also pose a danger for astronauts in space. The big picture: Even during relatively calm solar cycles, the Sun can assert itself in ways that could affect everything from GPS reliability to whether the lights stay on in your home. ""The fundamental challenge for us really is that the physics is so complex, that we don't have a full understanding of the science of space weather,"" NASA solar scientist Antti Pulkkinen told Axios. Once a CME is detected by a fleet of satellites tracking the Sun, it takes anywhere from 18 hours to a couple of days for a CME to arrive in Earth's part of space. It's happened before: Perhaps the most extreme example of a damaging solar storm occurred in 1859, when a huge CME hit Earth, lighting telegraph lines on fire and creating auroras that could be seen almost everywhere on the planet. If our modern world were hit with a CME of that strength, the results would be far more costly and damaging than they were in the 1800s. Details: Beyond satellites in space, experts are worried about the stability of critical infrastructure on the ground if a major CME were to impact our planet. Utility operators can take certain parts of their systems offline if a big solar storm is detected and the electric grid is considered vulnerable. However, utilities are still researching what exactly should be done in order to best protect the grid. But, but, but: It would take a minimum of $3 billion to gird vulnerable transformers against the danger posed by these types of storms, according to Thomas Popik of the Foundation for Resilient Societies, a non-profit focused on protecting society from natural and human-caused threats. What to watch: Last year, the Department of Energy established rules governing how emergency measures could be put in place to guard the grid against a storm. In March, the Trump administration released an action plan centered on characterizing the threats from solar storms and then finding ways of mitigating them. The bottom line: Because of the high stakes involved, some are calling for more rigorous legislation and regulation to make the U.S. more resilient. Popik and other experts hope utilities will install hardware to protect vulnerable transformers. ",Human,news
Disney's Frozen Melts Hearts on Broadway: Review,"Frozen fans nervous about Disney’s stage adaptation of the beloved 2013 movie can, pardon the pun, let it go. The new Broadway musical, which opened Thursday at New York City’s St. James Theatre, brings to life the sweet story — loosely based on the Hans Christian Andersen fairy tale The Snow Queen — in a faithful and fun production that is sure to melt your heart. It’s hard to remember, but when Frozen first hit cinemas five years ago, it was a revolution for Disney. The film not only returned the House of Mouse to the animation heights it last reached in the ’90s with hits like The Little Mermaid and Beauty and the Beast, it also presented something audiences hadn’t seen in a Disney movie before: two sister princesses, each fighting to find her own ""happily ever after"" without the help of any Prince Charmings. That story, penned by the film’s screenwriter and co-director Jennifer Lee, remains the same onstage. And though familiar, it comes across just as groundbreaking here as an audience full of kids and parents cheer on two strong female leads. Changes have been made, of course. Anna and Elsa are still polar-opposite siblings whose lives are turned into turmoil when Elsa unleashes her long-suppressed powers to manipulate ice and snow, placing their kingdom of Arendelle under a deep freeze. And Elsa still flees for sanctuary while her sister runs to help her. But with the stage making it impossible to recreate some of the movie’s more eye-catching action sequences, Lee has fleshed out some of the story’s key plot points with new scenes and reworked characters. It turns out those changes help Frozen feel more magical. Elsa’s isolation is far more understood, as is Anna’s frustration with being shut out from her life. Supporting characters like the ice-seller-next-door Kristoff and practical prince Hans are given more time to shine. Even Olaf gets a few new punchlines in. One potentially divisive change: The rock trolls are now mystical Hidden Folk, creatures from Scandinavian folklore summoned by a tribal chant. They’re explained in a way that feels woven into the story rather than added for exposition, though their glowing eyes, tattered clothes and floating tails might take some getting used to. Songwriters Kristen Anderson-Lopez and Robert Lopez’s beloved score has more than doubled, with 12 new songs blending seamlessly with favorites like ""Love Is an Open Door"" and ""For the First Time in Forever"". Elsa’s earth-shattering anthem ""Monster"" will have you questioning good vs. evil, while Anna’s 11 o’clock heartbreaker ""True Love"" will have you reaching for the tissues. The Act II opener ""Hygge"" might be the most risqué Disney has ever gotten in a musical, with villagers enjoying a ""nude"" trip to the spa. But really, Frozen comes down to two sparkling performances by Murin and Levy. Each actress seems born to play her role. Murin effortlessly conveys Anna’s sweetness and spunk, and the comedic brilliance she displays throughout gives Frozen some of its best moments. She’s easily the heart of the show. When singing, she’s bright and beautiful; when acting, earnest and endearing in every scene. Murin’s Anna isn’t just a hero you want to have on your side; she’s also someone you hope to be one day. Levy, meanwhile, does the seemingly impossible: she lets you feel every moment of Elsa’s sadness and fear without ever appearing weak. She’s a princess who is flawed, but no longer apologizing for those flaws, and Levy embodies that strength. And then there’s what she does with ""Let It Go."" When the first notes on the song start playing, a wave of anticipation rolls through the audience. By the time that note comes — accompanied by one of the most dazzling costume changes you’ll see on Broadway — it’ll take everything in your power not to jump for joy. If there is a crack in this ice castle, it would be that Frozen sometimes lacks the innovation seen in other Disney on Broadway offerings, like The Lion King, Aladdin, or even the now-closed Mary Poppins.  Still, director Michael Grandage does a respectable job of landing the massive property on its feet. And the gorgeous work done by his design team keep the production looking top-notch all the way through. By the time the snow falls from the sky during curtain call — and the two princesses stand center stage, hand-in-hand — it’s hard not to feel like you’ve just witnessed something very special. Frozen is now open on Broadway.",Human,news
Labeling genetically modified food makes people less panicky about it,"Labeling improved Vermonters’ opinions of genetically modified food, compared to elsewhere in the nation — even taking into account age and education, according to a study published in Science Advances. People who saw the labels were actually 19 percent less opposed to GMO foods, compared to people who didn’t see the labels at all. Vermont was compared to the rest of the nation because two years ago, the state passed a law requiring that all GMO food bear a label. Food manufacturers lobbied against the law, and some pulled their products from the state entirely — apparently out of concern that the labels would drive consumers away from genetically modified food. Scientific organizations, including the American Academy of Sciences, also opposed the labeling laws. A few weeks after the Vermont bill passed, the national legislature passed its own bill with a nationwide standard, discouraging other states from passing their own laws and turning Vermont into a perfect test subject. Would the labels scare people away from genetically modified food? The answer, it turns out, is no. ""There’s this assertion out there that technology will scare people away, but people actually want to know how their food is produced,"" said economist Jane Kolondinsky who led the study. ""This isn’t just about curiosity; it’s how people decide what to buy and eat."" To find how people decide, Kolodinsky, and fellow economist Jayson Lusk, sent phone surveys to more than different 7,800 residents in the years before and after Vermont’s labeling laws went into effect. In Vermont, people were asked if they supported or opposed GMOs, and elsewhere, respondents were asked how ""concerned"" they were about GMOs being hazardous to their health. Combining these results showed that Vermont residents were 19 percent less opposed to GMOs as a whole, in spite of the mandatory labeling. Combining new biotechnology with a lack of transparency makes for a ""perfect storm,"" Kolodinsky said, and food labeling gives people that are nervous about genetic modification the choice of whether to buy it. Comments on the proposed federal standards are still open until July 3rd. But there’s a chance that the clear-cut labeling that Vermonters saw won’t be implemented on the national scale. The USDA teased that they might change GMO labels to bioengineered, or BE instead. And it’s possible that instead of clear labels, the USDA might add QR codes or web URLs that customers need to scan or visit to find out whether their groceries are genetically modified. This type of label forces people to jump through hoops that they might not be willing, or able to jump through, according to Rutgers University psychologist Cara Cuite, who wasn’t involved in today’s study. More than half of senior citizens and 33 percent of low-income households don’t own smartphones — so a QR label is effectively ""almost like not having a label at all,"" she said. That may render these results irrelevant. So, too, would changing GMO labeling to BE labeling. Today’s study suggests that the trick to increasing consumer trust is just transparency, Kolodinsky said. So an effective label that reassures consumers is probably a simple one — something policymakers should keep in mind.           ",Human,news
The 'Harden Rule' Is The NBA Version of the NFL's Catch Rule Disaster,"Every once in a while, a player is so dominant at a certain aspect of basketball that the league has to change the rules. Wilt Chamberlain had the NBA changing rules all the time—most notably, they introduced goaltending and interference calls to dampen his dominance around the rim. Kareem Abdul-Jabbar was so good the NCAA actually outlawed dunking for a few years. Reggie Miller was so adept at drawing fouls on three-point attempts by kicking his feet out while shooting that the NBA decided to outlaw the move. Mark Jackson so often posted up defenders for increasingly boring periods of time that the league said anything longer than five seconds would result in a turnover. These rule changes are like badges of excellence for those who inspired them. Which leads us to James Harden, and the rule change the NBA made this summer to prevent him from executing one of his signature offensive moves. ""The Harden Rule"" states that an offensive player can no longer draw a foul by initiating contact, and that a player must be in the act of shooting to be attributed a shooting foul. Essentially, continuation is no longer guaranteed. If a player gets fouled but they are not clearly in the shooting motion, it will no longer be called as a shooting foul. What’s fascinating, however, is that this purposeful rule change hasn’t stopped Harden from continuing to utilize the rulebook in a favorable way. Despite his free-throw rate currently the lowest it’s been since his second year in the league, Harden—currently out with a hamstring injury—is still attempting 14.0 free throws per 100 possessions, the second most of his career. Most of his tactics continue to work, and all he’s had to do is simply speed up how fast he shoots the ball after drawing contact. The only effect the rule change has had on Harden is pissing him off on the occasions that it is not officiated consistently. Sometimes, as we see below, players are awarded shots after they’re hacked on the gather. DeMar DeRozan gathers the ball, gets hit on his first step, takes one more step, shoots, and is attributed the shooting foul. In the same game Pascal Siakam is ""hit"" following the first step after his gather. He takes one more step following the alleged foul and then shoots the ball. He does not get the shooting foul, however, and it is just called a common foul. The difference between these two plays is so minute that attempting to rationalize the referee’s decision would almost certainly be headache inducing. It’s not an isolated occurrence, either. The rule is now so convoluted that refs have to not only quickly decipher whether a foul was committed, but exactly at what moment contact occurred. They then have to figure out whether or not the gather was in the shooting motion or before the shooting motion, all within one second. Sometimes it’s not their fault. For example, this three-point attempt was not called a shooting foul: It’s as clear and obvious as a shooting foul can possibly be, and yet the referees missed it because they are being forced to evaluate so many different elements at once. What happens when rules get too complicated? Look at the NFL, where the debate over the catch rule continues to dominate the league, and where referees continued to be confounded by its complexities. Something easily regulated by children on grassy fields has become impossible to decipher at the professional level. Leagues that do this to themselves not only lose control of the conversation, much of which shifts to the rules of the game rather than the games themselves, but wind up seeing games decided by rules that nobody understands. The NBA has not had this moment yet—but it’s a real possibility. Imagine Harden’s Rockets are down two in the final seconds of a close playoff game. Harden gets fouled after gathering and goes on to hit his shot. But the ref decides not to call the continuation. No and-one. The Rockets lose. The media doesn’t let go for days. Many NBA rules get called unevenly. Human error is built into the game and has decided games since it was invented. But there’s no reason to exacerbate things with frustrating rules. The league has never been good at stopping stars from taking advantage of facets of the game that other players simply can not. Some of these rules have obviously been a net positive—we’d hate to watch a version of the NBA without goaltending. However, in Year 71, the rules are beginning to get stacked on top of one another. Impulsive rule making has historically always been a mistake. This particular rule has made shooting fouls impossible to predict. Hopefully, it won’t one day decide the outcome of a pivotal game. ",Human,news
Kendall Jenner ‘Ran Home Crying Everyday’ Because of Her Acne,"Kendall Jenner is getting real about her ""debilitating"" struggle with acne. The 23-year-old model — who, earlier this month, became Proactiv’s newest spokesperson — got honest about her struggle in an emotional Instagram Story on Thursday, as part of the popular ’10 Year Challenge’ meme. Sharing two side-by-side photos of her face at 13, covered in bumps, Jenner explained, she ""ran home crying everyday because people would stare at my skin."" Jenner then shared a photo of herself and her clear skin on set, boasting that she was wearing ""zero makeup."" In an attempt to help others dealing with similar obstacles, Jenner also wrote a lengthy message on Instagram, sponsored by Proactiv. It came attached to a black and white photo of Jenner wearing a bath towel wrapped around her head. ""While there are much bigger problems happening in the world, suffering from acne for me was debilitating,"" Jenner wrote. ""It’s something that I’ve dealt with since I was a young teen and has caused me to feel anxious, helpless and insecure."" ""As humans, I don’t think we share our insecurities enough because we live in a time where being ‘perfect’ is the standard. We curate our life online and pick the pretty moments to post,"" she added, explaining, ""I’d like to show a younger generation that not everything is perfect."" Jenner then went on to say that while ""being insecure"" about her acne gave her ""thick skin,"" she ""wouldn’t ever wish that feeling upon anyone."" After trying ""countless options,"" she says she’s now found something that’s been helpful in maintaining clear skin. ""It’s been a long journey but I’m excited for where my skin is now,"" she said. ""I didn’t think I’d see the day where I would feel confident posting a makeup free picture. My goal is to open up a dialogue around skin positivity."" Earlier this month, Jenner opened up to PEOPLE about her skin issues, explaining that having gorgeous sisters made her struggle even tougher. ""A couple of my siblings struggled when they were much younger, but they never really had it like I did,"" Jenner said. ""That was also kind of a tough thing for me: to look at my beautiful sisters with beautiful skin and be like, ‘Okay, well, why me? What’s wrong with me?’ "" Over the years, the Keeping Up with the Kardashian star’s siblings — including older sisters Kourtney Kardashian, 39, Kim Kardashian West, 38, and Khloé Kardashian, 34 — have all tried to give advice and boost Jenner’s confidence. ""They were always there to lift me up and make me feel better about myself. The best part about my family and my sisters is that they never give up and they’re always looking for a way to help and looking for solution,"" Jenner said. But when her skin finally cleared up this time around, Jenner was more than happy for her loved ones to back off. ""Everyone’s always trying to help, so for years all of them were involved. Towards the end, I was like ‘Okay, everyone shut up! I figured it out,’"" says Jenner, laughing. ""Just let me live my life. Everyone stop bothering me.""",Human,news
"Kentucky School Shooting: Two Dead, 17 Wounded","Two students were killed and 17 people were injured during a shooting Tuesday morning at Marshall County High School in Benton, Kentucky, Governor Matt Bevin said at a press conference Tuesday. Bailey Nicole Holt, 15, died at the scene and Preston Ryan Cope, 15, died at Vanderbilt Medical Center in Nashville. Of the injured, 15 sustained gunshot wounds while five sustained other injuries. Bevin says the suspect is a 15-year-old male student who will be charged with murder and attempted murder. He allegedly entered the school with a handgun and began firing, authorities said at the press conference. Bevin did not release the shooter’s name. Sgt. Jody Cash with the Kentucky State Police told reporters the shooting began around 7:57 a.m. Cash confirmed the suspect had been detained, and the shooting scene has been secured.My thoughts & prayers go out to the students & faculty at Marshall County High School where there has been a tragic school shooting. — James Comer January 23, 2018  In a press release on Tuesday evening, the Kentucky State Police detailed the timeline of the incident including an update on the victims. ""In total, five were transported to Vanderbilt, the others to local hospitals. Victims ranged in age from 14 to 18 years old,"" the statement said. ""Fourteen victims were male, and six were female. Of the four remaining victims at Vanderbilt, three are in critical but stable condition and one is in stable condition."" On the U.S. Senate floor Tuesday, Senate Majority Leader Mitch McConnell said, ""Our hearts are with the entire community of Marshall County and our gratitude is with the first responders who rushed into harm’s way."" Tuesday’s incident was the second school shooting in as many days, following a shooting in Italy, Texas, on Monday.",Human,news
Darvish homers in Rangers' victory,"Yu Darvish hit his first career home run while earning a no-decision and Adrian Beltre drove in the eventual winning run with a double in the eighth, lifting the Texas Rangers to a 6-5 victory over the Cincinnati Reds on Wednesday night at Great American Ball Park. The Rangers earned a split of the two-game interleague series and lead the Seattle Mariners by 6 1/2 games in the American League West. Left-hander Jake Diekman earned the victory. Darvish didn’t allow a hit until the fifth and wound up yielding five runs, four hits and five walks while striking out five. But Cincinnati, which is 22-15 since the All-Star break — the second-best record in the major leagues, rallied from a three-run deficit to hand Darvish a no-decision. The Reds’ Ramon Cabrera stroked a ground-rule double to center to drive in a run and make it 5-4 in the sixth. Pinch hitter Ivan De Jesus Jr. drove in the tying run with a sacrifice fly later in the inning. Texas regained the lead in the eighth on Beltre’s two-out RBI double off Blake Wood. It was career hit No. 2,900 for Beltre. Wood took the loss. Sam Dyson pitched a 1-2-3 ninth inning for his 28th save. After being shut out Tuesday night, the Rangers finally broke through against Reds pitching in the second inning when Nomar Mazara launched a three-run homer off Tim Adleman to put Texas ahead 3-0. It was Mazara’s 15th home run this season. Darvish had an unusual second inning. He hit a batter, walked two and allowed two runs, although one was earned. Despite not getting a hit in the inning, Cincinnati scored on a fielder’s choice grounder and a passed ball to cut its deficit to 3-2. Darvish still hadn’t allowed a hit through four innings. Cincinnati had a couple close calls. Brandon Phillips hit one to the wall in center in the second. Scott Schebler’s liner was snared by first baseman Mitch Moreland in the fourth. With two outs in the fifth, Darvish did the unthinkable when he crushed a 1-2 pitch from Adleman on to the grassy knoll in center. It was Darvish’s third career hit. Ian Desmond followed immediately with his 21st home run to give the Rangers a 5-2 lead. Adleman allowed five runs and three homers in five innings. Cincinnati’s first hit came with one out in the fifth when pinch-hitter Tony Renda singled. ",Human,news
Khloe Kardashian Celebrates Daughter True Turning 10 Months Old,"Happy 10-month birthday, True! Khloé Kardashian‘s baby girl is just two months away from her first trip around the sun, and her proud mom celebrated with a pair of adorable snapshots showing off the youngster’s big smile. Dressed in a precious pink sweater dress and matching beanie, True sticks out her tongue as she sits in the first photo, throwing an open-mouthed grin at the camera as she stands against a bookshelf in the second. ""Happy 10 months my love 💕,"" Kardashian, 34, wrote simply in her post’s caption. The sweet dress True wears is by Burberry, and retails for $320 at neimanmarcus.com. More sizes are available at farfetch.com, where the designer outfit is going for $344. Kardashian hasn’t held back on marking her first child’s monthly age milestones with a bit of fanfare since she and boyfriend Tristan Thompson welcomed her on April 12 of last year. In October, True was joined for her 6-month celebration by cousins Stormi, 1, Chicago, 1, Dream Renée, 2, and Saint, 3, for a cupcake party held in her honor. Among the toddlers were a variety of sprinkle-topped cupcakes, which had the oldest of the famous kids entranced, and a big sprinkle-covered cake for the half-birthday girl. ""Cousin Cupcake Party!!!"" Kardashian captioned her Instagram photo, adding, ""Keeping Up With The Kousins,"" poking fun at her family’s E! reality series. In a recent interview with The Daily Telegraph’s Stellar magazine, Kardashian opened up about how every day she and True say ""positive affirmations"" together. ""I never, ever considered myself chubby or overweight. I didn’t know that I was until I went on TV, and everyone told me that I was ‘fat,’ "" the Keeping Up with the Kardashians star explained during the chat. ""I never felt that way, because my family never allowed me to."" ""As silly as it sounds, I do positive affirmations with in the morning,"" Kardashian remarked, adding that even though it’s ""so corny,"" they ""sit in front of the mirror"" and say, ""I am beautiful.""",Human,news
Critics Choice Awards: Amy Schumer Jokes About Belly During Acceptance Speech,"Leave it to Amy Schumer to use her Critics’ Choice MVP Award as a physical prop in her hilarious acceptance speech.   ""I am plus-plus-size actress Amy Schumer,"" she said as she took the stage.   ""Thank you for this trophy, covering the reason I have to write my own ,"" the Trainwreck star joked, holding the award over her midsection. ""If you’re an actress and you have this area right here, you have to write your own stuff if you want to get it made.""   Schumer, 34, went on to poke fun at the reaction to her practically naked Pirelli calendar picture, shot by Annie Leibovitz.   ""This is where I get really brave. That’s what you want everybody to say when a naked photo of you goes viral, you want them to say: ‘What a brave photo.’ Like wow, thanks. Thank you.""   A few other gems? When she thanked managers she fired, and when she called herself out in the middle of her speech: ""This is so boring, I’m so sorry. Shut up Amy. No one cares.""   Schumer thanked the critics, saying she felt ""very seen and heard"" by them, as well as Trainwreck‘s director Judd Apatow for believing in her: ""Thank you so much, I can’t believe that this whole year has happened and that Judd let me tell my story and I’m so happy I don’t have to talk about how autobiographical it is anymore.""   As for the cast of Inside Amy Schumer, the comedian thanked them too, saying: ""We drink every Friday to blackout but none of us have ever hooked up.""   Schumer also threw in a special shoutout to her boyfriend Ben Hanisch, who was her date at the award show.   She also took home the award for best actress in a comedy for her hit movie Trainwreck.   ""Ew, who wants to hear from this b—- again?"" she joked as she took the stage for the second time. ",Human,news
"These eel-like creatures use their flaccid, squishy skin to survive shark attacks","Hagfish are jawless, eel-like creatures that are known to spray huge quantities of goo when attacked. Now, scientists have found another defense mechanism that protects these slimy monsters: their flaccid, squishy skin. Researchers attached mako shark teeth to a guillotine to replicate how a real shark would bite down on a hagfish. The hagfish’s loose skin allowed the shark tooth to cut through skin but never through the underlying muscle. That allows hagfish to squish away, escaping shark attacks relatively unharmed, according to a study published this week in the Journal of Royal Society Interface. Hagfish had their moment of fame earlier this year, when a truck transporting 7,500 pounds of the eel-like creatures tipped over, spreading unimaginable amounts of car-coating mucus all over an Oregon roadway. The slime is made of a sugar-coated protein called mucin and coiled-up spools of thread that are kind of like spider silk. When a hagfish is attacked, it releases the slimy mesh to protect itself. In fact, the goo clogs the gills of the predator, which then releases the hagfish to save its own dear life. In a video published by researchers in 2011, a hagfish was observed spraying the slime onto a biting shark in New Zealand. The shark looks like it’s chocking on a cloud of snot, which allows the hagfish to swim away unscathed. So after seeing the video, a team of researchers in Canada and the US wanted to know: how exactly can hagfish survive shark attacks? ""It was a weird observation that this animal could be bit by a shark and then swim away apparently unharmed except for one puncture mark,"" says study co-author Sarah Boggett, a high school teacher and researcher at the Department of Integrative Biology at the University of Guelph. First, the researchers put hagfish skin — which has three layers and no scales — in a machine that pokes a pin through it to measure the force needed to puncture it. Compared to 21 other species of fish, like rainbow trout and great sculpin, the hagfish wasn’t found to have a particularly tough skin. But, the secret lay somewhere else: in how flabby the skin is. Hagfish skin is attached to the animal’s body in only two spots: the middle of its back and its sides, where the slime glands are located. So Boggett injected a solution under the skin of several dead hagfish to check how much space there is between the body and the skin. The answer is mind-boggling: in Pacific hagfish, that extra space can contain about 46 percent of the animal’s own body volume. If you inject enough fluid so that the skin starts stretching and the hagfish starts leaking, you could fit over 100 percent of its body volume in there. That means you could essentially fit two hagfish within the skin of one. The researchers then attached mako shark teeth to a custom-made guillotine, so that the teeth could be driven into dead hagfish with the same force they would in real life. The loose skin functioned as a flaccid, squishy armor: the fangs could puncture the skin but not the underlying muscles, reducing the damage of a shark bite. So, mystery solved. Now we know that flabby skin isn’t bad for everyone. It can save lives. ",Human,news
Motive of Texas Church Shooting Was 'Domestic Situation',"Authorities believe it was ""a domestic situation"" — and not terrorism — that fueled Sunday’s mass shooting inside a small church in rural Texas, killing at least 26 people, including an 18-month-old child. During a Monday press conference, an FBI official confirmed that the shooter, 26-year-old Devin Patrick Kelley, had ""expressed anger towards his mother-in-law,"" who was a member of the congregation at the First Baptist Church in Sutherland Springs, the site of Sunday’s attack. The shooter, officials said, had sent his mother-in-law several threatening text messages, but no report was ever filed with police. Kelley is a former Air Force member who dressed in all-black tactical gear and was wearing a ballistics vest when he began firing from outside the church at around 11:30 a.m. local time, during a service.Sutherland Springs, with a population of just over 700, is about 35 miles southeast of San Antonio. After shooting from outside the church, the gunman then entered the church and continued to shoot. When the gunman exited the church, a local resident engaged him in gunfire, authorities said. The suspect dropped his weapon and fled, with the local resident in pursuit. A brief chase ensued into neighboring Guadalupe County, Texas, where the shooter was later found dead in his vehicle. He was likely killed by a self-inflicted gunshot wound, authorities said Monday. The shooting killed 26 — 23 inside the church, and two outside. One person died upon arriving at the hospital. A total of 20 were wounded; 10 remain in critical condition while 4 are listed as serious with 6 others in stable condition. The youngest victim was only 18-months-old, with the oldest aged 77. None of the victims’ names have been released by officials. Freeman Martin, the regional director of the Texas Department of Public Safety, said during Monday’s press conference that the gunman reached out to his father following the massacre, as he was being pursued by police. ""The suspect used his cell phone to notify his father that he had been shot and didn’t think he was going to make it,"" Martin said. ""Subsequently, he shot himself … and the pathologist will determine the cause and manner of his death."" An Air Force spokeswoman tells PEOPLE the shooter served at Holloman Air Force Base in New Mexico, working in logistics readiness. He was stationed there from 2010 until he was discharged in 2014, following a 2012 court-martial on accusations he assaulted his spouse and their child, the spokeswoman says. The shooter received a bad conduct discharge and 12 months’ confinement as well as a reduction in rank, the spokeswoman says. Martin confirmed that because of the court-martial, the gunman ""did not have a license to carry"" the rifle and two handguns investigators recovered from the crime scene. ATF Houston Special Agent in Charge Fred Milanowski said the shooter purchased two of the guns in Colorado and one in Texas. ""He did have a noncommissioned unarmed private security license similar to a security guard at a concert,"" Martin explained, which was granted after he passed both a criminal history and background check. Authorities are trying to determine how the gunman was able to purchase the weapons. Martin also said there is surveillance video of the shooting, which was recorded from inside the church. ""The crime scene investigation will go on for days,"" Martin said. ""The video will assist in the investigation and it was a horrific event and at this time we’re not prepared to talk about the video."" The gunman arrived at the church wearing a black mask with a white skull on it. Officials say they plan to update the media later Monday evening.",Human,news
"Uber drivers are freelancers, not employees, federal labor lawyer says","Uber drivers are independent contractors, not employees of the ride-hailing company, the federal labor board’s general counsel said in an opinion released May 14th. It’s another sign that drivers and labor advocates face a steep — if impossible — hill to climb to force Uber to reclassify its drivers as employees. The opinion, authored April 16th by Jayme Sophir, associate general counsel at the National Labor Relations Board, means that drivers will have a much harder time trying to form a union, file labor complaints, or seek protections from the federal government. It states: Drivers’ virtually complete control of their cars, work schedules, and log-in locations, together with their freedom to work for competitors of Uber, provided them with significant entrepreneurial opportunity. On any given day, at any free moment, UberX drivers could decide how best to serve their economic objectives: by fulfilling ride requests through the App, working for a competing rideshare service, or pursuing a different venture altogether. It’s the latest sign that the federal government agrees with Uber’s classification of its drivers. The Department of Labor issued an opinion recently stating that gig workers like Uber drivers are contractors ineligible for minimum wages and overtime pay. A federal judge ruled basically the same way last year in what is said to be the first classification of Uber drivers under federal law. This opinion lines up with Uber’s own stance on its drivers. The company classifies them as independent contractors, arguing they are in business for themselves and thus ineligible for traditional benefits like overtime, minimum wage protections, and health insurance. Some Uber drivers contest that classification, though, and argue that Uber’s algorithm exerts far too much control over their lives to be viewed otherwise. Many have sued Uber, but most of those cases have been sent to private arbitration. ""We are focused on improving the quality and security of independent work, while preserving the flexibility drivers and couriers tell us they value,"" an Uber spokesperson said Tuesday. Uber said it had settled with a large majority of the 60,000 drivers in the US who filed arbitration demands over their employment status. Uber said the settlement will cost it between $146 million and $170 million, according to its IPO filing. In March, the company said it settled two other lawsuits with drivers of classification status for $20 million. Earlier this year, a federal judge in California ruled drivers for GrubHub are independent contractors, not employees. The ruling was seen as a big win for GrubHub due to California’s relatively high standard for establishing workers as independent contractors. Last week, hundreds of Uber drivers went on strike ahead of the company’s much-anticipated IPO. Drivers said they want better working conditions and more transparency from Uber over wages and access to the platform. Uber’s stock price has dropped precipitously since the IPO amid concerns over the company’s lack of profitability and a broader market crunch. ""This NLRB advice memo ignores the reality of Uber’s relationship with its drivers and the myriad ways in which it controls the terms and conditions of their work,"" said Laura Padin, senior staff attorney with the National Employment Law Project, in a statement. ""But it’s hardly a surprise coming from the Trump administration, which has shamefully sided with big-money corporate interests over working people at every turn.""",Human,news
Justin Bieber & Hailey Baldwin Bond in Laguna Beach,"Hailey Baldwin is standing by husband Justin Bieber, who recently opened up about how he’s ""been struggling a lot."" The couple was spotted getting some sun on Saturday morning as they spent time together in Laguna Beach, California. At one point during the outing, the pair appeared to get into an emotional conversation. Bieber, 25, was photographed with his head in his hands, seemingly looking upset, while Baldwin, 22, appeared to comfort him. During a stroll, Bieber looked down at his phone as Baldwin looked in her husband’s direction. Both were dressed casually, with Baldwin wearing a grey sports bra with a pair of dark grey leggings, and Bieber staying comfortable in a dark sweatshirt and a pair of red shorts.   During an emotional Instagram post last week, the pop star revealed he has been ""struggling a lot."" ""Just wanted to keep you guys updated a little bit hopefully what I’m going through will resonate with you guys. Been struggling a lot. Just feeling super disconnected and weird,"" he wrote, including a picture of himself praying next to manager Scooter Braun and Kanye West. However, the star went on to assure his fans that he has faith he will bounce back.",Human,news
Body in Shallow Grave Believed to Be That of Adea Shabani,"Police unearthed human remains that they believe are those of missing Hollywood actress Adea Shabani. On Tuesday morning, the Nevada County Sheriff’s Office and their coroner’s division discovered the remains of a woman in a shallow grave in the Spenceville Wildlife Area in Penn Valley, California, according to a Facebook post by the sheriff’s office. During a press conference on Tuesday, a spokesperson for the Los Angeles Police Department told reporters, ""At this point in time, we believe that those remains are the body of Miss. Adea Shabani."" ""We cannot say that conclusively at this point in time because the condition of the remains prohibited positive identification,"" he continued, adding that they believed Christopher Spotz, a man authorities identified as Shabani’s boyfriend, was ""somehow involved in her death."" A spokesperson for the Los Angeles Police Department did not immediately respond to a request for comment. An autopsy on the body will be performed on Wednesday in which the identity, cause and manner of death will be determined. ""We believe it to be a homicide,"" the LAPD spokesperson said. ""However, until the conclusion of the autopsy… we won’t be able to determine that definitively."" Spotz died by suicide on March 22 in a California stand-off with police — which only intensified the search for Shabani, 25, who has been missing since February.According to Fox-11 Los Angeles, police pursued the man in a chase from Hesperia to Corona with an unnamed passenger before he shot himself in the head, dying on the scene. PEOPLE confirmed that investigators have impounded the Tacoma and a crime scene unit has been combing it for forensic evidence related to the Shabani case. Shabani, who is originally from Macedonia, moved to L.A. to study acting. She had been in the area for less than two years, according to KABC. After Shabani’s disappearance, her mother flew from her home of Macedonia to help with the search, putting up fliers in the area, KABC reported. Her family has also hired a private investigator.",Human,news
A French cyclist may win the Tour de France - Cycling’s coming home,"AS FAR AS live spectator sports go, the Tour de France has to be one of the strangest. For hours, thousands of enthusiasts line the route under a baking sun. Aficionados bring parasols, folding chairs and picnics. At last, there is action on the road. But it is the long caravan of advertising vehicles which precedes the racers. And then suddenly, in a flash of lime green and yellow, the breakaway cyclists, followed by the peloton, or cycling pack, pass. It all lasts a matter of seconds. But then again the world’s most famous cycling race is as much about the geography and national identity of France as it is about the sport. The tour is thrilling the French this year. For the first time in 34 years, a Frenchman—either Thibaut Pinot or Julian Alaphilippe—has a chance of winning when the race finishes on the Champs-Elysées on July 28th. For decades, the French have watched with dismay as the Spanish, Americans and British have successively monopolised the trophy. French suspicions of cheating used to seem like sour grapes. But in 2012 Lance Armstrong, a seven-time American winner, was stripped of his titles after a doping scandal. Upgrade your inbox and get our Daily Dispatch and Editor's Picks. Today, the tour has recovered its credibility as an extreme test of muscular endurance, and with it the country’s enthusiasm. The French airwaves have been filled with breathless live coverage of the race, with its 21 separate stages covering 3,480km. This year is also the centenary of the maillot jaune, or yellow jersey, awarded daily to the race leader. To celebrate, on July 20th President Emmanuel Macron was at the Col du Tourmalet in the Pyrenees to congratulate maillot jaune-wearing Mr Alaphilippe as well as the day’s winner, who happened to be Mr Pinot. In 1903 Henri Desgrange, an early cycling enthusiast, devised the tour to help publicise his sports newspaper. Yet these days the tour also serves to promote France. On July 24th cyclists sped past the medieval village of Faucon, having started at the Roman aqueduct of the Pont du Gard, before ending in the foothills of the Alps. More of the French think of the race as an opportunity to admire the scenery than see it as a great sporting event, says a poll. This being France, existential musings are also in order. The tour, said Christian Prudhomme, its director, is ""life, condensed… all the wonderful, exceptional, disconcerting, unfortunate things that can happen: it is life.""",Human,news
Harvey Weinstein Under Federal Investigation for Sex Crimes,"The sexual misconduct allegations against Harvey Weinstein have gotten the attention of the federal government. The U.S. attorney’s office for the Southern District of New York has begun a criminal probe investigating in part whether the disgraced mogul, 66, enticed or persuaded any women to cross state lines with the intent of committing a sex crime, which is potentially a federal offense, according to The Wall Street Journal, which was first to report the news. Weinstein’s attorney, Benjamin Brafman, confirmed to PEOPLE that he has met with federal prosecutors in the SDNY ""in an attempt to dissuade them from proceeding"" and will continue to meet with them moving forward. ""Mr. Weinstein has always maintained that he has never engaged in nonconsensual sexual acts,"" Brafman added. A representative for the SDNY declined to comment. Meanwhile, Weinstein is already under investigation by the New York Police Department and the Manhattan District Attorney’s Office for the allegations of sexual assault made by actresses Lucia Evans and Paz de la Huerta. According to a report by The Daily Beast in early March, the NYPD was ""ready to go with an arrest"" against Weinstein for sexual assault, but the Manhattan District Attorney’s office held off. ""We are still accumulating evidence,"" Chief of Detectives Robert Boyce told the New York Daily News at the time. The producer has been accused of sexual misconduct by over 60 women since The New York Times and The New Yorker documented decades of alleged sexual misconduct and sexual assault involving a number of women in detailed, Pulitzer-prize winning articles in October. A spokesperson for Weinstein previously told PEOPLE in a statement that ""any allegations of non-consensual sex are unequivocally denied by Mr. Weinstein. Mr. Weinstein has further confirmed that there were never any acts of retaliation against any women for refusing his advances."" Weinstein is also under investigation for rape by the Los Angeles Police Department, and police in the United Kingdom have widened their investigation into Weinstein to include allegations of sexual assault by seven women.",Human,news
Criminals used a swarm of drones to surveil and disrupt an FBI hostage operation,"Criminals are increasingly using drones in illegal activity and as a way to counter surveil and disrupt the FBI and other law enforcement agents, according to a report by Defense One. The publication cites one instance where an FBI hostage rescue team set up a raised observation post to monitor a situation. A so-called ""swarm"" of small drones appeared and assailed the FBI in a series of ""high-speed low passes at the agents in the observation post to flush them."" That incident was shared by Joe Mazel, head of the agency’s operational technology law unit at the AUVSI Xponential conference in Denver. Mazel said the FBI agents lost situational awareness. ""We were then blind. It definitely presented some challenges."" Swarms of drones were also used to surveil the FBI agents and send video back to other gang members. Mazel declined to elaborate on where or when that incident took place, but said the suspects packed the drones in backpacks and brought them to the area, anticipating the arrival of the FBI. The incidents illustrate how organized crime groups are increasingly using small consumer drones in support of their activities. Other notable uses include identifying witnesses by surveilling police departments to see who comes and goes from those facilities, and in support of robberies by observing gaps in security patrols and other vulnerabilities at target locations. Mazel also said that drones were being used in smuggling schemes in Australia to monitor port authority workers. The crime groups would force distractions like a false alarm if border guards get too close to a container that contains smuggled goods. Unauthorized drones have also been known to smuggle contraband into prisons. Associate chief of US Customs and Border Protection Andrew Scharnweber told Defense One drones are also being deployed as scouts to spot their officers. ""We have struggled with scouts, human scouts that come across the border. They’re stationed on various mountaintops near the border and they would scout… to spot law enforcement and radio down to their counterparts to go around us. That activity has effectively been replaced by drones,"" he said. Defense One notes there is some recourse in battling criminal use of drones. Drone jamming equipment has been deployed by the US military in Syria and Iraq, though those techniques would likely not be appropriate for use in cities given the risk of interference with mobile phone and airplane signals. There are legal options, like requiring drones to broadcast their operator’s identity, or to make ""weaponized"" consumer drones illegal. There are also anti-drone guns that jam all possible radio frequencies a drone can use to communicate with the operator, forcing it to land or return home. They remain illegal under FCC laws, though. Government officials who spoke at the conference noted that the use of drones in criminal endeavors would likely get worse before it got better.",Human,news
Ebola treatment center in the Congo attacked for the second time,"An Ebola treatment center in Butembo, the epicenter of an outbreak in the Democratic Republic of the Congo, was attacked again by armed assailants on Saturday morning, the AP reports.  What's happening: One police officer was killed in Saturday's attack and the treatment center currently remains open, per the AP. The center reopened only 1 week ago after Doctors Without Borders temporarily halted operations in Butembo following last month's attack.  The big picture: During the past week, the total number of cases of Ebola reported in the Congo surpassed 900. This is the second-largest outbreak of Ebola on record and the first to occur in a country already experiencing violent conflict, which has slowed response efforts, exacerbated community mistrust and likely contributed to the ongoing attacks against treatment centers.  What to watch: Saturday's attack took place hours before the World Health Organization’s Director-General Dr. Tedros Adhanom Ghebreyesus was scheduled to visit the Butembo treatment center. In a press release on Saturday, Ghebreyesus confirmed that WHO plans to continue Ebola response operations in the Congo.  ",Human,news
Senators unveil road map for self-driving car legislation,"A bipartisan trio of U.S. senators said on Tuesday they planned to introduce legislation to remove regulatory roadblocks to the introduction of self-driving cars, including sorting out conflicts between state and federal rules. Republican Senator John Thune, who chairs the Commerce Committee, Bill Nelson, the top Democrat on the panel, and Senator Gary Peters, a Michigan Democrat, said in a joint statement that existing federal vehicle regulations written over recent decades did not account for self-driving cars without a human driver behind the wheel. Thune said the senators hoped to reach agreement based on ""prioritizing safety, fixing outdated rules, and clarifying the role of federal and state governments."" Federal auto regulations pose significant legal hurdles that must be cleared before fully self-driving cars can be sold without steering wheels and gas pedals, a government report said last year. The Senate Commerce Committee is holding a hearing on self-driving cars on Wednesday. Mitch Bainwol, head of the Alliance of Automobile Manufacturers, an auto trade group, will tell the panel that Congress should work to eliminate state or local laws that could ""unduly burden or restrict the use of self-driving vehicles in the future."" The senators are joining a broader movement in Washington to respond to calls from Detroit and Silicon Valley for federal action to set rules for self-driving cars, rather than allowing states such as California to write potentially conflicting rules. The chairman of the House Energy and Commerce Committee told Reuters last week he planned to unveil a package of legislation to overhaul federal rules governing self-driving vehicles. Companies such as Alphabet Inc, General Motors Co and Volkswagen AG are pursuing automated technologies and want unified federal regulations to replace outdated rules and make it simpler to develop and eventually sell the technology across the country. In April, automakers and technology companies urged California to make changes to its proposed state regulations governing autonomous vehicles. Many oppose California’s plan to require a state permit to deploy autonomous vehicles, which must meet performance and design criteria. The U.S. Transportation Department said last week it would unveil revised self-driving guidelines within the next few months, responding to automakers’ calls for regulations to sanction costly efforts to put autonomous vehicles on the road. Vehicle crashes annually kill more than 35,000 people on U.S. roads and injure 2.4 million. The economic cost of vehicle crashes is at least $240 billion annually, the government says.",Human,news
George R.R. Martin says that three of HBO’s Game of Thrones spinoffs are ‘moving forward nicely’,"HBO’s Game of Thrones is inching towards the end of its run, with just three episodes remaining. The network isn’t abandoning Westeros just yet, though — it has a handful of additional shows in development, and on his blog, George R.R. Martin offered up a short update. In 2017, Martin revealed that there were five spinoff shows set thousands of years before the events of Game of Thrones. It’s expected to start shooting sometime this summer, with S.J. Clarkson set to direct. But it looks like HBO might not stick with just that project, or at the very least, is hedging its bets. Martin says that two of the other projects are still in development, and while they ""remain in the script stage,"" they are ""edging closer,"" presumably to something beyond just words on a page. We learned last month that one of the successor shows from series writer and co-executive producer Bryan Cogman isn’t happening. As to what they’ll be about, or when they’ll take place, Martin won’t say, but suggests that ""maybe some of you should pick up a copy of Fire & Blood,"" and come up with your own theories.""",Human,news
American tourist arrested for Indiana Jones-style escapade in Jerusalem,"The next Indiana Jones movie may need a disclaimer: Don't try this at home — or anywhere else. A 19-year-old American tourist was arrested last week in Jerusalem's Old City after spending the night in Zedekiah's Cave to look for treasure. The man entered the cave, also known as Solomon's Quarries, carrying a backpack when it was open to visitors last Thursday, then hid in a crevice to avoid security when it closed, according to Haaretz. Though the cave is usually closed on Fridays, luckily — or unluckily for the man — workers entered the cave that day to do some maintenance. ""The workers found the tourist in the cave covered with mud, his backpack full of stones and shards that he’d dug up from the floor of the cave,"" reported Haaretz. ""He was handed over to police and his findings were confiscated."" He was apparently digging in several sections of the cave, looking for legendary treasures, although he could not explain his motives to police. He was released and reportedly left the country. Have something to add to this story? Share it in the comments.",Human,news
Argentina's lower house clears debt settlement package,"Argentina’s President, Mauricio Macri, won the support of the lower house of Congress for a settlement with bondholders on Wednesday, leaving Argentina one Senate vote away from ending a 14-year battle with creditors. Lawmakers across the political divide voted 165 to 86 to approve the deal after a 20-hour televised debate. Macri needs to close the festering dispute to tap global credit markets and lure back investors, and had warned Argentina faced a return to hyperinflation or aggressive spending cuts if the chamber had knocked down the proposal. Legislators loyal to former leftist president Cristina Fernandez, a Peronist who refused to negotiate with the bondholders, argued Macri was selling out to Wall Street investors by offering repayment terms of 70-75 cents on the dollar. Former Economy Minister Axel Kicillof blasted the government’s proposal to finance the accords brokered in New York with a planned $11.68 billion bond issuance, saying it would increase government debt. ""We’re not increasing debt. We’re decreasing it,"" Mario Negri, a senior lawmaker in Macri’s Let’s Change alliance, said minutes ahead of the vote, referring to the write down on outstanding debt agreed with investors. Among the agreements negotiated in New York is a $4.65 billion cash payment to the main holdout creditors, including billionaire Paul Singer’s Elliott Management. Argentina has until April 14 to make the payment. Macri garnered enough votes to push the vote through the lower chamber after making last minute concessions to secure the support of dissident Peronist Sergio Massa and his lawmakers, plus a group of legislators which split with Fernandez last month. They won the insertion of a collective action clause, which requires creditors to negotiate together for any changes in bond payment terms, and a cap of $12.5 billion on the bond sales, according to state-run news agency Telam. Massa said it was now time for lawmakers to debate matters important to him: inflation, the income tax threshold and pensions. The bill now moves to the Senate, where the opposition’s majority is dogged by internal divisions and Macri will expect to leverage support in return for government funds and access to lower borrowing costs to finance much-needed infrastructure projects. The dispute stems from Argentina’s default on $100 billion in bonds in 2002. The holdout creditors rejected 2005 and 2010 debt swaps that offered 30 cents on the dollar. Chizu Nomiyama and W Simon",Human,news
Ryan Reynolds Baked a Valentine's Day Cake for Blake Lively,"Ryan Reynolds just confirmed the notion that ""It’s the thought that counts."" Valentine’s Day is all about doing something special for your loved ones, so on Wednesday, the actor got busy in the kitchen making a freshly-baked creation for his wife Blake Lively. The Deadpool star took to Instagram to show off the strawberry-covered cake—but Lively may want to hold off on digging in. ""I baked this cake for my wife. The icing is glue, ‘cause I’m not a scientist,"" Reynolds captioned the photo holding up the dessert, while looking a bit unsure of the sweet treat himself. Though the cake actually looks super delicious—and he’s most likely only playing about the glue—this is not the actor’s first baking fail. Back in December, the star attempted to make a batch of cookies but they didn’t exactly turn out gourmet, or looking like cookies at all for that matter. The mom of two showed them off on her Instagram writing, ""@vancityreynolds made some Christmas cookies… 😳…He’s verrry handsome though."" Regardless of Reynolds’ baking skills, Lively definitely deserves to indulge during the sweet holiday. The actress, 30, recently showed off her newly-ripped body after 14 months of hard work with her trainer, Don Saladino, to lose the weight she gained during her last pregnancy. ""Turns out you can’t lose the 61 lbs. you gained during pregnancy by just scrolling through Instagram and wondering why you don’t look like all the bikini models,"" Lively joked on Instagram. ""Thanks @donsaladino for kickin my A double S into shape. 10 months to gain, 14 months to lose. Feeling very proud.""",Human,news
Preview: Yankees at Indians,"The Cleveland Indians are coming off a rare misstep at Progressive Field while the New York Yankees are stumbling at an all-too-common pace away from the Bronx. The Indians look to regain their footing after seeing their 13-game home winning streak come to a end when they open a four-game set versus the visiting Yankees on Thursday. American League Central-leading Cleveland suffered its first loss in 12 meetings with Detroit this season as the latter salvaged the finale of a three-game series with a 12-2 shellacking on Wednesday afternoon. Francisco Lindor has four RBIs in his last three games overall and looks to continue his dominance versus New York, against which he is 13-for-30 with two homers in seven career encounters. While Lindor has made himself at home versus the Yankees, the latter hasn’t been very comfortable on the road this season. New York fell to 18-25 away from home and 2-4 on its 10-game road trip after dropping a 5-0 decision to the Chicago White Sox on Wednesday.  Nova answered a rough patch with an encouraging outing versus San Diego, allowing one run on four hits in 5 1/3 innings in a no-decision on Saturday. The 29-year-old Dominican kept the ball in the park for the first time since May 1 and fanned seven, accounting for his second-best strikeout total of the season. Nova has split a pair of career decisions versus Cleveland, with his most recent effort resulting in a loss after permitting three runs on six hits in five innings. Bauer stepped up by scattering two hits over five shutout innings of relief in Cleveland’s 2-1 victory in 19 innings over Toronto on Friday. The 25-year-old is 4-0 in his last eight outings, although he has yielded three walks in four of those games. Bauer has also struggled with his control in five career contests versus New York, issuing 16 free passes in 26 1/3 innings en route to posting a 1-3 mark with a 4.78 ERA. WALK-OFFS 1. New York CF Jacoby Ellsbury has recorded multi-hit performances in three of his last four outings and is 3-for-10 in his career versus Bauer. 2. Cleveland INF-OF Jose Ramirez has seven RBIs and six runs scored during his 11-game hitting streak. 3. Yankees SS Didi Gregorius has 14 hits, six RBIs and seven runs scored in his last nine contests. PREDICTION: Indians 5, Yankees 2 ",Human,news
Senators set to vote on the GOP tax bill and they can't even read it,"We've all been there. You have your assignment printed and ready to go, but are frantically scribbling down last minute additions in the desperate hope that you'll get a passing grade. This was OK in high school English class, but what about in the U.S. Senate?  After several failed attempts to repeal and replace Obamacare, Senate Republicans are really doing everything they can get a legislative win once and for all with their tax plan—including making hasty and nearly illegible handwritten notes and straight up crossed out sections of the bill.  Their Democratic counterparts have been sharing photos of the absurdity, and they're not too happy about it.  Okay this is absurd. One page of the new #GOPTaxPlan is crossed out with an ex. Another page is just a line. Is that a crossout? Is this page part of the bill? WHY AM I ASKING THESE QUESTIONS HOURS BEFORE WE VOTE ON IT?? #GOPTaxScam pic.twitter.com/57Qbi7gT5F — Senator Bob Menendez December 1, 2017 Trying to review the #GOPTaxScam but they are making hand-written changes to brand new text as we speak – can anyone else read this? pic.twitter.com/JX8v1v4gyi — Senator Dick Durbin December 1, 2017 .@SenateMajLdr, if you are so intent on forcing middle class families to foot the bill so your donors can have a tax break, at least have the decency to find a printer. #GOPTaxScam pic.twitter.com/qFkfaru6ml — Nancy Pelosi December 1, 2017 Sen. Jon Tester of Montana posted an angry video calling out his Republican counterparts and their scribbled legislative notes on Twitter. He said he had received his copy of the bill 25 minutes earlier, just a few hours before the Senate vote.  I was just handed a 479-page tax bill a few hours before the vote. One page literally has hand scribbled policy changes on it that can’t be read. This is Washington, D.C. at its worst.  Montanans deserve so much better. pic.twitter.com/q6lTpXoXS0 — Senator Jon Tester December 2, 2017 Just an hour before she had to report to the Senate floor for a vote, Sen. Elizabeth Warren also posted a video of her trying to read the messy bill. She couldn't.  No, I haven’t had time to read the 500-page #GOPTaxScam bill that we’re voting on tonight. I couldn’t read it if I tried – and I did. pic.twitter.com/WgoAT6rxuo — Elizabeth Warren December 2, 2017 If passed by the Senate and the House and signed into law, the tax plan would make a massive cut to the corporate tax rate, give several tax cuts and benefits to the wealthiest Americans, and get rid of the individual health insurance mandate, among many, many other things.  With so many changes to the way our tax system works on the line, representatives should at least be able to know what decisions they're making on behalf of their constituents, because, you know ... democracy. ",Human,news
A champion is named at the Quidditch World Cup,"To some it may be an imagined sport, but for the players at the Quidditch World Cup on July 24, the competition was very real. The sport played by young witches and wizards in J.K. Rowling’s Harry Potter novels is played in real life by competitors with sticks between their legs representing broomsticks. Teams from across the world battled at the International Quidditch Association World Cup in the German city of Frankfurt. To score points, players must throw the ball through hoops while chasing the elusive ‘snitch,’ embodied by a player with a tennis ball swinging from their trousers in a sock. ""The community’s just amazing. You can see there’s people from all different countries around the world, and it’s just.. you meet people, a lot of really, really interesting and amazing people and I love it,"" United States player Celen Richard said. Quidditch was adapted in 2005 by students at Middlebury College in Vermont. Since then, the sport has spread to dozens of countries and has some 700 teams, mainly based in the United States and largely at colleges and universities. Meantime, Australia outmaneuvered the competition to win the 2016 Quidditch World Cup.",Human,news
Olympics: Mixed weather and waves at Tokyo 2020 surfing test event,"Surfing’s unpredictability is part of its charm and Tokyo 2020 organizers got a taste this week of what might face them next year when the sport makes its Olympics debut. Heavy fog and small waves on Thursday meant the start of the four-day surfing test event at Shidashita Beach, some 60 kilometers north-west of Tokyo, was delayed for an hour. Organizers also had to contend with the more unexpected challenge of a sea turtle laying her eggs overnight, just 10 meters from the judges’ viewing area. Once the fog had lifted and the first heats began, there were periods of heavy rain mixed with bright sunshine, a further indicator of the unpredictable conditions surfers are used to but present a challenge to one of the Olympics’ newest sports. ""We depend on mother nature, we depend on the natural conditions as they present themselves,"" International Surfing Association Executive Director Robert Fasulo told reporters on the beach during a rare window of sunshine. ""We are very confident and part of the reason why we are here in this period is to see how the conditions are running during the format. ""I think that, from what we have seen, and we are on schedule, that the conditions are absolutely adequate."" Organizers expected waves to average between 1-1.5 meters during the test event and that this would be acceptable, if not perfect, if replicated next year, Fasulo said. ""This is absolutely contestable conditions if you look and see there are some great waves being ridden,"" he added. ""Yesterday was beautiful, although of course it wasn’t a competition day has shown to us that this is absolutely a good location for a high class, a world class, surfing competition."" Shidashita Beach was chosen by organizers as it has some of the most consistent waves in Japan and should allow for the four days of Olympic competition to be completed in its eight-day window of July 26-Aug. 2 next year. Surfers competing in the event agreed the conditions were probably the best in the country, even if the waves later in the morning were disappointing. ""I often come here to practice and there are good waves,"" said Shino Matsuda, who won the Japan Open on Shidashita Beach in 2018. ""But waves were smaller than usual today."" The smaller waves mean surfers can expect a tight, technical contest. ""The waves were a bit small and there were tides too, so waves were breaking so fast that it was difficult to surf,"" added Hiroto Ohhara, who added that the Chiba coastline was the best surfing Japan has to offer. Qualification for surfing at the 2020 Olympics has already started, with 20 places available for both men and women.",Human,news
Obama's gun reforms rely on funding from Congress,"The gun reform executive actions President Barack Obama will outline to the public in an address on Tuesday will not require congressional approval and will largely clarify existing statutes, but he is relying on funding from lawmakers to enact his plans. In particular, the Bureau of Alcohol, Tobacco and Firearms will be releasing updated guidance to gun sellers that will discourage them from exploiting loopholes that currently allow some private sellers to bypass required background checks. In a call with reporters on Monday, Attorney General Loretta Lynch said the new guidance ""will help individuals who do want to comply and really do want to know the standards, and will also put everyone else on notice."" Lynch noted that there's been an expansion in the number of people claiming exceptions under the existing statute to avoid conducting these checks by claiming to be private sellers or collectors rather than firearm dealers. Many of the administration's proposals rely heavily on their ability to secure additional funding from Congress next fiscal year's spending bill, which they hope to put toward investments in mental health care, and for hiring more ATF agents to enforce the law. This will require the administration to seek congressional input even as they bypass the traditional legislative process to address this controversial issue. ""The refrain that we hear frequently from Republicans is that the federal government merely enforce the law that's on the books,"" said White House spokesman Josh Earnest, calling out Republican critics of enhanced gun control. ""If that isn't just them bluffing or trying to distract from the actual issue, them they should surely support additional resources being dedicated to enforcing that law that is already on the books."" White House officials say they will be taking their case to Congress in the coming days, as well as directly to the American people through  a live Town Hall event he'll be participating in on Thursday night. Several congressional Democrats convened at the White House Monday afternoon as the administration seeks to shore up support for its new efforts. Rep. Mike Thompson, D-California, who chairs the Gun Violence Task Force and attended Monday's meeting, immediately welcome the steps in a statement.  ""I applaud this move and thank for his relentless work on the issue of gun violence,"" he said. ""Make no mistake, the President's executive actions will make our country safer by helping keep guns out of dangerous hands."" But the administration will still be faced with steep Republican opposition. In a statement released a few hours before the new administration actions were outlined, House Speaker Paul Ryan said, ""President Obama's dismissiveness toward Americans who value the Second Amendment has been well-documented."" Ryan also blasted the President for taking executive action on this issue, saying Obama ""is at minimum subverting the legislative branch, and potentially overturning its will ... No president should be able to reverse legislative failure by executive fiat, not even incrementally."" The actions announced Monday also include steps to leverage new technologies, with Obama directing his Secretaries of Defense, Justice and Homeland Security to launch research into gun safety technology. Attorney General Loretta Lynch, who proposed many of these steps to the President ahead of the White House announcement, also sent letters to all 50 state governors asking for cooperation in updating background check databases with the most recent criminal histories and disqualifying mental health information. ",Human,news
Periodic table to gain four new elements ,"Chemistry textbooks as we know it are officially out of date, as four new elements will soon be added to the periodic table.  Elements 113, 115, 117 and 118 have formally been recognized by the International Union of Pure and Applied Chemistry, the U.S.-based world authority on chemistry. The organization's announcement on December 30 means the seventh row of the periodic table is finally complete.  It's the first time the table has been updated since 2011, when elements 114 and 116 were added. Devised by Russian chemist Dmitri Mendeleev in 1869, the table categorizes chemical elements according to their atomic number.  ""The chemistry community is eager to see its most cherished table finally being completed down to the seventh row,"" said Jan Reedijk, president of the Inorganic Chemistry Division of IUPAC, in a statement.  ""IUPAC has now initiated the process of formalizing names and symbols for these elements temporarily named as ununtrium,, ununpentium, ununseptium, and ununoctium."" A Russian-American team at the Joint Institute for Nuclear Research in Dubna, Oak Ridge National Laboratory in Tennessee and Lawrence Livermore National Laboratory in California discovered elements 115, 117 and 118, while Japanese researchers were credited for discovering element 113. All four elements are not found in nature, and were synthetically created in laboratories. Until now, these elements had temporary names and symbols on the periodic table as their existence was hard to prove. Since they decay extremely quickly, scientists found it difficult to reproduce them more than once.  Japanese researchers said their search for element 113 began by ""bombarding a thin layer of bismuth with zinc ions travelling at about 10% the speed of light."" By doing so, they would theoretically fuse, forming an atom of element 113. ""For over seven years we continued to search for data conclusively identifying element 113, but we just never saw another event. I was not prepared to give up, however, as I believed that one day, if we persevered, luck would fall upon us again,"" said Kosuke Morita, the lead researcher at Japan's RIKEN group.  ""Now that we have conclusively demonstrated the existence of element 113, we plan to look to the uncharted territory of element 119 and beyond."" With the discovery process now over, researchers have another tricky task at hand: coming up with permanent names and symbols for the elements.   According to the IUPAC, new elements can be named after a mythological concept, a mineral, a place or country, a property or a scientist.  After the proposed names are submitted, they will be open for public review for five months before the organization makes a final decision. ",Human,news
Black hole near Earth 'burps' gas,"Black holes have long been known for ""destroying"" matter, with scientists usually referring to them as ""eating"" gas and stars. This reputation may be about to change. Astronomers noticed two gigantic waves of gas being ""burped"" by the massive black hole at the center of NGC 5195, a small galaxy 26 million light years from Earth. It's one of the closest ""supermassive"" black holes to our planet to be showing such activity. The team believes the outburst is a consequence of the interaction of NGC 5195 with a nearby, larger galaxy. The energy generated by the sudden inflow of gas towards the black hole caused the outburst, which, according to the team, amassed enough material to prompt the formation of new stars. ""Apparently, black holes can also burp after their meal,"" the University of Texas's Eric Schlegel, who led the study, told NASA. ""Our observation is important because this behavior would likely happen very often in the early universe, altering the evolution of galaxies. It is common for big black holes to expel gas outward, but rare to have such a close, resolved view of these events."" Stephen Hawking's fantastic vision of black holes Using X-ray images from NASA's Chandra Observatory and optical images from the Kitt Peak National Observatory, Schlegel and his team spotted the two arcs of gas, preceded by a thin layer of cooler hydrogen gas. This suggests that the hotter gas snatched the hydrogen gas from the heart of the galaxy.  This outburst is an example of ""feedback"" between a supermassive black hole and the host galaxy. ""We think that feedback keeps galaxies from becoming too large,"" said Harvard-Smithsonian Center for Astrophysics's Marie Machacek, a co-author of the study. ""But at the same time, it can be responsible for how some stars form. This shows that black holes can create, not just destroy."" According to the team, who presented the study at the 227th meeting of the American Astronomical Society, the burp happened a few million years ago: The inner wave of gas took about three million years to reach its current position, and the outer twice as much. Complete coverage on Space and Science ",Human,news
"Cancer death rate continues to drop, thanks to science","How often do we get to report good news in the war on cancer? Not often, but today, there's cause for celebration. There has been a 23% drop in the cancer death rate since its peak in 1991, according to a new report from the American Cancer Society. That drop translates into more than 1.7 million cancer deaths averted through 2012, the latest year for which comprehensive data is available. ""Part of the decline in cancer mortality rates is because of smoking cessation and some of our successes in battling tobacco,"" said Dr. Otis Brawley, chief medical officer of the American Cancer Society. ""Part of the decline is because of improvements in our ability to treat many of these cancers. And part of the decline is from the success of what I'll call 'wise screening.'"" Overall, cancer incidence is stable in women and declining by 3.1% per year in men. The report attributes the significant drop in men to recent rapid declines in prostate cancer diagnoses, as prostate-specific antigen, or PSA, testing decreases. PSA testing is no longer recommended due to concerns of over-diagnosis. Cancer mortality rates have declined steadily over the last decade in both sexes. On average, the rate dropped by 1.8% per year in men and 1.4% per year in women. According to the American Cancer Society, the decline is driven by continued decreases in death rates for the four major cancer sites: lung, breast, prostate and colon/rectum. Death rates for female breast cancer have declined 36% from peak rates in 1989, while deaths from prostate and colorectal cancers have each dropped about 50% from their peak, a result of improvements in early detection and treatment. Lung cancer death rates declined 38% between 1990 and 2012 among males and 13% between 2002 and 2012 among females, due to reduced tobacco use. ""We have a large number of people who, even though they get health care, they get inadequate health care -- or, less than high quality health care,"" said Brawley. ""If we could improve those logistics, we could decrease the death rate from cancer even more."" ""We need to also focus on the fact that there are some good screening tests that actually clearly save lives, that we are not using enough,"" Brawley said. ""I would point out that 55% to 60% of Americans over the age of 50 are up do date on colorectal cancer screening. We could save a lot of lives if we could just get to 80% by 2018. We could help to decrease the cancer death rate that way. I would point out that there is no debate that mammography saves lives -- and if you look at women over the age of 45, about a third to 40% are not up to date on mammography. Many have never actually even had a mammogram, and we need to work on that."" Even as cancer remains the second leading cause of death nationwide, steep drops in deaths from heart disease have made cancer the leading cause of death in 21 states. Additionally, cancer is the leading cause of death among adults ages 40 to 79, and among both Hispanics and Asian/Pacific Islanders, who together make up one-quarter of the U.S. population. Heart disease remains the top cause of death overall in the United States. In 2012, there were 599,711 deaths from heart disease, compared to 582,623 of deaths from cancer, according to the report. ""I don't think the two diseases ought to be competing against each other,"" said Brawley. ""I think we need to realize that some of the causes of heart diseases are major causes of cancer. We talk a lot about high caloric intake, obesity and lack of physical activity. Those are risk factors for heart disease, as well as cancer. We talk a great deal about tobacco use. That's a risk factor for heart disease as well as cancer. We need to double down and work on all of those things."" The report estimates there will be 1,685,210 new cancer cases and 595,690 cancer deaths in the United States in 2016. ",Human,news
Texas governor joins Marco Rubio in call for new constitutional convention,"Texas Gov. Greg Abbott on Friday revealed his plans for a ""convention of the states,"" the first in more than 200 years, as part of a larger effort to reshape the U.S. Constitution and expand states' rights. ""We are succumbing to the caprice of man that our Founders fought to escape,"" Abbott said in a statement followed by a speech at the Texas Public Policy Foundation. ""The cure to these problems will not come from Washington, D.C. Instead, the states must lead the way.""  Abbott, despite deep ties to Texas Sen. Ted Cruz, has yet to endorse a candidate in the GOP's 2016 presidential primary race, but he might now have some common cause with Florida Sen. Marco Rubio, who in scattered comments over the past month and then more explicitly in a USA Today op-ed on Wednesday, proposed a constitutional convention as a means of ""reduc(ing) the size and scope of the federal government."" Rubio's spokesman Alex Conant told on Friday, ""It's great to have support for the convention of states.""  Rubio has suggested enacting term limits on federal legislators and Supreme Court justices, and creating a balanced budget amendment.  The balanced budget idea also appears in Abbott's program. But he goes into greater specific detail than Rubio elsewhere. As part of his ""Texas Plan,"" Abbott has proposed nine constitutional amendments, all designed to strengthen the states at the expense of federal power. One would require a ""seven-justice super-majority"" -- rather than a simple majority of five -- for the Supreme Court to ""invalidate a democratically enacted law.""  Other amendments would allow a two-thirds majority of the states to override any high court decision and prohibit federal legislators from seeking to regulate ""activity that occurs wholly within one state."" A similar majority would also be empowered to ""override a federal law or regulation."" In a 70-page, annotated treatise entitled, ""Restoring the Rule of Law with States Leading the Way,"" Abbot spells out his strategy and goals in further detail, while alternately attempting to preempt arguments about their legality. He also levels some political attacks, including an accusation that Obamacare proponents in Congress were responsible for ""abandoning, ignoring, and eroding the strictures of the Constitution."" In an email to, Laurence Tribe, a professor of constitutional law at Harvard Law School, expressed doubts over the viability of Abbott's plan. The process and protocol for gathering a ""convention of the states"" remains a mystery, he said, even to most experts. ""Nobody knows exactly how we'd determine when a new convention must be called,"" or ""whether distinct amendment calls could be combined to reach the requisite number of states,"" Tribe wrote, citing his own research. The role of the courts and Congress is also unclear and, as Tribe explained, despite arguments to the contrary, ""there is no agreed-upon process for coming up with definitive answers to any of these unknowns,"" creating a sort of legal ""black hole."" The amendment process is laid out in Article V of the Constitution, which says that either supermajorities in both houses of Congress or a national convention can propose them and a larger supermajority of states must sign on in order to secure ratification.  Here's what that sounds like in the Constitution: ""The Congress, whenever two thirds of both houses shall deem it necessary, shall propose amendments to this Constitution, or, on the application of the legislatures of two thirds of the several states, shall call a convention for proposing amendments, which, in either case, shall be valid to all intents and purposes, as part of this Constitution, when ratified by the legislatures of three fourths of the several states, or by conventions in three fourths thereof, as the one or the other mode of ratification may be proposed by the Congress; provided that no amendment which may be made prior to the year one thousand eight hundred and eight shall in any manner affect the first and fourth clauses in the ninth section of the first article; and that no state, without its consent, shall be deprived of its equal suffrage in the Senate."" There have been only 17 amendments since the original Bill of Rights. The most recent, the 27th amendment, keeps pay raises for the House and Senate from taking effect until after the next election. It was first proposed in 1789, but was not added to the Constitution until 1992. ",Human,news
Valuing your time may be linked to happiness,"Would you prefer a more expensive apartment with a shorter commute or a less expensive apartment with a long commute? That's one of the many real world questions researchers at the University of British Columbia asked more than 4,600 participants in the latest study on happiness.  The questions aim to get to the heart of what people value more: time or money.  New research that was collected over a year and a half and published by the Society of Personality and Social Psychology suggests valuing your time rather than pursuing money may be linked to greater happiness. Thousands of people participated in the six studies on happiness, and researchers found that the group was evenly split between those who valued money or time.  This was surprising for lead researcher Ashley Whillans, who says people tend to intuitively not say money because of cultural pressures. But since the groups were almost evenly split, with a slight leaning toward those who prefer time, she feels that participants were pretty honest during the studies.  ""It appears that people have a stable preference for valuing their time over making more money, and prioritizing time, is associated with greater happiness,"" the doctoral student in social psychology at the University of British Columbia said. Older people, those who were retired or approaching retirement, tended to say their time was more important than money, which was the reverse for younger participants.  Researchers sampled working Americans, students at the university and adult visitors of the science museum in Vancouver. The study found that those of various income levels and of both genders still tended to prioritize time over money. The study did not include those living at the poverty level. ""We wanted to learn about working adults who could go after more money or choose not to,"" she said. The value of time Time has become a hot commodity for working Americans. Adults who are employed full time work on average 47 hours per week, according to Gallup. That's an hour and a half more than a decade ago. Americans also tended to take fewer vacation days than their international peers, according to a 2014 Expedia.com survey. Whillans' research focused on day-to-day decisions when it came to happiness. ""We aren't saying you should give up your rent money to take a vacation in order to be happy,"" she said. But smaller decisions can possibly play a bigger role when it comes to happiness. ""In my personal life, my husband started taking a toll route that was a little more expensive so his commute would be shorter. We know that longer commuters generally make us unhappier,"" she said. Others have challenged the adage that money can't buy happiness though. Harvard Business School professor Michael Norton told in November that people gain happiness when they spend their money on experiences rather than on things.  People who spend their money on vacations or dinner with friends tend to have greater happiness experiencing those events, even if they are only temporary.  ""Because experiences disappear, they let us make up a reality that was amazing and wonderful, and they make us happier,"" Norton said.  Whillans added that it's likely having more free time that is vital toward happiness rather than earning more money. ""Even giving up a few hours of a paycheck to volunteer at a food bank may have more bang for your buck in making you feel happier,"" she said. Whillans says the findings suggest that there may be links between time and happiness, but more research is still needed. ",Human,news
Alabama outlasts Clemson to win NCAA football title,"There are 40 college football bowl games, and quite frankly, many of them this season were snoozers. If you fell asleep during Monday night's college football championship game, well, we feel for you. You must have been really tired.  It was a classic, full of big numbers, big plays and special moments that swung momentum in a game that went back and forth. Bleacher Report: Complete coverage of the national championship game No. 2 Alabama won its fourth college football national title in seven seasons, defeating No. 1 Clemson 45-40 at Glendale, Arizona. It is the 14th NCAA national title for the Crimson Tide, which finished the season 14-1. The title is the fifth for Alabama head coach Nick Saban, who also won one at Louisiana State. ""We didn't always play pretty in this game. It probably wasn't one of our best games when it just comes to flat execution,"" Saban said. ""But when it comes to competing and making plays when we needed to make them, it was probably as good as it gets. I think that's the kind of competitors that win championships, and that's probably why we're sitting here."" The defeat prevented Clemson from being the first Football Bowl Subdivision team to finish a season 15-0. Clemson head coach Dabo Swinney called the game a slugfest and said the Tigers showed great heart. ""But championship football is a game of a few plays, and that's really what this one came down to, just a few plays,"" he said. Big plays For much of the night the game was a highlight reel battle between Deshaun Watson of Clemson and Alabama's Derrick Henry, two of the three Heisman Trophy finalists this season. But in the second half, Alabama tight end O.J. Howard pulled off three big plays that thrust Alabama to the victory. Howard scored on a 53-yard pass in the third quarter and a 51-yarder in the fourth quarter. And with Alabama leading by five at 38-33, Howard took a swing pass for 63 yards to the Clemson 14. The Tide scored its final TD six play later. Coming into the contest, Howard, a junior, only had two touchdowns in his career. ""Initially it felt like a dream,"" he said after the game, ""and I tried to tell everybody to wake me up because I thought it wasn't real. It was just a great feeling to get in the end zone again."" Onside kick was turning point It was supposed to be a tough, defensive struggle, but each defense cracked at just the wrong times.  Clemson, sparked by Watson's dazzling running and often precise passing, had 550 yards of offense.  Alabama had 473 yards. Still, two of the most crucial plays in the game came on special teams for Alabama.  With the score 24-24 and 10:34 remaining, the Tide's Adam Griffith surprised the Tigers with an onside kick that was plucked out of the air by Marlon Humphrey. ""I made the decision to do it because the score and we were tired on defense, and weren't doing a great job of getting them stopped,"" Saban said. ""And I felt like if we didn't do something ... we wouldn't have a chance to win."" Howard caught a TD pass two plays later to give the Tide 14 points in 49 seconds. Clemson answered with a quick drive that led to a field goal, but Alabama's Kenyan Drake took the kickoff at the 5. His path appeared to be blocked at about the 20, but then he made a sharp left turn, outraced the Tigers to the other side of the field and sped to a 95-yard return for six points.  Top players, top performances Watson was genius all night. Several times Alabama's highly lauded defense had him trapped, absolutely. But Watson kept finding a way to scamper free and get a first down or big gain with his feet.  The sophomore quarterback, who was third in the Heisman voting, was on point most of the night with his passes. Watson finished 30-for 44 and 405 yards with four touchdowns.  ""Coach Swinney said, there was a few plays that we didn't really capitalize on, and I missed some throws, we dropped some balls, and just had some missed miscues,"" Watson said. ""Just some little things like that is going to really force yourself in a hole, and it's hard to beat a team like Alabama if you make those mistakes."" Alabama's Henry lugged the ball 36 times, totaling 158 yards. He had three touchdowns. Monday's game, at the University of Phoenix Stadium in Glendale, Arizona, pitted the winners of the semifinal games in the second College Football Playoff.  Last year, the four-team playoff replaced the Bowl Championship Series in which the top two teams were selected to play in the final game. Ohio State won the inaugural playoff championship game, routing Oregon 42-20. ",Human,news
"Obama scores high marks for speech, less positive for his presidency","President Barack Obama's final State of the Union address was met with deeply positive reviews, matching the best ratings for any of his State of the Union addresses, according to a/ORC instant poll of those who watched the speech.  But assessing Obama's time in office, more say his presidency has fallen short of their expectations than say it has exceeded them. Overall, 53% had a ""very positive"" reaction to the President's speech, matching the highest rating of his presidency reached following his 2013 address. Another 20% said they had a somewhat positive reaction to his speech, 25% reported a negative one. Most speech watchers say the policies Obama is proposing would move the country in the right direction, a smaller group feel they would take the nation the wrong way. Those figures are not far off the mark Obama set last year, when 72% thought the policies he proposed would move the nation in the right direction, the highest mark of his presidency. The poll is representative only of those who watched Tuesday's State of the Union, a group that tends to be more supportive of the President giving it than the population as a whole. Among those speech-watchers interviewed tonight, 42% consider themselves Democrats, 24% Republicans, a more Democratic tilt than Americans as a whole. That's reflected in their views of Obama's policies on several key issues, with majorities across-the-board saying they think the President's policies would move the nation in the right direction. Speech-watchers were most apt to say they would move the nation in the right direction on climate change, with smaller majorities saying so about the economy, gun policy, terrorism, health care policy and immigration. But 48% of those who watched the speech said that overall, Obama's presidency has fallen short of their expectations, compared with just 18% who say the President exceeded their expectations over his nearly seven years in office. Another 33% said the President's time in office met their expectations. Majorities see Obama's presidency as a success in addressing the economy, climate change, health care policy and terrorism, but most speech-watchers say it's been more of a failure when it comes to immigration and gun policy. The poll includes interviews with 386 adult Americans who watched Obama's speech, results among speech-watchers have a margin of sampling error of plus or minus 5 percentage points. Respondents were originally interviewed as part of a random national sample conducted January 5-11, and indicated they planned to watch tonight's speech and would be willing to be re-interviewed when it was over.   ",Human,news
NFL owners voting on Los Angeles relocation ,"Will there be an NFL team -- or two -- returning to the Los Angeles area next season? The answer may be coming very soon. The race for Los Angeles is on for the San Diego Chargers, Oakland Raiders and St. Louis Rams, and NFL owners are expected to vote either Tuesday or Wednesday at the special league meeting in Houston to relocate possibly one or two of those franchises. All three teams submitted applications to the NFL on January 4 to move their franchises to the Los Angeles area beginning with the 2016 season. A team needs 24 votes -- a three-quarters majority -- from league owners for approval, but according toMoney and other media reports, no proposal has the required votes to pass going into this meeting. This likely means some type of compromise would need to be made at the gathering in Houston. The relocation frenzy started when Rams owner Stan Kroenke announced plans in January 2015 to build a new stadium in Inglewood at the site of Hollywood Park, the former thoroughbred race course. His plan is the most expensive one at $1.9 billion, which includes the option of housing a second team and being part of an entertainment, retail and residential complex. Kroenke is willing to propose an equity ownership in the stadium in which the other team would be treated as an equal partner, NFL Commissioner Roger Goodell said December 2 at the league meeting in Dallas. Trump: Football, like America, 'has become soft' Since Kroenke's initial move, the Chargers -- teaming up with the Raiders -- have a proposal for a stadium in Carson, about 20 miles south of downtown L.A. That plan is estimated at $1.7 billion. ""We've made this clear for several years now -- we believe the stadiums in Los Angeles as well as other markets that are large markets should be capable of hosting two teams,"" Goodell said. ""That's a very important imperative for us."" The applications were reviewed last week by league staff and will be presented for consideration at the meeting in Houston. Three league committees met in New York last week, after which a formal recommendation was to be presented to the rest of the owners, according toMoney. The six owners who make up the Committee on L.A. Opportunities, which will make the recommendation, are Art Rooney II; Jerry Richardson; Robert Kraft; Robert McNair; John Mara; and Clark Hunt. While the league would not comment to on the price of a relocation fee, several media reports, including NFL.com's Ian Rapoport, say it would cost a team $550 million to relocate. Peter King from Sports Illustrated recently put that number in perspective, writing that Arthur Blank paid $545 million when he purchased the Atlanta Falcons in 2002. Los Angeles hasn't had an NFL team since 1995, when the Raiders went back to Oakland and the Rams moved to St. Louis. The Chargers were in Los Angeles in the early 1960s as a charter member of the American Football League, which later merged with the NFL. ",Human,news
Winners and losers in Rams' return to LA,"Football is a game of inches. At the NFL level, it is also a game of dollars. At Tuesday's NFL owners meeting, franchises were moved around like so many multi-million dollar board game pieces.  The Rams, who called St. Louis home for 20 years, are moving back to Los Angeles where they were the home team from 1946-1994. The San Diego Chargers have been given the option to move to Los Angeles as well. And the Oakland Raiders folded their bid for the City of Angels, but the team's final destination remains in flux.  Fans in all these cities awaited for the outcome. And when it came, the message from the NFL was best summed up by Miami Dolphins owner Stephen Ross: ""Everybody won."" New York Post writer Bart Hubbuch reported that Ross was pressed on his assertion of a win-win: What about St. Louis fans?  ""Well, somebody has to lose,"" Ross replied.  There certainly are people feeling like winners or losers today.  The front pages of newspapers in Los Angeles and St. Louis definitely convey different emotions, but it is impossible to measure if the joy of Los Angeles residents is greater than the sorrow of St. Louis fans.  The nostalgia and heartbreak in St. Louis was matched on social media with celebration on the West Coast.  Loser: St. Louis  To add insult to injury, not only has St. Louis lost its NFL team, but taxpayers could be on the hook for millions.  If the city, state or county cannot find a way to replace the revenue from the Rams' lease, the cost will transfer to the taxpayers, the head of the St. Louis Regional Sports Authority told affiliate KTVI Nearly $130 million is still owed for the bonds that paid for Edward Jones Dome, KTVI reported. Before, the Rams organization paid $500,000 yearly to lease the stadium, and another $25,000 for the Rams Park training facility.  But it's not all gloom. In an effort to keep the Rams in St. Louis, a task force created a proposal for a new stadium, estimated to cost just under $1 billion. Public financing for sports stadiums is increasingly controversial, and the plan floated in St. Louis would have added at least $350 million to the taxpayers' tab.  Winner: Rams owner Stan Kroenke He got what he wanted.  Three teams -- and three powerful owners -- were vying for one or two spots for teams in Los Angeles.  Kroenke successfully negotiated his way to Los Angeles, leaving San Diego to decide its future and Oakland out of luck this time.  He pulled it off by announcing plans for a new $1.9 billion stadium in Inglewood, California. The stadium, which the NFL owners also approved, will be the home of the Los Angeles Rams and possibly a second team.  St. Louis fans took Kroenke's move as villainous.   The Kroenke family also owns a professional hockey team, the Colorado Avalanche, and one St. Louis Rams fan who helped the Tampa Bay Lightning defeat the Avalanche made it personal.  Winner: Los Angeles football fans A day ago, Los Angeles was an anomaly: A huge market without an NFL team.  Now, it has the Rams, and possibly, the Chargers, too.  There are still many details to be answered, but Los Angeles fans are excited.  ",Human,news
Ohio dad won't be charged in son's killing,"Georta Mack's father thought the teen had gone to school Tuesday morning. Instead, the 14-year-old Cincinnati boy sneaked back into the basement of his home, investigators say, where his father, mistaking him for an intruder, shot and killed him -- a tragedy, but not a crime, say authorities. No charges will be filed against Mack's 72-year-old father, because evidence shows that the dad's story about mistaking the boy for an intruder checks out, Hamilton County Prosecutor Joseph Deters said Wednesday. ""There is one one word for this: tragedy,"" Deters said. ""It is impossible to imagine how horrible the father must feel for mistaking his son for an intruder."" ""All of the forensic evidence matches what the father told the police, and, therefore, no charges are appropriate."" Police said the father, whose name has not been released, called 911 at about 6:30 a.m. Tuesday to report that he had shot his son. ""I just shot my son by accident,"" the father is heard saying in a recording of the 911 call obtained by affiliate WCPO. ""He scared me. I thought he was in school. I heard noise and then I went downstairs looking. He jumped out at me. I shot him."" ""Oh God. Oh God. Why didn't you go to school?"" the father says. The incident happened, the father told police, after he saw Georta walk to a bus stop, and then saw the bus leave. After the father sent a text to Georta to confirm he was on the bus, the teen called to say that he was indeed on board, a news release from Deters' office said. The father heard noises in the home a short time later. Concerned about a break-in, he retrieved a .45 revolver and searched the home, the release said. ""When dad was in the basement, he opened a closet door. Georta was in the closet and yelled, 'Boo,' '' the office said.  ""The father said that he was startled when he fired a single shot. The shot hit Georta in the neck. Georta was transported to Children's Hospital, where he was pronounced dead."" This is at least the second case of a family member shooting and killing a family member -- apparently by mistake -- within the last two weeks. On the night of December 29, a woman in St. Cloud, Florida, shot her 27-year-old daughter, apparently mistaking her for a burglar. The woman fired only one round, police said, and the daughter later died at a hospital.  did not identify family members in that case by request of St. Cloud Police, who said the father of the victim had been an undercover police officer. St. Cloud police said the shooting appears to be accidental, but that an investigation is ongoing.",Human,news
Why Paul Ryan vacated a vote to sanction Iran,"When House Speaker Paul Ryan tells members they need to be on time for votes, he means it.  The House technically passed a bill on Wednesday imposing new sanctions on Iran, something many House Republicans critical of the Obama Administration were eager to do. But after a significant block of lawmakers didn't make it to the floor in time to register their support they asked for a do-over. House GOP leaders moved to ""vacate"" the vote, and got agreement from Democrats, many of whose members also missed the vote.  As a result, roll call vote 44 was wiped away from the official record and rescheduled for the end of January.   Out of the 137 House members who missed the vote, 57 were Republicans and 80 were Democrats. ""The speaker made an announcement on the floor last week about keeping vote times closer to the allotted time. While we'll continue to make that a priority, because many members missed this important vote, it was vacated and we'll revote when we return,"" Ryan spokeswoman Ashlee Strong told. The GOP Iran measure would bar the President from lifting sanctions on individuals or entities in Iran unless the Administration certifies they are not supporting terror or building weapons. The vote was scheduled before the developments late on Tuesday in which 10 U.S. Navy sailors were detailed, but during floor debate Republicans pointed to the episode as further proof the bill was needed. Many Democrats agreed Iran was not to be trusted, but argued Congress should come up with a more bipartisan proposal.  Normally the first vote lasts 15 minutes, but because it is regular practice in the House to hold them open for at least 25-30 minutes, many lawmakers don't rush to make it in time. Ryan's action Wednesday puts members on notice they need to hustle or risk missing a vote, something that potentially opens a member up to political attacks. House Minority Leader Nancy Pelosi defended Ryan's decision. ""I think the gaveling was premature, but I think the Speaker is rightfully serious about expeditiously dealing with the votes in a timely fashion,"" she said Wednesday.",Human,news
Astronomers may have found most powrful supernova ,"An international team of astronomers may have discovered the biggest and brightest supernova ever. The explosion was 570 billion times brighter than the sun and 20 times brighter than all the stars in the Milky Way galaxy combined, according to a statement from The Ohio State University, which is leading the study. Scientists are straining to define its strength. ""This may be the most powerful supernova ever seen by anybody ... it's really pushing the envelope on what is possible,"" study co-author Krzysztof Stanek, an astronomer at Ohio State, was quoted as saying in The Los Angeles Times. The team of astronomers released their findings this week in the journal Science. The explosion and a gas cloud that resulted are called ASASSN-15lh after the team of astronomers, All Sky Automated Survey for Supernovae, that discovered it last June. A supernova is a rare and often dramatic phenomenon that involves the explosion of most of the material within a star. Supernovas can be very bright for a short time and usually release huge amounts of energy. Searching for the power source This blast created a massive ball of hot gas that the astronomers are studying through telescopes around the world, Ohio State said. It cannot be seen with the naked eye because it is 3.8 billion light years from Earth. There's an object about 10 miles across in the middle of the ball of gas that astronomers are trying to define.  ""The honest answer is at this point that we do not know what could be the power source for ASASSN-15lh,"" said Subo Dong, lead author of the Science paper, according to Ohio State. He is a Youth Qianren Research Professor of astronomy at the Kavli Institute for Astronomy and Astrophysics at Peking University. Todd Thompson, professor of astronomy at Ohio State, said the object in the center may be a rare type of star called a millisecond magnetar. Spawned by a supernova, it's a rapidly spinning, dense star with a powerful magnetic field.  Could it be a 'supermassive black hole'? To achieve the brightness recorded, the magnetar would have to spin 1,000 times a second and ""convert all that rotational energy to light with nearly 100% efficiency,"" Thompson said, according to the Ohio State press release. ""It would be the most extreme example of a magnetar that scientists believe to be physically possible."" The question of whether a suprnova truly caused the space explosion may be settled later this year with help from the Hubble Space Telescope, which will allow astronomers to see the host galaxy surrounding the object in center of the ball of gas, Ohio State said.  If it's not a magnetar, it may be unusual nuclear activity around ""a supermassive black hole,"" Ohio State said. Supernova secrets seen in X-rays",Human,news
Space anomaly likely not caused by comets,"Remember that space anomaly of the dimming star that had everyone crying ""aliens""? Well, it's still as mysterious as ever. Theories surrounding the star system KIC 8462852, also known as Tabby's Star, ranged from comets to an ""alien megastructure"" after the online astronomy crowdsourcing site Planet Hunter discovered an unusual light fluctuation in the star system a few years ago. A new analysis of KIC 8462852 shows that the star system, which lies about 1,500 light years away, has been gradually dimming for more than a century, and it's likely not caused by a cloud of orbiting comets. Bradley Schaefer, a physics and astronomy professor at Louisiana State University, examined data from a Harvard University archive of digitally scanned photographic plates of the sky dating back more than a century. He averaged the data and noticed that the star system also dimmed between 1890 and 1989.  ""This star's dimming is unique and inexplicable,"" Schaefer told. Tabby's Star is an F-type main sequence star. This type of star does not dim by 20%, as Tabby's Star has shown, he explained. ""Millions of these stars have been monitored for this sort of thing, and they don't fade,"" he said. The data from the photographic plates was also examined by Yale postdoctoral astronomy fellow Tabetha Boyajian, who is on Planet Hunters' advisory team. She and other colleagues published an academic paper in September that theorized the dimming light could be from comet fragments.  But the probability of a comet family creating the erratic dip in brightness is highly unlikely, Schaefer said. ""The century-long dimming trend requires an estimated 648,000 giant comets... all orchestrated to pass in front of the star within the last century,"" he writes in the research paper. ""The trouble is that Tabby's Star, it's a perfectly ordinary star. The only thing that was unusual about the star was the dip seen by Kepler,"" he said. NASA's Kepler Telescope, which is on a mission to find Earthlike planets, documented KIC 8462852's abnormality after monitoring the star system from 2009 to 2013. Ordinarily, a star will dip in brightness as planets pass by them, but KIC 8462852 has displayed irregular fluctuations of light that sometimes decreasing by as much as 20% in brightness. The Search for Extraterrestrial Intelligence Institute started monitoring Tabby's star after NASA's Kepler team vetted the data showing the unusual light patten.  In November, SETI's senior astronomer Seth Shostak told they hadn't picked up any radio signals from the star system. But that doesn't rule out intelligent life in KIC 8462852. ""There is estimated to be in our galaxy alone a trillion planets. And we can see 100 billion galaxies,"" Shostak said. ""It's believed that one in 10 stars may have a habitable world capable of supporting life."" The comet-family theory as well as other explanations for Tabby's star dimming have all been refuted, Schaefer said. But there might be two other possible solutions. ""Either nature has found a hidden loophole, or hey, maybe there is a totally new idea,"" Schaefer said.  So what about the possibility of aliens? That explanation doesn't rank high on Schaefer's list. ""I too, like everyone else, would be astounded if those ideas could be proven true. But we're going for the facts."" For now astronomers still cannot explain what's going on with KIC 8462852. ""It's a normal star behaving weirdly,"" Schaefer said. ""We've got ourselves a classic mystery."" ",Human,news
Miss Colombia appears on Steve Harvey's show,"Miss Colombia isn't holding a grudge against Steve Harvey, despite his mortifying flub a month ago mistakenly naming her the winner of the Miss Universe pageant. She says she isn't even going to sue him, as some lawyers have suggested. But she does have some advice for the television host. ""You need to learn how to read cards,"" Ariadna Gutierrez joked with Harvey during an appearance on his talk show scheduled to air Tuesday. During the finale of the December 20 Miss Universe Pageant, Harvey misread the card listing the winner and runners-up; he announced Gutierrez as the winner. Pageant judges had intended for Miss Philippines, Pia Wurtzbach, to win. Harvey's gaffe resulted in an intensely awkward moment in which the crown was taken from Gutierrez and placed on Wurtzbach. ""If you see the videos, I was laughing because I thought you were about to make a joke,"" she said. ""That would have been the worst damn joke I ever wrote in my life,"" Harvey shot back. Will Harvey get another chance at Miss Universe? Gutierrez says the experience felt like a ""nightmare"" and revealed that several lawyers contacted her, suggesting that she sue. ""That's not me,"" she said. ""That's not who I am."" She says she's moved on now. ""This is our destiny,"" she said. Harvey, who appeared emotional at times, said the gaffe wasn't a publicity stunt, as some have theorized. He also revealed that he had received death threats over the mistake. Tuesday's show is the second part of a two-part special. Monday's episode featured Wurtzbach. ""I was very happy that I won; I was excited,"" she told Harvey. ""But I was also thinking about. I couldn't help but think about how tough this must be for her."" Miss Colombia: 'It was very humiliating' ",Human,news
"Suicide bomber targets bus, kills 7 in heart of Kabul","A suicide attacker on a motorcycle set off a deadly explosion near a bus carrying media professionals on Wednesday in the heart of Afghanistan's capital, officials said. Tolo TV network, one of the Afghan broadcasters apparently targeted, put the death toll at seven civilians.  Earlier, Afghan Deputy Interior Minister Mohammad Ayoub Salangi said six civilians, including four women, had died, and at least 24 others were wounded in the Kabul blast. The bomber targeted a bus carrying staff members from Tolo TV and video production company Kaboora Productions, Afghan Chief Executive Abdullah Abdullah said. Afghanistan's parliament building and the Russian Embassy are on the road where the blast occurred. It was not clear if the attack wounded any Afghan public officials or foreign diplomats.  The Taliban claim responsibility for the bombing, wrote Zabihullah Mujahid, a spokesman for the Taliban's self-declared Islamic Emirate of Afghanistan, via email. He accused Tolo TV of being part of the West's intelligence network. The Taliban's purported involvement in Wednesday's attack isn't a major surprise, given its longstanding and violent opposition to free expression and other rights. The group issued a threat against the independent Tolo TV network last year. The White House condemned the attack and one in Pakistan at a university. The attacks ""underscore the ongoing threat that terrorists pose to the region and to the peaceful and prosperous future we seek to build together,"" National Security Council spokesman Ned Price said. ""We offer our deepest condolences to the victims of the attacks and to their families."" The U.S. Embassy in Kabul said a ""vibrant media"" is one of the successes to emerge after the United States invaded the country following the September 11, 2001, terrorist attacks. ""Murdering those who work to enlighten, educate and entertain will not stop Afghans from exercising their universal human right to freedom of expression,"" the embassy said. Taliban one of many violent forces in Afghanistan The Taliban has been battling the Afghan government and its foreign allies since being ousted from power after the U.S. invasion.  Yet it is hardly the only group responsible for recent violence in Afghanistan. Under its late leader Osama bin Laden, al Qaeda long called the mountainous Asian nation its home, and it continues to have a presence there. More and more, ISIS is making its presence felt.  That group emerged in Iraq and Syria, where it holds swaths of territory as part of what it calls its Islamic State caliphate, but has carried out or inspired attacks in many other places around the world as well.  The relatively poor, war-torn nation of Afghanistan has been one such locale, with President Ashraf Ghani warning the U.S. Congress last March about the ""terrible threat"" the group poses to his country and its neighbors. Gen. John Campbell, the commander of U.S. forces in Afghanistan, told Congress last fall that between 1,000 and 3,000 active ISIS members were in Afghanistan. Many of these new recruits are disaffected Taliban, a fact that may have played into Russia's recent decision to share intelligence pertinent to fighting ISIS with the Taliban, its historic foe. ",Human,news
Joe Biden: U.S. doesn't need 'socialism',"Vice President Joe Biden disparaged socialism while addressing the World Economic Forum in Switzerland on Wednesday, as his own political party finds itself with a self-described ""democratic socialist"" leading in some state polls. ""We need -- not just in my country, but in other countries -- a more progressive tax code. Not confiscatory policy, not socialism, a tax code,"" Biden said. ""Everybody pays proportionally a fair share. This is not meant to penalize everybody."" The phrase -- according to the vice president's office, not a specific reference to Sen. Bernie Sanders, the Vermont senator who identifies as a democratic socialist but caucuses with Democrats -- was embedded in a larger speech that hit some of Biden's most frequently touted policies: economic fairness, boosting the middle class and encouraging corporate responsibility. Hillary vs. Bernie: Their money...and yours It wasn't the first time members of the administration have sought to explain their policies by highlighting what they are not. President Barack Obama defended his economic agenda against claims of socialism, most recently in 2014. Explaining how he'd fund new education initiatives, Obama said, ""We'd pay for it in part by closing tax loopholes for companies that are shipping their profits overseas."" ""It's not crazy, it's not socialism,"" he said. During his reelection bid in 2012, Obama made the same assertion.   ""I believe that in a society as wealthy as ours, we should have a commitment to our seniors and to the disabled. That's not a sign of weakness. That's not socialism,"" he said. But with Democratic voters increasingly rallying around Sanders, according to polls in Iowa and New Hampshire, the phrase could soon appear out-of-date.  In a recent Des Moines Register/Bloomberg poll in Iowa, more likely Democratic caucus-goers -- 43% -- identified as ""socialist"" rather than identifying as ""capitalist."" ",Human,news
Hundreds dead as ISIS makes gains in strategic Syrian city,"Fierce battles continue around the strategic city of Deir Ezzor in northern Syria between regime forces and the Islamic State in Iraq and Syria, according to human rights groups.  Hundreds of combatants and civilians have been killed over the past week, and Russian aircraft have been dropping supplies to beleaguered army units. The regime of President Bashar al-Assad is battling to retain a foothold in the area. It still controls the military airport to the south, but ISIS claims to have overrun several regime-held districts at the beginning of the week, taking advantage of a sandstorm that grounded military aircraft. But in the last few days, Russian and possibly Syrian warplanes have carried out airstrikes against ISIS areas, while the already desperate situation of civilians has worsened. The Institute for the Study of War -- a Washington-based group that analyzes the conflict in Iraq and Syria -- said Russia had shifted the focus of its air campaign to Deir Ezzor in the face of the major ISIS assault on parts of the city still held by the regime. ""The shift in Russian air operations serves to forestall the immediate defeat of regime forces in Deir Ezzor, one of the last remaining regime outposts in Eastern Syria,"" the Institute said. Even so, the regime presence in Deir Ezzor looks increasingly precarious. Were ISIS to capture the entire city, it would give the group morale-boosting control of a second provincial capital in Syria, after Raqqa, and improve its supply lines across the border into Iraq. ISIS fighter executes own mother in Syria for 'apostasy,' rights group says Much of the fighting has concentrated on the suburb of al Bghiliyyeh to the north of the city, an area held by army units and allied militia even after ISIS took control of most of Deir Ezzor a year ago. The Syrian Observatory for Human Rights, which monitors the conflict across Syria, reported that 200 soldiers had been killed in the latest surge of fighting, of whom 48 had been executed by ISIS, while 110 ISIS fighters had died, including 30 suicide bombers.  SOHR said that more than 40 civilians had been killed in aerial and artillery bombardments by regime forces and their allies as they tried to recover lost ground.  And on Friday it reported fresh airstrikes against the nearby town of Tabia, which is controlled by ISIS, in which 30 civilians were killed, including 13 children. Inevitably, the Syrian Foreign Ministry has painted a very different picture, claiming ISIS had carried out a massacre in al Bghiliyyeh last Saturday, ""slaughtering, and shooting innocent civilians, claiming the lives of more than 280 civilians, most of them women, children, and elderly people.""  There is no way to independently reconcile the widely differing accounts of events in Deir Ezzour. But it's clear there has been heavy fighting and that ISIS has gained the upper hand, taking a number of districts as well as high ground around the city. Videos and photographs published by the ISIS-affiliated Amaq news agency this week purport to show captured and dead regime soldiers, stocks of seized weapons, including a number of missiles, and ammunition.  ISIS releases 270 civilians after weekend kidnapping, rights group says Another Amaq video purports to show Russian planes dropping supplies to regime-held areas this week, but intelligence consultancy Flashpoint Partners said that given the fluid situation on the ground, ""it is not clear whether the alleged Russian airdrops ended up in The Islamic State's hands."" The humanitarian situation in Deir Ezzor has worsened dramatically since ISIS besieged several neighborhoods a year ago. SOHR says ISIS has long prevented food and medical supplies reaching these areas and estimates that some 250,000 civilians in the area now lack food and other essentials. The latest fighting has sent thousands fleeing to surrounding areas.  ISIS appears to be trying to take advantage of its gains by coercing local tribes to take its side. SOHR said that according to its sources, ISIS had met with tribal leaders near the city this week to demand that ""the sheikhs of the clans and their clans support the Islamic State in the fighting against the infidels."" SOHR's sources said several agreements had been reached, without disclosing details. Deir Ezzour is a critical junction for the group, with roads east and south toward Iraq and west to areas it controls in Homs province, including Palmyra. The city is also surrounded by some of ISIS' most valuable oilfields, which have been intensively targeted by both U.S. and Russian airpower in recent months.  ISIS steps up attacks far from its 'caliphate' ",Human,news
Donald Trump could 'shoot somebody and not lose voters',"Donald Trump boasted Saturday that support for his presidential campaign would not decline even if he shot someone in the middle of a crowded street. ""I could stand in the middle of 5th Avenue and shoot somebody and I wouldn't lose voters,"" Trump said at a campaign rally here. After the event, Trump declined to answer when asked by to clarify his comments. The GOP front-runner has repeatedly pointed to the loyalty of his supporters, many of whom tell reporters and pollsters that almost nothing could make them change their mind about voting for Trump in the presidential race. Trump's comments come as the debate about gun violence in America has taken center stage in American political discourse amid several highly publicized mass shootings. Trump has repeatedly touted his strong support for the Second Amendment and slammed President Barack Obama's recent use of executive orders to expand the reach of background checks needed to purchase a gun. The brash billionaire's comments also come less than two months after two ISIS-inspired terrorists killed 14 people in San Bernardino, California, and ISIS-linked attacks killed 130 in Paris. In response, Trump has called for fewer gun restrictions and a harder stance on terrorism. Trump asks if he should sue Cruz 'just for fun' Asked about Trump's comment after a campaign event in Iowa, Texas Sen. Ted Cruz, Trump's top rival for the GOP nomination, shook his head. ""I will let Donald speak for himself,"" Cruz said. ""I can say I have no intention of shooting anybody in this campaign."" Trump has joked about killing people before. Last month, he appeared to consider whether he would kill journalists, as Russian President Vladimir Putin -- whom Trump defended -- has been accused of doing. ""I would never kill them. I would never do that,"" Trump told supporters in Grand Rapids, Michigan, before reconsidering. ""Uh, let's see, uh?"" he said aloud, his voice rising. ""No, I would never do that."" In Iowa, Cruz aims to undo Trump's cachet on immigration",Human,news
Quagga were extinct for 100 years. Now they're back,"Never heard of the quagga? You're not alone. The animal, a relative of the zebra, went extinct over 100 years ago. Now, a group of scientists outside of Cape Town are bringing it back. Like zebras, the quagga has stripes, though these only appear on the front half of their bodies. Unlike the zebra, they are brown along the rear half of their body. These animals used to roam South Africa in vast herds, but European settlers fixed the beasts in their sights, killing them at an alarming rate. By the 1880s, the last known example had died. Now, however, scientists have bred an animal that looks strikingly similar with the help of DNA and selective breeding.  Reverse engineering A group called the Quagga Project has worked to resurrect the little-known species. According to Eric Harley, the project's leader and a professor at Cape Town University, the key was hidden in the animal's genetics. Testing remaining quagga skins revealed the animal was in fact a sub-species of the plains zebra.  Harley hypothesized that the genes which characterized the quagga would still be present in the zebra, and could manifest through selective breeding. With each new group of foals, the distinct colorings have become stronger and more defined.  ""The progress of the project has in fact followed that prediction. And in fact we have over the course of 4, 5 generations seen a progressive reduction in striping, and lately an increase in the brown background color showing that our original idea was in fact correct,"" says Harley. A zebra can change its stripes The project has not been without its critics. Some have called the project a stunt, saying all that's been created is a different looking zebra, without taking into account the ecological adaptations or behavior differences in the original quagga. ""There are a lot of detractors who are saying you can't possibly put back the same as what was here,"" says fellow project leader Mike Gregor. These animals ""might not be genetically the same,"" adds Gregor, who admits that ""there might have been other genetic characteristics adaptations that we haven't taken into account."" Accordingly, these creatures are named ""Rau quaggas,"" after Reinhold Rau, one of the project's originators. Only six of the 100 animals on the reserve currently hold this title, but when the number reaches 50 there are plans for the herd to live together in one reserve. ""What we're saying is you can try and do something or you could just not,"" argues Gregor. ""And I think us trying to do, trying to remedy something, is better than doing nothing at all."" ""If we can retrieve the animals or retrieve at least the appearance of the quagga,"" Harley suggests, ""then we can say we've righted a wrong.""  ",Human,news
"Poll: Hillary Clinton tops Bernie Sanders, but lead shrinks","A majority of Democratic voters say Hillary Clinton is their top choice in the race for their party's nomination, but her margin over Bernie Sanders is smaller than it has been at any point since before the field narrowed to three. According to a new nationwide/ORC Poll, Clinton tops Sanders 52% to 38% among registered voters who are Democrats and Democratic-leaning independents. Former Maryland Gov. Martin O'Malley is far behind the two top candidates at just 2%. Though Clinton's lead over Sanders remains in double-digits, these figures represent the tightest the contest has been since early September. Back then, before Vice President Joe Biden had opted out of the race and before the remaining Democratic field ever took to a debate stage, Clinton topped Sanders by just 10 points. The poll findings come as the three remaining Democratic candidates prepare to make their final pitches to Iowa voters in a town hall set to air on Monday night. Though the national picture tilts in Clinton's direction, according to this poll, other recent surveys in Iowa and New Hampshire -- the two states hosting the first contests of the 2016 nomination battle -- suggest Clinton will face an uphill climb in trying to grab an early victory. Iowa polls find the top two Democrats near-even among that state's likely caucus-goers, while Sanders has something of a home-field advantage in New Hampshire and tops Clinton there handily. The national survey shows a Democratic electorate sharply splintered along demographic lines.  Women, non-whites, self-identified Democrats and those over age 50 are Clinton's strongest backers. Men, white voters, independents who lean Democratic and younger voters are more apt to say they plan to support Sanders.  Only independents and younger voters, however, give Sanders a significant edge over the former secretary of state. Men and white voters are about evenly split between the two. Clinton is widely seen as better able to handle four issues tested in the poll, topping Sanders by 43 points as more trusted on foreign policy, 19 points on gun policy and 15 points each on the economy and health care.  But Sanders has gained significant ground on Clinton on health care, gun policy and even foreign policy since these questions were last asked in/ORC polling in November or December. More broadly, the gap between the two candidates is far tighter when Democrats are asked to assess who better represents Democratic values. On that question, 48% choose Clinton, 42% Sanders. Still, Clinton maintains a sense of inevitability. Nearly three-quarters of Democrats say they expect to see her name atop the party's ticket come November, including nearly half of those who say they support Sanders. She is also broadly viewed as having the better chance to win the general election: 71% of Democratic voters think Clinton has a better shot than Sanders. Overall, the poll suggests Democratic voters would be content should either Clinton or Sanders emerge as the nominee at the end of the nomination process.  While both Clinton's and Sanders' supporters express greater enthusiasm about the possibility that their favored candidate would lead the party in the general election, most say they would still be satisfied if the other candidate won. Six-in-10 Clinton backers would be satisfied or enthusiastic if Sanders won, and 54% of Sanders backers would be satisfied or enthusiastic if Clinton won.  Both candidates enjoy broadly positive favorability ratings among Democrats. The poll also finds Democratic voters broadly focused on economic issues and health care: More than 8 in 10 say the economy, the income gap between rich and poor, and health care are critical to their vote for president this year. The/ORC Poll was conducted by telephone January 21-24 among a random national sample of 1,002 adults. Results for the full sample have a margin of sampling error of plus or minus 3 percentage points. For results among the 440 registered voters who are Democrats or independents who lean toward the Democratic Party, the margin of sampling error is plus or minus 4.5 percentage points. ",Human,news
 Jeb Bush makes his pitch in rural Nevada,"As other candidates are barnstorming Iowa, Jeb Bush made an out-of-the-way stop Tuesday to campaign in the rural town of Elko, Nevada, a small city in the northeastern corner of the state. The Republican presidential candidate made a similar pitch as he's been making in other early voting states, urging the crowd to prove the pundits ""wrong"" and back a candidate that may be low in the polls yet has a record of experience rather than the current front-runner, Donald Trump. ""I have confidence that you're going to make the right decision, and I hope that you'll caucus for me in the fourth week of February, where you're going to make a difference to send a signal to the rest of the country that people in Nevada got their head's screwed on the right way,"" he said. Bush delivered his standard stump speech to about 135 people at the rally, which was held in the Northeastern Nevada Museum, a sprawling venue that's filled with taxidermy animals among other exhibits.  The Elko High School Band helped provide a musical welcome. It was an off-the-radar kind of stop. Only 844 people caucused in Elko County in 2012, but voter turnout is expected to be larger this year.  ""We're anticipating a pretty good turnout this time. It's a process. Nevada hasn't always been a caucus state, so we're getting more into it,"" said Nevada GOP Chairman Michael J. McDonald, who helped introduce Bush at the event, but is not endorsing any of the candidates. Bush flies Tuesday night to Des Moines, Iowa, where he'll attend the GOP debate Thursday and then embark on an aggressive three-day campaign schedule across the state before the caucuses on Monday. The Elko stop, Bush's campaign says, was made to show that Bush has a ground game in all the early voting states and that they're not leaving any behind. ""I think being in Nevada reflects what we've doing the entire year which is to be in early states often and to be in all of them,"" said spokeswoman Kristy Campbell. Jeff Russell, a contractor from Elko, said he's leaning towards Bush and Donald Trump. ""I think he's a brilliant guy; he just says the wrong things sometimes,"" Russell said of Trump. As for Bush, Russell said he found Bush to be sincere. ""Everything I've heard about him -- none of it's been negative. I thought his brother was a fine president and I thought his dad was a fine president."" ",Human,news
Palestinian comedy up for Oscar,"A literal minefield in the West Bank would be the perfect setting for a suspense movie or perhaps even a horror or drama. Anything but a comedy.  But that's exactly where first-time Palestinian film director Basil Khalil sets ""Ave Maria,"" a comic short about a clash of cultures.  Without giving away too much of the plot, it's about religious Jewish settlers who crash their car in the West Bank right before the Sabbath.  Their only help comes from devout nuns living in an isolated convent -- but the nuns have taken a vow of silence. It's a complete communications breakdown: Jews who can't use a phone or electricity on the Sabbath and Christians who can't speak because of their vow. ""For us, this is hilarious,"" says Khalil, ""but for them, this is real life, and I wanted to sort of highlight the questioning of rules that we take on ourselves. How necessary are they? Are they really life or death? Or are they absurd?"" Khalil wasn't trying to make a political statement with his film. There are no Palestinian or Israeli flags. He is visibly uncomfortable talking about politics. ""The Israel/Palestine conflict? Oh God,"" he answered with a nervous laugh when we asked him his thoughts on a solution to the conflict. 'Need to connect' He'd rather talk about the people living the conflict. ""They need to connect on a human level,"" he says of Israelis and Palestinians. ""I've got Israeli friends. I've got Palestinian friends from all spectrums. And on the human level, we all get along."" It took a couple of years to write the script, he says, explaining that he did not want it be patronizing or poking fun.  But it's a sensitive subject, he admits: ""Somebody is going to be offended somehow."" Khalil has taken his 15-minute film to 60 film festivals across 30 countries.  He has his sights set even higher. ""Ave Maria"" is nominated for an Oscar for best short film.  It's not the first Palestinian film nominated for an Oscar, but it is the first comedy. Director Hani Abu As'ad has had two films nominated for best foreign film: ""Paradise Now"" in 2005 and ""Omar"" in 2013. Neither film won. Laughing at the human condition ""Ave Maria"" premiered in Jerusalem one month before the Oscars in a small but crowded independent theater.  Huda al-Imam plays the convent's mother superior. Cinema, she says, is an important way of laughing at the difficulties of Palestinian life. ""We want to keep our sanity and our humanity despite the fact that we are completely controlled by inhuman elements around us,"" al-Imam said at the premiere. ""We are still human and we're still ordinary people and we can still laugh."" In a region rife with political and religious rules, Khalil says there is value in questioning those rules for a new perspective on an old conflict. ""The minute you are born in Israel/Palestine, you are assigned a side,"" he says. ""You don't get to choose if you are born Jewish, Muslim or Christian; but you do get to choose the level of extremism that you will adhere to."" ",Human,news
Orange County jail escapee Bac Duong caught,"One of the three inmates who escaped from a California jail last week has turned himself in, Orange County Sheriff Sandra Hutchens told reporters in Santa Ana.  Bac Tien Duong, 43, was taken into custody in Santa Ana on Friday morning.  Hutchens said Duong approached a citizen on the street just before noon and said he wanted to turn himself in. affiliate KCAL interviewed the owner of the auto shop where Duong gave himself up. Tri Nguyen told the station his wife called police after Duong came in and said he wanted to surrender. Nguyen and Duong have been friends for almost 10 years, the owner said. Another man told reporters that Duong wanted to be at a place where he could be detained safely. How Duong got to the shop was a mystery, the man said. Duong was the chief suspect in the theft of a white GMC van that was stolen on Saturday, one day after he escaped from a maximum security jail with Hossein Nayeri, 37, and Jonathan Tieu, 20.  Authorities are still looking for the van and the other two escapees.  Police believe the men are in the San Jose area, a 6½ hour drive north. At an evening news conference, Orange County Sheriff Lt. Jeff Hallock said Duong was with the other men there on Thursday but decided to return to Santa Ana on his own and surrender. Nayeri and Tieu might be headed to Fresno, where Nayeri has some acquaintances.  The spokesman told reporters that the van has been altered; the windows have been tinted and some decals have been removed. It also has a temporary paper license plate. The remaining fugitives are wearing civilian clothes.  Duong has been cooperative during interrogations, Hallock said.  The fugitives likely escaped after a 5 a.m. headcount January 22, but it wasn't until more than 15 hours later that authorities discovered the sophisticated escape.  The inmates used  tools to cut through security bars in a plumbing tunnel and into air vents. They also apparently used sheets braided into ropes to rappel down four to five stories -- about 50 feet -- from the roof of the jail. Nooshafarin Ravaghi, 44, who taught English-as-a-second-language at the jail, was arrested Thursday in connection with the escape. Hallock said earlier Friday that investigators knew of handwritten correspondence between Ravaghi and Nayeri. He wouldn't go into the content of the letters, or say who wrote to whom, or how investigators learned of the letters. A law enforcement official close to the investigation told's Pamela Brown that some of the writings appeared flirtatious.  Hallock told reporters the letters were personal.  When asked why Nayeri was taking an ESL class when he already spoke English well, Hallock said investigators are looking into the situation and also examining if the connection he and Navaghi have to Iran played a part. Navaghi will be arraigned Monday. A bail hearing will be held then, and investigators will recommend bail of $500,000. She will face a charge of being an accessory to a felony, Hallock said. It is unclear whether Navaghi has an attorney. She has denied giving the escapees tools, but has admitted giving a Google Earth image, on paper, showing the area around the jail complex, to Nayeri, according to Hallock. Officials have said Navaghi passed a background check and also attended seminars about fraternizing with inmates. Authorities have offered a $200,000 reward for information leading to the fugitives' capture, $50,000 of which was designated for each escapee.",Human,news
2 Women Hurt in Robbery at Hotel Near J.F.K. Airport,"A woman who had traveled to New York with her daughter was shot and her daughter injured after they were robbed outside a hotel near Kennedy International Airport, the authorities said on Friday. The two women, whose names were not released, had come from Baltimore, and the daughter was preparing to leave for a trip abroad. They arrived just after 8 p.m. on Thursday at the Hampton Inn at 144-10 135th Avenue, near the Belt Parkway, in South Ozone Park, Queens, the police said. The mother, 53, went inside the hotel, and the daughter, 20, got into the driver’s seat of their vehicle, when a man came up and demanded money from the daughter, the police said. She said she did not have any, and the man hit her on the head with his gun and stole four rings from her. The man then confronted the mother as she left the hotel, and he fired his gun once, hitting her in the torso, the police said. He ran off with her handbag and got into a white Volkswagen Jetta that sped away, driven by another man. The mother was hospitalized in critical but stable condition, and the daughter, also hospitalized, was listed in stable condition on Friday. The police were still searching for the assailant and the driver on Friday night.",Human,news
A Guardian Is Accused of Holding 2 Teenagers Captive in Queens for Years,"She was regularly missing from her classes at Francis Lewis High School in Queens, and when she was there, teachers would catch the girl, a 16-year-old from South Korea, nodding off during lessons. But it was not until last week, when an assistant principal noticed her bruises, that the school and law enforcement officials discovered why. Prosecutors in Queens said on Tuesday that the girl and her 14-year-old brother, who had been sent to the United States to attend school, had been held captive for six years. The woman who had been their guardian, Sook Yeong Park, forced the siblings to work both in and outside the home, cut off their contact with their parents and had them sleep on the floor, officials said. She was charged with labor trafficking, third-degree assault and endangering the welfare of a child. Ms. Park, 42, was arraigned on Saturday and released on $10,000 bond. Last Thursday, after the girl’s bruises were noticed, the siblings told school officials about the abuse, and the police were alerted. The assistant principal, who was not named, went to Ms. Park’s home in Flushing to demand that she return the children’s passports. On Saturday the assistant principal went to the grocery store where they worked to collect their pay. Ms. Park is accused of keeping their previous earnings. Dennis J. Ring, Ms. Park’s lawyer, said the authorities were rushing to pursue criminal charges against Ms. Park, even though ""significant cultural barriers"" complicated the case. He said in a statement that prosecutors opted to rely on the ""uncorroborated statement of a 16-year-old who doesn’t like the parenting choices of her legally adoptive mother."" ""That does not add up to a crime,"" he said. Prosecutors said the children had gone years without speaking to their family members in South Korea. The girl slept in a small closet, with just a blanket, and the boy slept on a bathroom floor, prosecutors said. Ms. Park is accused of hitting and slapping the children, and stepping on their legs and kicking them when they did not obey her orders. The girl worked for several hours after school almost every day, sometimes laboring away on household chores until 2 a.m., prosecutors said. The girl had to give Ms. Park manicures and pedicures and massage her back and feet; prosecutors said she recalled once massaging Ms. Park for five hours while Ms. Park watched television. On the street in Flushing where Ms. Park lived in a small brick house, neighbors recalled seeing the children walking to school or doing their chores. There were unusual signs: They would see a child rummaging through neighbors’ trash cans searching for recyclables, out in the cold without warm clothes. Dimitria Ayfantis, a neighbor, said the boy once asked her if she needed help around the house. She paid him $10 to shovel snow in the driveway. Ms. Ayfantis also remembered one episode in which Ms. Park got into a dispute with a neighbor over a parking spot and she could hear Ms. Park yelling and kicking the neighbor’s car. ""This lady, you could see it in her face that she wasn’t good,"" Ms. Ayfantis, 56, said. ""She was ready to fight."" Last month, another neighbor, Ria Pallas, said her husband ran into the girl, who had dyed her hair a shade of orange, on the street after midnight while he walked the dog. The girl, not wearing a coat, stopped to pet the puppy and told him she was 18 and working in New Jersey, Ms. Pallas said. As unusual as the run-in was, Ms. Pallas said, she never suspected the kind of abuse described by the authorities. ""They were never dirty, or disheveled,"" Ms. Pallas, 45, said. She paused, adding, ""But there was always just something off.""",Human,news
"A Lake in Bolivia Evaporates, and With It a Way of Life","Overturned fishing skiffs lie abandoned on the shores of what was Bolivia’s second-largest lake. Beetles dine on bird carcasses and gulls fight for scraps under a glaring sun in what marshes remain. Lake Poopó was officially declared evaporated last month. Hundreds, if not thousands, of people have lost their livelihoods and have left the area. High on Bolivia’s semiarid Andean plains at more than 12,000 feet and subject to climatic whims, the shallow saline lake has dried up before only to rebound to a size twice the area of Los Angeles. But recovery may no longer be possible, scientists say. ""This is a picture of the future of climate change,"" said Dirk Hoffman, a German glaciologist who studies how rising temperatures from the burning of fossil fuels has accelerated glacial melting in Bolivia. As Andean glaciers disappear, so do the sources of Poopó’s water. But other factors are in play in the demise of Bolivia’s second-largest body of water after Lake Titicaca. Drought caused by the recurrent El Niño meteorological phenomenon is considered the main driver. Officials say another factor is water diverted from Poopó’s tributaries, mostly for mining but also for agriculture. More than 100 families have sold their sheep, llamas and alpaca, set aside their fishing nets and left the former lakeside village of Untavi over the past three years, draining it of well over half of its population. Only the elderly remain. ""There’s no future here,"" said Juvenal Gutiérrez, 29, who moved to a nearby town. Record-keeping on the lake goes back only a century, and there is no good tally of the people displaced by its disappearance. At least 3,250 people have received humanitarian aid, the governor’s office says. Lake Poopó is now down to 2 percent of its former water level, the region’s governor, Victor Hugo Vásquez calculates. Its maximum depth once reached 16 feet. Biologists say 75 species of birds are gone from the lake. While Poopó has suffered droughts fueled by El Niño for millenniums, its fragile ecosystem has experienced unprecedented stress in the past three decades. Temperatures have risen by about 1 degree Celsius, 1.8 degrees Fahrenheit, and mining has pinched the flow of tributaries, increasing sediment. Mark B. Bush, a biologist at the Florida Institute of Technology, said the long-term trend of warming and drying threatened the entire Andean highlands. In 2010, Mr. Bush was one of the authors of a study for the journal Global Change Biology that said that Bolivia’s capital, La Paz, could face catastrophic drought this century. It predicted that ""inhospitable arid climates"" would lessen available food and water for the more than three million inhabitants. A study by the German consortium Gitec-Cobodes determined that Poopó received 161 billion fewer liters of water in 2013 than is required to maintain equilibrium. ""Irreversible changes in ecosystems could occur, causing massive emigration and greater conflicts,"" said the study, which was commissioned by Bolivia’s government. The leader of a local citizens’ group that tried to save Poopó, Angel Flores, said the authorities ignored warnings. ""Something could have been done to prevent the disaster,"" Mr. Flores said. ""Mining companies have been diverting water since 1982."" President Evo Morales has sought to deflect criticism that he bears responsibility, suggesting that Poopó could come back. ""My father told me about crossing the lake on a bicycle once when it dried up,"" Mr. Morales said last month. Environmentalists and local activists say the government mismanaged fragile water resources and ignored rampant pollution from mining. More than 100 mines are upstream, and Huanuni, Bolivia’s biggest state-owned tin mine, was among those dumping untreated tailings into Poopó’s tributaries. After thousands of fish died in late 2014, the Universidad Técnica in the nearby state capital, Oruro, found that Poopó had unsafe levels of heavy metals, including cadmium and lead. The president of Bolivia’s National Chamber of Mining, Saturnino Ramos, said any blame by the industry was ""insignificant compared to climate change."" He said most of the sediment shallowing Poopó’s tributaries was natural, not from mining. The government has asked the European Union for $140 million for water treatment plants for the Poopó watershed and to dredge tributaries led by the Desaguadero. Critics say it may be too late. ""I don’t think we’ll be seeing the azure mirror of Poopó again,"" said Milton Pérez, a Universidad Técnica researcher. ""I think we’ve lost it.""",Human,news
Adam Gase Is Hired as the Dolphins’ Coach,"N.F.L. Roundup Adam Gase, the Chicago Bears’ offensive coordinator, was hired Saturday as the Miami Dolphins’ ninth coach since 2004. Gase, 37, who will try to end the Dolphins’ seven-year playoff drought, was the N.F.L.’s hottest coaching candidate among assistants, and he also interviewed with the Philadelphia Eagles, the Cleveland Browns and the Giants. The Dolphins chose him after interviewing six other candidates. ""We did exhaustive research on all of the candidates ahead of time and conducted thorough and detailed interviews with each person,"" the owner Stephen M. Ross said in a statement. ""In the end I was convinced, and the search committee was unanimous — Adam was the right leader for our football team who best met all of our priorities. He has high energy, is competitive and driven to win, with a mind-set of teaching and developing players."" Gase has no head coaching experience but has been a target of N.F.L. coaching searches for at least three years. A year ago he followed Coach John Fox to Chicago from Denver after interviewing for head coaching jobs with the Bears, the Buffalo Bills and the Atlanta Falcons. Gase is a protégé of the former Dolphins Coach Nick Saban and has won favorable reviews for his work with a range of quarterback talent, including Peyton Manning, Jay Cutler and Tim Tebow. In Miami, he will try to help Ryan Tannehill, who is 29-35 in four years as a starter and who regressed this season as the Dolphins finished 6-10. The Dolphins’ executive vice president for football operations, Mike Tannenbaum, who led the job search, had success hiring Eric Mangini and Rex Ryan as first-time N.F.L. head coaches while with the Jets. That approach has not worked with coaches in Miami, where none of Gase’s eight most recent predecessors had previous N.F.L. head coaching experience. Like Gase, the Dolphins’ three most recent off-season head coaching hires — Cam Cameron, Tony Sparano and Joe Philbin — had been assistants. Miami interviewed the former head coaches Mike Shanahan, Mike Smith and Doug Marrone last week. Others interviewed included the Dolphins’ interim coach, Dan Campbell; the Detroit Lions’ defensive coordinator, Teryl Austin; and Anthony Lynn, the Bills’ running backs coach and assistant head coach. But from the start, Gase was seen as the front-runner. During his single season with the Bears, they won only six games and ranked 17th in offensive points, but Gase helped Cutler reduce his turnovers and post a career-high passer rating of 92.3. Gase spent six seasons on the staff in Denver, where he helped Tebow win a playoff game. In his first season as offensive coordinator, in 2013, Manning and the Broncos scored an N.F.L.-record 606 points and reached the Super Bowl. The following season, they scored 482 points, the league’s second-highest total. A native of Ypsilanti, Mich., Gase worked on the staff of Michigan State Coach Nick Saban while a student there. He followed Saban to Louisiana State and was a graduate assistant and recruiting assistant before beginning his N.F.L. career in 2003. Saban coached the Dolphins in 2005 and 2006. He is one of their eight coaches since their most recent playoff victory, in 2000. LYNCH IS SIDELINED Although he fully participated in practices last week, the Seattle Seahawks ruled out running back Marshawn Lynch late Friday after announcing he had not traveled to Minnesota. The Seahawks have not played Lynch since Nov. 15 against Arizona, when he tried to play through an abdominal injury. Lynch had eight carries for 42 yards and a touchdown in that game, sat out the following week against San Francisco and had surgery on Nov. 25. PACKERS DEFENDER OUT Green Bay cornerback Sam Shields will miss the Packers’ wild-card playoff game against the Washington Redskins on Sunday because of a concussion. BROWNS’ SEARCH CONTINUES The Cleveland Browns interviewed New England’s defensive coordinator, Matt Patricia, for their head coaching job.",Human,news
Adele Album Resists the Streaming Trend in Music Sales,"For the last few years, the prevailing theme in the recorded music business has been that CD and download sales were plunging while streaming has shot up quickly, as listening habits shift online. That theme largely continued in 2015, with one big exception: Adele. Last year, 241.4 million albums were sold in the United States, down 6 percent from 2014, according to data released on Tuesday by Nielsen. CDs, once the music industry’s most powerful profit engine, declined to just 125.6 million units last year, a decline of 11 percent from 2014 and 82 percent from their peak in 2001. Nielsen tracks the number of units sold, but not their sales revenue. Downloads of complete albums last year dropped 3 percent to 103.3 million, and downloads of individual songs fell 12.5 percent to 964.8 million, dipping below one billion for the first time since 2007. At the same time, streaming activity nearly doubled in 2015. On-demand audio and video streams on outlets like Spotify, YouTube and Apple Music — which, unlike radio services, allow users to pick exactly what songs to listen to — were up 93 percent, to 317.2 billion songs played. Of those, 144.9 billion were audio-only streams. These services, which also include Tidal, Rhapsody and Google Play, let people listen online to millions of songs for subscriptions of $10 or less, or free with advertising. Yet in a move that has led to wide debate in the industry, the most popular album of the year by far was one that was not made available for streaming. Adele’s ""25,"" which was on sale for only the last six weeks of the year, sold 7.44 million copies, more than any album has sold in a calendar year since 2004. About one out of every 32 albums sold last year was ""25""; Amazon reported that on the Monday after Thanksgiving, it sold a copy of the CD every three seconds. The album was Adele’s first in nearly five years, and was promoted through television appearances, but — in another break with what has become standard practice in pop — the singer herself was relatively quiet on social media. According to Nielsen, 62 percent of Adele’s fans are female, and 67 percent are age 35 or older. No other album came close to Adele’s sales. The second-biggest, Taylor Swift’s ""1989,"" which was released in late 2014, sold 1.99 million copies last year. Justin Bieber’s ""Purpose"" was in third place with 1.27 million, followed by Ed Sheeran’s ""X,"" another holdover from 2014, which sold 1.16 million. A bright spot for the industry continues to be the growing sales of vinyl records. They increased 30 percent last year to 11.9 million. Many industry observers say they believe that millions more vinyl albums are sold directly by artists or through small shops and are not recorded by Nielsen. The most popular vinyl release, with 116,000 sales, according to Nielsen, was Adele’s ""25."" An article on Wednesday about music sales in 2015 misstated the number of on-demand audio and video streams on streaming services in 2015. The number of songs streamed was 317.2 billion, not million, of which 114.9 billion, not million, were audio-only streams.",Human,news
"After Streak of Wins, Worries Over Bulls’ Chemistry Seem a Distant Memory ","The Bulls had just suffered an ugly loss to the Knicks at Madison Square Garden, and Jimmy Butler took aim. In his interview with reporters after the Dec. 19 game, Butler, a forward, called out his team’s first-year coach, Fred Hoiberg, saying players needed to be held more accountable and ""coached a lot harder at times."" It was an eye-opening comment that raised questions about the chemistry in the locker room and whether management had made the right move by giving Butler a maximum contract in the off-season — and about whether a shake-up was coming. ""That’s way back in the past,"" Butler said. That loss seems like much longer ago. The Bulls enter Saturday’s game at Atlanta in second place in the Eastern Conference, having won a season-high six in a row and seven of the last eight. They dropped a game to the Nets after that loss to the Knicks, but they have been rolling since then. The turnaround started with a victory at Oklahoma City on Dec. 25. After a loss to Dallas the next night, it has been nothing but wins for Chicago. Butler is on a tear, averaging 28.8 points in the past five games. Derrick Rose is averaging just under 20 points in his past five games. Pau Gasol is contributing in a big way, the rookie Bobby Portis is emerging, and the offense is starting to hum. ""We’ll always keep working at it,"" Hoiberg said. ""That’s the big thing. We’ve got to go out and stress everything, all the things that are important."" He added: ""It’s continuing to get the ball moving. When we have our struggles, it’s when we hold the ball. It’s when we have too much isolation."" While it is far too soon to plan a parade, this is more like what Chicago envisioned. The Bulls hired Hoiberg away from Iowa State after a falling out with the former coach Tom Thibodeau. They wanted a faster pace, a more freewheeling style, and while it has not been the easiest transition, the ride has been smoother of late. Since Dec. 15, Chicago has gone to 11th from 21st in the N.B.A. in points per game. While the Bulls rank near the bottom of the league in fast-break points this season, they have been among the most efficient teams on offense the past three weeks. In the 12 games since Dec. 15, they have averaged 106.2 points per 100 possessions — seventh in the league. They have also scored more than 100 points the past nine games. ""I’m not worried about offensively, to tell you the truth,"" Rose said. ""I’m worried about our defense and the way that we rebound the ball. If we rebound the ball the right way, we shouldn’t have to call many"" plays on offense. As long as they push the tempo. That has been a sticking point at times this season, with Hoiberg prodding Rose to get the ball past halfcourt in three seconds to make the offense move faster. Rose said that was just fine with him. ""I love it,"" he said. ""I’ve been playing this pace my entire life, and I’m just trying to get back used to it."" The recent run is encouraging for the Bulls as they approach the season’s halfway mark. But they have a busy stretch coming up. After the trip to Atlanta, they play four games in five nights, starting with Washington at home on Monday. There is a visit from Golden State on Jan. 20, and LeBron James and the rest of the Cavaliers are always lurking in the Eastern Conference. The Bulls will ultimately be judged on their postseason success, and they are 0 for 4 at knocking out James, whether he was with Cleveland or Miami. That is a concern for later, though. A team that produced mixed results and looked more run-of-the-mill is at least showing signs that it could be a threat down the road. The Bulls are getting contributions from a wide range of players. Rose and Butler seem to be more in tune, too. ""We have a lot of talent,"" Gasol said. ""There’s no question about it. A lot of skill, depth."" Still, the team had to hone its competitive edge, and needs ""to come out and be the aggressor, the team that sets the tone,"" he added. ""Those are the things that make a difference in this league.""",Human,news
All Blacks Add Spice to European Cup,"New Zealand All Blacks stars tend to have the last word in the rugby world, and if Toulon comes through the final round of pool matches this weekend with its ambition of a fourth consecutive European Champions Cup intact, Ma’a Nonu will have proved his worth. Toulon can reach the playoffs by beating Bath on the road Saturday. But it took a moment of brilliance by Nonu, a two-time World Cup winner with New Zealand, to keep the French club in contention last Sunday when it was on the verge of its first-ever home defeat in Europe, by the English club Wasps. Toulon’s Australian winger Drew Mitchell described his game-winning try on the last play of the game to reporters after the match. ""Ma’a just took it to the line,"" Mitchell said. ""I thought he was going to go over the top to Bryan, so I just ran a short line off him, and he played me in."" Mitchell was referring to the South African standout Bryan Habana, who plays the other wing for Toulon. Wasps would have clinched the pool if they had won, and Toulon would have had only a long shot at qualification as one of the best losers. Nonu’s play was perfectly timed in more ways than one. It came only a few days after he and the Australian Quade Cooper, Toulon’s other high-priced newcomer this season, had been called out for poor performances by the club’s owner, Mourad Boudjellal. ""Right now if I say that I’m not happy with our stars, it’s only because we expect a lot. It’s true that in our imagination, we want them to fly across the field,"" Boudjellal told the French rugby website Quinze Mondial. He had earlier told Le 10 Sport: ""I can’t tell you that I don’t have concerns when I see the performances of Ma’a Nonu."" Boudjellal is a restless, mercurial, self-made man whose willingness to say exactly what he thinks is a gift to journalists — his latest offering, in the past week, was saying that he wants Toulon to join the English Premiership. He often goads players he thinks are underperforming. Nonu’s riposte will have delighted him. It also showed the pressure on All Blacks playing in Europe. They are the big prizes in the game’s global talent pool, particularly only a few months after winning a second consecutive World Cup. They tend to wind up in France, which offers the biggest money along with the experience of a new language and culture. Thirteen New Zealanders have won the Champions Cup — until 2014 known as the Heineken Cup, all but three of them in the last seven years. And no French club without a New Zealander has won the trophy since Toulouse in 2003. Both records could be extended this year. Nonu’s uncertain start contrasts with the only higher-profile All Blacks newcomer. The midfield playmaker and all-time world record international points scorer Daniel Carter has already made the playoffs with Racing 92. ""He allows players to play off him and his organization — you could just hear him talking — he’s a huge asset to any team,"" Ken Owens, captain of the Welsh team Scarlets, said after losing 64-14 away to Racing, which he called the best team in Europe. ""He’s the best player in the world, and it shows."" Carter has successfully kicked 17 out of 18 goals, and is also doing fine off the field, taking French lessons and joking about the inability of teammate Chris Masoe, a former All Blacks back-row forward who has played in France since 2008, to master the language. Another All Blacks veteran, the winger Joe Rokocoko, impressed club officials after his first training session with Racing by staying on to help junior players with practice. The French don’t have a monopoly on New Zealand talent. It has also aided the two surprise contenders, Wasps and the Welsh franchise Ospreys. Both are well placed to make the playoffs this weekend. The Wasps’ All Blacks winger Charles Piutau has gained more ground, about 500 yards, and made more clean line breaks, 10, than any other player in the tournament. Attention at Ospreys has been focused on locally grown stars like the captain, Alun-Wyn Jones. But Brendon Leonard, a former All Blacks scrumhalf, has played a significant role. ""I thought he was really lively against Clermont,"" said the Ospreys backs coach Gruff Rees after the 21-13 win over the perennial French contenders that took the Swansea-based team to the top of its pool. Another former All Blacks scrumhalf, the 2011 World Cup winner Piri Weepu, has enjoyed himself less. His French club Oyonnax announced this month that he was leaving but did not explain why. Oyonnax, a Champions Cup debutant this year, is in danger of relegation in France’s Top 14 league, and Weepu has been hampered by injuries. Not even All Blacks win all of the time. But that’s still the way to bet.",Human,news
American Missionary Among the Dead in Burkina Faso Siege,"Qaeda militants killed one American in an attack on two hotels and a cafe in the capital of Burkina Faso that left at least 28 people dead and 56 injured on Friday and Saturday, the State Department said on Saturday night. A State Department spokesman, John Kirby, identified the victim as Michael James Riddering. Mr. Kirby said that Mr. Riddering was killed during the course of the attack on two hotels, the Splendid and the Yibi, and a restaurant, Cappuccino Cafe, that sparked a 15-hour standoff in the heart of Ouagadougou, the capital. ""Our thoughts and prayers are with his family at this difficult time, as they are with all those affected by this brutality,"" Mr. Kirby said. Mr. Riddering, 45, was a missionary who worked at the Les Ailes de Refuge Orphanage in the town of Yako, 70 miles from the capital, according to a statement from the organization that runs the orphanage, Sheltering Wings. It said that he moved to Burkina Faso from Florida, where he sold boats, in 2011 with his wife, Amy, and daughter Delaney to do missionary work. ""Heaven has gained a warrior!"" Amy Riddering wrote on Facebook on Saturday in memory of her husband. ""I know God has a purpose in all things but sometimes it is a complete mystery to me."" ""My heart is so heavy and I am having trouble believing he is gone,"" she added. ""Mike was an example in the way he lived and loved. God be glorified!"" On Saturday, the missionary organization provided a detailed account of Mr. Riddering’s trip to Ouagadougou. It said he went to the capital on Friday with a co-worker, identified only as Pastor Valentin, to meet a group of missionaries who had just arrived from the United States. They arrived in the city before their scheduled meeting and stopped at the Cappuccino Cafe, which came under attack from the militants while they were inside. Ms. Riddering received a phone call from the pastor during the assault ""urgently requesting prayer,"" the group said, but the phone quickly cut out. In a post on Facebook, she said the call had come from her husband’s phone. ""It appears that Pastor Valentin was somehow separated from Mike during the attack and hid somewhere in the Cappuccino Cafe,"" the missionary group said. The pastor was later rescued by security forces but did not know what had happened to Mr. Riddering, and for many hours it was unclear. Another missionary, Philip Matheny, found his body on Saturday in a morgue. Sheltering Wings said that in addition to his wife and daughter Delaney, Mr. Riddering is survived by three other children Haley, Biba and Moise. Addressing her husband in her Facebook eulogy, Ms. Riddering wrote: ""You left quite a legacy here. I can only imagine the adventures you are having now.""",Human,news
Ana Ivanovic and John Isner Reach Third Round in Melbourne,"Ana Ivanovic of Serbia advanced to the third round of the Australian Open after a 6-3, 6-3 win over the qualifier Anastasija Sevastova of Latvia on Thursday in a match that was suspended when a spectator fell on the stairs at Rod Laver Arena. Ivanovic, the 20th seed, was leading by a service break, 4-3, in the first set when medical personnel rushed to the spectator’s aid in the upper level of the 15,000-seat stadium. Tournament organizers said the fan, a woman, was treated in the stadium before being taken away on a stretcher for observation and further treatment. When play resumed after a half-hour delay, Ivanovic, the 2008 French Open champion, held serve for a 5-3 lead before capturing the final game. Garbiñe Muguruza of Spain, seeded No. 3, earned a 6-4, 6-2 win over Kirsten Flipkens of Belgium to reach the third round for the third straight year. Muguruza, who lost last year’s Wimbledon final to Serena Williams, made it to the fourth round at Melbourne Park in 2014 and 2015. Last year, Williams beat Muguruza in the fourth round here. Victoria Azarenka of Belarus, continuing an impressive start to the season, quickly dispatched another opponent, defeating Danka Kovinic of Montenegro, 6-1, 6-2, in just over an hour. Azarenka, the 14th seed and a two-time champion here, has not given up more than three games in any of the 14 sets she has played this year, including her run to the title at the Brisbane International two weeks ago. She beat Alison Van Uytvanck, 6-0, 6-0, in the first round at Melbourne Park. ""I really don’t count the games,"" she said after her victory over Kovinic. ""What really works for me is to stay in the moment. It keeps me focused."" There were mixed results for two American women: Varvara Lepchenko advanced by beating Lara Arruabarrena of Spain, 7-6, 6-4, but Vania King fell to Barbora Strycova of the Czech Republic, 7-6, 6-4. Strycova will next play Muguruza. Johanna Konta of Britain defeated Zheng Saisai of China, 6-2, 6-3, and Naomi Osaka of Japan upset 18th-seeded Elina Svitolina of Ukraine, 6-4, 6-4. Osaka, who has reached the third round of a Grand Slam event for the first time, will be Azarenka’s third-round opponent. In the morning, misty rain delayed the start of play on the outdoor courts, while play began at the three main stadiums with roofs at Melbourne Park, including Ivanovic’s match. On the men’s side, John Isner of the United States moved on to the third round at Melbourne Park for the fifth time in seven years with a 6-3, 7-6, 7-6 win at Hisense Arena over Marcel Granollers of Spain. The 10th-seeded Isner had 20 aces and 53 winners in the match and won 33 of his 44 approaches to the net. Isner was one of eight Americans who had made it through to the second round, the most since 2008. Four other Americans were playing second-round matches Thursday. The 6-foot-10-inch Isner has been past the third round only once in Melbourne. He will face the winner of the match between 18th-seeded Feliciano López of Spain and Guido Pella of Argentina. Isner lost to López in the third round here in 2012. Margaret Court Arena hosted an all-French third-round match between 23rd-seeded Gaël Monfils and Nicolas Mahut. Monfils advanced with a 6-5, 6-1, 6-4 victory. João Sousa of Portugal, seeded 32nd, defeated Santiago Giraldo of Colombia, 6-3, 7-5, 3-6, 6-1. Andy Murray of Britain, the No. 2 seed, was set to open night play at Margaret Court Arena against the Australian Sam Groth.",Human,news
Armed Man Arrested at Disneyland Paris,"A 28-year-old man carrying two guns, ammunition and a Quran was arrested at a hotel in Disneyland Paris on Thursday afternoon, according to a Disney executive, raising a new round of fear two months after 130 people were killed in a coordinated series of terrorist attacks on the French capital. The man was arrested at Disney’s Hotel New York, next to the Disney Village retail, dining and entertainment complex that is part of the Disneyland Paris amusement park. The theme park, Europe’s largest, opened in 1992 in Marne-la-Vallée, about 20 miles east of central Paris. ""During a routine security screening checkpoint at one of our hotels, weapons were discovered in a guest’s luggage through our X-ray machine,"" said François Banon, the vice president of communication and public affairs at Disneyland Paris. ""The police were immediately notified and the individual was arrested."" He did not resist his detention, and he was turned over to the local police, according to reports in the French news media. The man was carrying two semiautomatic 7.65-millimeter pistols and a box of cartridges. ""I’d like to highlight that the security services of Disney and the police forces immediately reacted,"" Jean-Luc Marx, the top police official in Seine-et-Marne, told Le Parisien, ""so that this individual was put somewhere where he could do no harm — if that was indeed his intention, we don’t know yet."" A security perimeter was established around the man’s vehicle, and a woman who had accompanied him — and who appeared to have tried to flee — was also taken into custody, Agence France-Presse reported, citing unidentified police sources. An employee at the police prefecture for Seine-et-Marne, the French administrative department that includes Marne-la-Vallée, said that the authorities there had no immediate comment, and referred inquiries to the Interior Ministry. The Interior Ministry’s press office said it was investigating the matter and did not yet have information on the identities of the two people who had been detained. France has been in a state of emergency since the Nov. 13 attacks by the Islamic State in and around Paris. The police and judicial authorities have been given extraordinary powers to detain and question individuals, and prominent landmarks continue to be heavily guarded.",Human,news
"Aroldis Chapman, the Yankees’ New Closer, Avoids Charges, but May Face Discipline","Aroldis Chapman will not face criminal charges that were brought against him by the state attorney in Broward County, Fla., but he could be disciplined by Major League Baseball, and the punishment could include a suspension. Chapman, a closer the Yankees acquired last month from the Cincinnati Reds, was accused of choking his girlfriend, 22-year-old Cristina Barnea, pushing her against a wall and firing gun shots into a wall and window in his South Florida garage in October. The state attorney’s office declined to pursue the case because of a lack of evidence, conflicting accounts of the episode and a low probability of securing a conviction, The Associated Press reported. The Davie Police Department, which responded to the encounter, declined to press charges earlier for similar reasons. But Major League Baseball can hand down a penalty under its new domestic abuse policy, regardless of the legal case. Commissioner Rob Manfred acknowledged at the baseball owners’ meetings in Coral Gables, Fla., on Thursday that this case, and two others he was looking into, would set a precedent. ""Like every institution, we’re not perfect,"" he said. ""We’re not always right, but we really would like to send the right message in terms of what we do here. It’s important in that regard."" The league is also investigating domestic abuse cases involving Colorado Rockies shortstop Jose Reyes and Los Angeles Dodgers outfielder Yasiel Puig. The new policy, which was agreed to by the league and the players union and was adopted in August, does not have a predetermined penalty. Players can appeal the commissioner’s decision. ""In this country, when allegations are brought against a person, that person is completely innocent until proven otherwise,"" said Hal Steinbrenner, the Yankees’ owner. ""Not the other way around."" The Yankees intend to use Chapman, a left-hander who consistently throws harder than anyone else in baseball, as their closer. In six years in Cincinnati, Chapman had 146 saves and a 2.17 E.R.A. in 319 innings. General Manager Brian Cashman traded for Chapman on Dec. 28. An earlier deal between the Reds and the Dodgers fell through after reports of the episode surfaced. In some cases, Manfred may take into account allegations that wealthy abusers have paid off victims to dissuade them from pressing charges, or the possibility that abused wives and girlfriends may have been coerced into recanting. The league can still punish a player based on information it gathers, even if the victim of the reported abuse does not provide evidence against the player. ""When you have a new policy, the first ones take on a special significance in terms of tone and precedent and all those things,"" Manfred said. ""So I am going to make sure I know everything I can possibly know about each of these cases before I make any decisions.""",Human,news
Emma Rice Bringing a New Take on 'Cymbeline' to Shakespeare's Globe,"Emma Rice will kick off her first season as artistic director of Shakespeare’s Globe this spring with one of Shakespeare’s best-loved classics and one that has never been seen. In April, Ms. Rice will open the season by directing ""A Midsummer Night’s Dream."" In September, Matthew Dunster will stage ""Imogen,"" a ""renamed and reclaimed"" take on Shakespeare’s ""Cymbeline,"" focused on Cymbeline’s daughter, a major character in Shakespeare’s original. Ms. Rice comes to the Globe from Kneehigh, a highly regarded physical theater troupe based in Cornwall, England, and seems to have brought some of that company’s whimsical footprint to the Globe. Throughout the season a ""magical forest"" created by the set designer Lez Brotherston ""will spill from the piazza onto London’s Bankside, welcoming everyone to the season of wonder,"" according to a news release. In an interview with the BBC, Ms. Rice said that although Mr. Dunster’s idea of reworking ""Cymbeline"" at first surprised her, ""there are no police and no rules."" ""It makes a huge amount of sense, she said, adding: ""Imogen speaks three times more lines than Cymbeline so it really is her story. We are saying women have a strong narrative in these plays."" Other productions in the season include ""The Taming of the Shrew,"" directed by Caroline Byrne; ""Macbeth,"" directed by Iqbal Khan; and ""The Merchant of Venice,"" directed by Jonathan Munby. Kneehigh’s productions of ""946: The Amazing Story of Adolphus Tips,"" an adaptation of a book by the ""War Horse"" author Michael Morpurgo; and ""The Flying Lovers of Vitebsk,"" about the artist Marc Chagall, will also play at the theater’s Thames-side campus. Details on the season are at Shakespeare’s Globe’s website.",Human,news
José Limón Dance Foundation Appoints New Artistic Director,"Colin Connor, a former soloist with Limón Dance Company who went on to a career in choreography and education, is returning to the José Limón Dance Foundation as its artistic director. Mr. Connor, the first male director since Limón himself, is to take the helm of the 70-year-old modern dance company on July 1, succeeding Carla Maxwell, who has held the position since 1978. Fresh off the company’s anniversary and the José Limón International Dance Festival last fall, she will move into a new role as Limón’s legacy director. ""She’s kept this thing alive for over 35 years, which is unbelievable,"" Mr. Connor said in an interview, referring to Ms. Maxwell’s directorship. ""I’ve worked with her a lot, and I have an enormous amount of respect for her."" As artistic director, Mr. Connor said, he plans to make the company’s heritage a priority while also expanding its outreach. Limon’s work ""had this incredibly broad social vision,"" Mr. Connor said, adding that dances in the company’s repertory take on themes like the immigrant experience and subjects ""that are clearly relevant right now."" Mr. Connor’s performance career began in the late 1970s. He danced with the Limón Company for eight years; since leaving, he has occasionally returned for brief stints as a choreographer. For the past 13 years, he has served in various leadership roles at the California Institute of the Arts. He has also taught at the Juilliard School, New York University and the City College of New York.",Human,news
Strong Showing for 'The Revenant' at Box Office,"A savvy 20th Century Fox marketing campaign combined with the raw star power of Leonardo DiCaprio helped drive ""The Revenant"" to a grizzly-size $38 million in weekend ticket sales, adding sizzle to a soft box office season for prestige films. Directed by the Oscar-winning Alejandro G. Iñárritu, ""The Revenant"" began playing in limited release on Christmas Day before expanding into 3,375 theaters in North America on Friday. Analysts had expected weekend ticket sales of roughly $22 million, based on surveys that track audience interest. ""The Revenant,"" which is expected to be a strong contender at the Academy Awards, was seen as a difficult box office proposition. The film is violent, set in the 1800s, almost completely focused on men and, for long sequences, free of dialogue. Most likely helping increase audience interest was an Internet-based assertion from late November that Mr. DiCaprio’s character is sexually assaulted by a bear in the film. Mr. Iñárritu and Fox insisted that was not the case, but the rumor – regarded by Fox as an effort to smear the film – caught fire. ""It was done to denigrate the film, but the exact opposite happened,"" Chris Aronson, Fox’s president of domestic distribution, said by phone on Sunday. ""The Revenant"" still faces a rough road to profitability. New Regency and its partners paid at least $135 million to make the film – more than double the initial budget – and tens of millions more to advertise it. Fox will also take a fee for distributing ""The Revenant"" and implementing the marketing campaign. For the weekend, ""The Revenant"" placed second, chasing ""Star Wars: The Force Awakens"", which took in $41.6 million, for a four-week domestic total of $812 million, according to Rentrak, which compiles box office data. ""The Force Awakens"" opened in China on Saturday, collecting about $53 million over two days – a record, with Imax theaters particularly strong – and lifting the film’s global total to $1.73 billion.",Human,news
Avoiding the Dreaded ‘Second-Term Curse’,"Letter From America Two years ago, as President Obama wrestled with an array of political challenges, pundits and partisans reached for a familiar explanation: the ""second-term curse."" To conservative opponents, battles over the Affordable Care Act website, Internal Revenue Service practices and the Benghazi attack signaled the Democratic president’s failure. A former economic adviser to Mr. Obama, Lawrence H. Summers, seeing echoes of second-term struggles for presidents from Franklin D. Roosevelt to George W. Bush, revived the idea of a constitutional shift to a single six-year presidency. Such talk has all but vanished. Mr. Obama has overseen shrinking unemployment, a reduction in the proportion of Americans without health insurance and diplomatic breakthroughs on trade, climate policy, relations with Cuba and Iran’s nuclear program. Republicans are now more likely to denounce his ideology and use of executive power than his competence. ""Unfortunately, I think he has been successful at achieving his agenda,"" Senator Marco Rubio, a candidate for the Republican presidential nomination, lamented recently. Former Representative Vin Weber, a Republican who came to power in Ronald Reagan’s landslide in 1980, said: ""It’s very hard for Republicans to acknowledge that. But you can’t deny the successes."" Smooth sailing in the final year is by no means guaranteed. Ten months before Bill Clinton left office, the technology bubble burst; the 2008 Wall Street collapse made a ruin of Mr. Bush’s final chapter. Frightened by the Paris and San Bernardino attacks, most Americans say Mr. Obama’s strategy against the Islamic State isn’t working. But the evidence points to a second term for Mr. Obama that is more successful than most. ""If you go back to the Truman era, his stacks up favorably — in fact, much better than the majority,"" said Thomas Cronin, a scholar of the presidency at Colorado College. Presidential achievement takes different forms. Some predecessors accomplished more with Congress in second terms. Mr. Reagan, for example, signed sweeping overhauls of the tax and immigration systems. But partisan polarization has steadily made legislative compromise more difficult. Although Mr. Obama still hopes that Congress will approve his Trans-Pacific Partnership trade deal, he has spent much of his second term using his executive authority and fending off Republican attempts to thwart him. The presidential historian Robert Dallek described Mr. Obama’s performance as ""well above average,"" calling it a model for an era of ferocious partisanship. ""That he can carry this off sort of sets a new parameter,"" Mr. Dallek said. National consensus remains beyond Mr. Obama’s reach. As measured by Gallup, his approval rating among Republicans has remained below 20 percent throughout his second term; his approval among Democrats has remained at 75 percent or higher. Those numbers broadly resemble the partisan divide over Mr. Bush’s second term, a split that has inflamed a steady stream of allegations over management of the Internal Revenue Service, the Department of Veterans Affairs and the Justice Department, among others. Yet none has blossomed into the sort of second-term disaster suffered by Mr. Reagan with the Iran-contra scandal, or Mr. Clinton with the Monica Lewinsky affair, not to mention Richard Nixon with Watergate. ""Compared to recent presidents, the number of scandals is exceptionally low,"" said Brandon Rottinghaus, a University of Houston professor who monitors executive branch scandals. The closest thing to a public corruption prosecution tied to an Obama appointee’s official duties was a guilty plea by the former C.I.A. director David Petraeus in 2015 to a misdemeanor charge for allowing his mistress access to classified material. The durability of Mr. Obama’s second-term legacy depends partly on his successor. Every twice-elected president since World War II left office with Congress controlled by the opposing party. Unless Senate Democrats gain at least four seats in November, Mr. Obama will, too. Even a friendly successor could discard Mr. Obama’s initiatives if they prove ineffective. Mr. Weber, the former lawmaker, questions whether the Cuba opening will change much, for example, and said, ""I’m not sure the Iran deal’s going to accomplish what he wants."" The only judgment possible now, Mr. Weber added, is this: ""He did it.""",Human,news
Azarenka Advances to Round of 16; Third-Ranked Muguruza Is Ousted,"The two-time Australian Open champion Victoria Azarenka walked into Rod Laver Arena in Melbourne knowing that the No. 2- and No. 3-ranked players were already out of the tournament and that the draw appeared to be breaking in her favor. She blinked at first, when the Japanese qualifier Naomi Osaka broke her at love in the first game of their third-round match, but she recovered quickly and responded with a 6-1, 6-1 win in 56 minutes. The 16th-ranked Azarenka, back in form after two injury-interrupted seasons, has dropped just five games in three matches at Melbourne Park after warming up with a title at the Brisbane International. Azarenka had 24 winners to only four for Osaka, who was making her Grand Slam main draw debut. ""She’s a little unpredictable, and she surprised me with her game,"" Azarenka said. She will next play 48th-ranked Barbora Strycova, who upset third-ranked Garbiñe Muguruza, 6-3, 6-2, in the previous match on center court. In addition to Azarenka, there were two other Australian Open champions remaining in the women’s draw: The six-time winner Serena Williams and the 2008 winner Maria Sharapova were in the other half and could meet in the quarterfinals. Muguruza’s rapid rise to the No. 3 ranking sharpened the focus on her run in Australia, attention which only increased after second-ranked Simona Halep and No. 10 Venus Williams, a seven-time major winner, lost in the first round. It did not help Muguruza, though, with her loss to Strycova extending a disappointing follow-up in majors since a breakthrough run to last year’s Wimbledon final. She lost in the second round at the United States Open, and her third-round exit here was worse than her two previous trips to Melbourne Park, where she had reached the fourth round. ""Clearly not my best, for sure,"" Muguruza said. ""I think today is a very bad day, you know, at the office. I just couldn’t find the court, my shots. Yeah. Didn’t really find my game."" Muguruza misfired frequently on her groundstrokes, finishing with 32 unforced errors, and appeared to be lethargic at stages of the match. Her loss left No. 6 Angelique Kerber as the highest-ranked player in the bottom half of the women’s draw. Strycova has only been past the third round once before in 38 Grand Slams, and that was when she reached the quarterfinals of Wimbledon in 2014. Knowing her next rival was likely to be Azarenka, Strycova decided to stay in the moment. ""I will enjoy myself first because I beat No. 3 in the world,"" she said. Johanna Konta, who beat Venus Williams, became the first British woman to reach the fourth round at the Australian Open since Jo Durie in 1987, giving the British and the Australians something to celebrate. Konta, who was born in Sydney and became a British citizen in 2012, beat Denisa Allertova, 6-2, 6-2, and will next play the 24th-ranked Ekaterina Makarova, a semifinalist here last year, who forged a 6-3, 6-2 win over 12th ranked Karolina Pliskova. In the men’s bracket, an emotional Milos Raonic dedicated his 6-2, 6-3, 6-4 third-round win over the Serbian Viktor Troicki to the victims of a high school shooting in his Canadian homeland. Raonic used his on-court interview to express support for the families and friends of four people killed at a high school in the remote Saskatchewan community of La Loche on Friday. It was Canada’s worst such shooting in a quarter of a century. ""It was a difficult day at home,"" said Raonic, who was close to tears. He added: ""Today’s victory was for that community and a quick recovery. All of Canada, and I’m sure the world, is behind you."" Several other people were injured in the incident, the Canadian police said, and a suspect was taken into custody.",Human,news
Barcelona Opens Lead by Topping Atlético,"Roundup Barcelona took a big step toward successfully defending its Spanish league title as Lionel Messi and Luis Suárez led a 2-1 comeback victory over Atlético Madrid on Saturday. Messi and Suárez scored first-half goals to respond to Atlético’s great start; Koke Resurrección had scored 10 minutes into the match at Camp Nou. Atlético then self-destructed, with Filipe Luís earning a direct red card for sticking his studs into Messi’s knee seconds before halftime. Messi, the Ballon d’Or winner, writhed on the turf for a few moments but was soon on his feet. Diego Godín left Atlético down two men from the 65th minute with a second booking for a second hard foul on Suárez. Barcelona, which has a game in hand at Sporting Gijón on Feb. 17, opened a 3-point lead over second-place Atlético. Third-place Real Madrid was 7 points out before hosting Espanyol on Sunday. Saturday’s highly charged match between Barcelona and Atlético, the past two league champions, promised to be a fight between Barcelona’s spectacular attack, led by Messi, and an Atlético defense anchored by goalkeeper Jan Oblak, who had conceded a league-low eight goals. Once again, Messi snuffed out Atlético’s promising initial push before Barcelona won the day and extended its undefeated streak to 26 consecutive matches. TEENAGER PACES CITY Manchester City remained in the hunt for a record trophy quadruple as three goals from the teenager Kelechi Iheanacho helped it demolish host Aston Villa, 4-0, in the F.A. Cup. Fringe players such as Iheanacho got their chance in fourth-round games throughout the day, which also featured wins for Arsenal, the reigning champion, and Tottenham while Liverpool was held to a 0-0 tie by visiting West Ham. But City’s convincing victory showed the real strength in depth of Manuel Pellegrini’s squad, with Iheanacho, 19, taking over the goal-scoring duties from Sergio Agüero, who watched from the bench. The bookmakers have already made City the favorite to win the Premier League — in which it is in second behind the surprise leader, Leicester City — and to beat Liverpool in the League Cup final at Wembley Stadium on Feb. 28. That leaves the Champions League, in which City has a place in the last 16, and the F.A. Cup. In north London, Arsenal’s Alexis Sánchez scored one goal and set up the other in a 2-1 home victory over second-tier Burnley. Nacer Chadli scored twice as Tottenham cruised to a 4-1 victory at Colchester United, after a clash of heads left one of Colchester’s defenders in a hospital. Colchester said the player, Alex Wynter, sustained a deep cut in his mouth and was slightly disoriented but was ""otherwise doing O.K."" after colliding with his teammate Tom Eastman in the opening minutes. DORTMUND CUTS GAP Pierre-Emerick Aubameyang scored twice for Borussia Dortmund, which beat visiting Ingolstadt, 2-0, and provisionally cut the gap on the Bundesliga leader, Bayern Munich, to 5 points. Bayern will host Hoffenheim on Sunday. Aubameyang broke the deadlock with a header in the 77th minute and, with four minutes to go, secured the win with his league-leading 20th goal of the season. FIRST VICTORY FOR ROMA COACH Roma’s new coach, Luciano Spalletti, earned his first win back in charge, at home over relegation-threatened Frosinone, 3-1, in Serie A. It was Roma’s second win in 14 matches in all competitions and Spalletti’s first after a draw and a loss in the two matches since he had replaced Rudi Garcia. Roma remained fifth, provisionally 9 points behind the league leader, Napoli. ANGERS MOVES UP Cheikh N’Doye scored two goals as host Angers thrashed second-place Monaco, 3-0, to climb to third in the French league. After slumping to a 5-1 loss last week against the leader, Paris St.-Germain, Angers recovered in style with its biggest win this season to end Monaco’s nine-match unbeaten run in the league. P.S.G. could extend its lead over Monaco to 24 points with a win over St.-Étienne on Sunday.",Human,news
"In the NHL, sometimes the best offense is a good defenseman","The Washington Capitals are off to a great start for the 2019-2020 National Hockey League season. The Caps’ record going into last night’s game with the Philadelphia Flyers was a league best 13-2-4. One reason Washington is playing so well is veteran defenseman John Carlson, who is leading the team in points scored with eight goals and 21 assists, for a total of 29 points. It’s unusual for a defenseman to be such a scoring threat. Most defensemen in the NHL stay back and make sure the opposing skaters do not get good shots on net. They leave most of the scoring to centers and wingers such as Jakub Vrana and Alex Ovechkin. That was certainly true in the early days of the NHL. For example, Doug Harvey of the Montreal Canadiens and New York Rangers won the Norris Trophy seven times in the 1950s and ’60s for being the NHL’s best defenseman. But Harvey never scored even 10 goals in any one season during his 19-season career. One player changed that: Bobby Orr. Orr arrived at the beginning of the 1966-1967 season as a teenager for the struggling Boston Bruins. Orr was a star right away, being named the Rookie of the Year in his first season and the NHL’s best defenseman in his second and third. In his fourth NHL season, however, Orr took off. He led the NHL in scoring with 33 goals and 87 assists for a total of 120 points. No defenseman other than Orr has ever led the NHL in points scored. Orr also led the Bruins to their first Stanley Cup championship in almost 30 years. But Orr was just getting started. He scored more than 100 points in each of the next five seasons. In 1974-1975, he led the NHL in points scored again with 135 points. That season, he also won his eighth Norris Trophy. Sadly, Orr’s magnificent career was cut short in his 10th season at age 27 by a serious knee injury. He played only parts of two more seasons. But Orr had changed the game of hockey by setting NHL defensemen free. He had shown with his lightning rink-length dashes and brilliant stickhandling that a defenseman could be an offensive force while scrambling back to help on defense. Others followed Orr’s example. Paul Coffey was one of the fastest skaters in NHL history. He topped Orr’s record for goals by a defenseman when he put 48 pucks in the nets for the Edmonton Oilers during the 1985-86 season. Denis Potvin, Ray Bourque and Brian Leetch, as well as others, were defensemen who could also score. Now Carlson is scoring big time for the Washington Capitals. He’s following the example of Bobby Orr.",Human,news
Who has qualified for the November Democratic debate,"If you were overwhelmed by seeing 12 candidates on stage for the October debate, have no fear. The Democratic National Committee announced on Thursday that just ten candidates will appear in November’s debate. Rep. Tulsi Gabbard was the final qualifier, hitting the mark a week before the deadline. Former housing and urban development secretary Julián Castro and former Rep. Beto O’Rourke had appeared in every debate so far. Castro fell short this time around, while O’Rourke dropped out on Nov. 1. Under the new rules, candidates needed to register at least 3 percent in four polls approved by the party between Sept. 13 and Nov. 13, or at least 5 percent in two early state polls. Candidates must also have earned donations from at least 165,000 unique donors, with at least 600 coming from 20 individual states. As with previous debates, candidates had a tougher time meeting the polling threshold than the donor requirements. Each candidate who qualified met the donor threshold before reaching the polling threshold, according to their campaigns. Castro met the donor threshold but did not receive any qualifying polls. In the past few months, a qualifying poll has been released roughly every two days, and 32 qualifying polls were released during this debate’s qualification window. The debate rules may not be narrowing the field to the extent the party had hoped. O’Rourke and Rep. Tim Ryan dropped out of the race during this debate qualification window. But former Massachusetts Gov. Deval Patrick joined the field on Nov. 14, and former New York Mayor Michael Bloomberg is also considering a run. Correction: A previous version of this story stated that O’Rourke had not earned at least 3 percent in the last 14 qualifying polls. While it did not count toward his qualifying total, he earned 3 percent in the Oct. 10 Fox News national poll. About this report This analysis is based on rules set by the DNC. Individual donor numbers are reported by the campaigns. Polling totals are based on numbers compiled by Politico. ",Human,news
Trump administration scraps infrastructure advisory council,"  Following the high profile dissolution of both the American manufacturing council and the strategic and policy forum, President Donald Trump is abandoning plans to form an infrastructure advisory council tasked with tackling the country’s crumbling roads and bridges. The council, which was created via executive order last month, was charged with advising the President on spending issues related to his proposed trillion dollar budget for infrastructure investment. It was to be composed of executives from a wide range of economic sectors, including transportation, construction, and real estate. While the panel will not move forward, Trump had announced four names in relation to the council: real estate developers Richard LeFrak and Steven Roth, and private equity executives Joshua Harris and William E. Ford.   Earlier this month, Trump signed a controversial executive order aimed at streamlining the permit process for public works. The order revoked a previous order enacted by President Obama that required projects funded by federal money to take certain environmental factors, such as future floodplains, into account. The new order would have given the advisory board significantly more power, in terms of the application of its recommendations. Prior to the widespread backlash against Trump’s Charlottesville comments, the council was convened without the requisite public disclosures established by the Advisory Committee Act, according to a lawsuit filed by Food and Water Watch, a nonprofit organization dedicated to the safety of food and water supplies.  The group alleges that Trump, ""has adopted a pattern and practice of establishing advisory committees, largely populated by President Trump’s business associates and friends, to advise him and agency secretaries on economic and business-related matters."" In light of the other councils’ demises, however, it appears unlikely that this lawsuit had any bearing on yesterday’s infrastructure council decision.  -- by Aaron Miller  2017, High Gear Media.",Human,news
Refusing to give up hope - Sri Lanka’s missing people,"SEVEN years ago, at a busy crossroads in Colombo, Sri Lanka’s largest city, armed men in an unmarked white van abducted Stephen Sundararaj. He was going home, his three children snuggled up against him, after idling for weeks in a police cell. Mr Sundararaj, then a 39-year-old project manager at a local human-rights group, had been detained under the Prevention of Terrorism Act, a draconian law permitting arrests without warrant for ""unlawful activities"". He challenged the move in court and would have pursued the case, had he not been hauled away mere hours after his release. He was never charged with a crime. He has never been found. Such horrifying tales are common in Sri Lanka, where 26 years of ethnic conflict ended with the defeat of the Tamil Tigers in 2009. In the past century the country has also experienced two Marxist insurgencies in the south, and several anti-Tamil pogroms. In May Mangala Samaraweera, the foreign minister, admitted that it had one of the world’s largest caseloads of missing people. The armed forces, the Tamil Tigers and other insurgents are all to blame. Upgrade your inbox and get our Daily Dispatch and Editor's Picks. Figures vary hugely, depending on the source. The UN puts Sri Lanka second only to Iraq, with 5,731 outstanding cases. But Dhana Hughes of Durham University, who has studied the two southern insurgencies, estimates that thousands vanished during the second one alone, in the late 1980s. Under the authoritarian Mahinda Rajapaksa, president from 2005 to 2015, who defeated the Tamil Tigers, snatches like that of Mr Sundararaj were so common that they were dubbed ""white-vanning"". Not only terrorism suspects but political opponents were targets. Some, like Mr Sundararaj, were taken for no apparent reason. Thousands more went missing from war zones. In 2013, after heavy international pressure, Mr Rajapaksa set up a body to investigate missing-persons cases. The Paranagama Commission received more than 19,800 representations, including 5,600 from relatives of missing military personnel. Weeping families flocked to public hearings clutching photographs and heart-rending petitions. But the commission’s final report, last year, exonerated the government of war crimes—which had not originally been part of its remit. But Mr Rajapaksa’s defeat at a snap election in January 2015 by a coalition supported by Tamil and Muslim voters created space for more genuine efforts. The new government ratified the UN convention on enforced disappearances and allowed its working group to visit, even throwing open a former secret detention facility and escorting its members to mass graves. The group concluded that ""a chronic pattern of impunity still exists in cases of enforced disappearance"". It urged the government to determine the fate of the disappeared; to punish those responsible; and to guarantee truth and reparation. The government vows that it is trying. A law to create an ""office on missing persons"" will be taken up for debate in parliament this month. Another, to issue ""certificates of absence"" to families of the missing, will be presented to the legislature around the same time. These will help relatives overcome legal, administrative and financial obstacles that would, under normal circumstances, require death certificates. She does not want any certificate, says Vathana, Mr Sundararaj’s wife. And she can identify two of his abductees, she says: she had often seen them sitting outside his police cell. What she wants is to get him back: she insists that he is still alive. According to the International Committee of the Red Cross, which offers support to victims after as well as during wars, such refusal to lose faith is not unusual. The lack of information about missing relatives wears families out, it said in a survey of them it published last month. Fewer than two-fifths of those it interviewed believed their loved ones were dead; the rest were split roughly equally between believing they were still alive and being unsure. All vacillated between hope and fear; mired in pain, they told and retold their stories to anybody who would listen. ""No abduction, please,"" says Vathana, wiping away tears. ""Not for Sinhala, Tamil or Muslim."" In the meantime, she waits for news.",Human,news
Vienna,"Vienna is the capital, largest city, and one of nine states of Austria. Vienna is Austria's most populous city, with about two million inhabitants, and its cultural, economic, and political center. It is the 6th-largest city proper by population in the European Union and the largest of all cities on Danube river.

Until the beginning of the 20th century, Vienna was the largest German-speaking city in the world, and before the splitting of the Austro-Hungarian Empire in World War I, the city had two million inhabitants. Today, it is the second-largest German-speaking city after Berlin. Vienna is host to many major international organizations, including the United Nations, OPEC and the OSCE. The city is located in the eastern part of Austria and is close to the borders of the Czech Republic, Slovakia and Hungary. These regions work together in a European Centrope border region. Along with nearby Bratislava, Vienna forms a metropolitan region with 3 million inhabitants. In 2001, the city center was designated a UNESCO World Heritage Site. In July 2017 it was moved to the list of World Heritage in Danger. Additionally, Vienna is known as the ""City of Music"" due to its musical legacy, as many famous classical musicians such as Beethoven and Mozart called Vienna home. Vienna is also said to be the ""City of Dreams"" because it was home to the world's first psychoanalyst, Sigmund Freud. Vienna's ancestral roots lie in early Celtic and Roman settlements that transformed into a Medieval and Baroque city. It is well known for having played a pivotal role as a leading European music center, from the age of Viennese Classicism through the early part of the 20th century. The historic center of Vienna is rich in architectural ensembles, including Baroque palaces and gardens, and the late-19th-century Ringstraße lined with grand buildings, monuments and parks.

Vienna is known for its high quality of life. In a 2005 study of 127 world cities, the Economist Intelligence Unit ranked the city first for the world's most livable cities. Between 2011 and 2015, Vienna was ranked second, behind Melbourne. Monocle's 2015 ""Quality of Life Survey"" ranked Vienna second on a list of the top 25 cities in the world ""to make a base within"". Monocle's 2012 ""Quality of Life Survey"" ranked Vienna fourth on a list of the top 25 cities in the world ""to make a base within"". The UN-Habitat classified Vienna as the most prosperous city in the world in 2012–2013. The city was ranked 1st globally for its culture of innovation in 2007 and 2008, and sixth globally in the 2014 Innovation Cities Index, which analyzed 162 indicators in covering three areas: culture, infrastructure, and markets. Vienna regularly hosts urban planning conferences and is often used as a case study by urban planners. Between 2005 and 2010, Vienna was the world's number-one destination for international congresses and conventions. It attracts over 6.8 million tourists a year.",Human,wiki
Himalayas,"The Himalayas, or Himalaya, is a mountain range in Asia, separating the plains of the Indian subcontinent from the Tibetan Plateau. The range has some of the planet's highest peaks, including the very highest, Mount Everest. Over 100 peaks exceeding 7,200 m in elevation lie in the Himalayas. By contrast, the highest peak outside Asia is 6,961 m tall.

The Himalayas abut or cross five countries: Bhutan, India, Nepal, China, and Pakistan. The sovereignty of the range in the Kashmir region is disputed among India, Pakistan, and China. The Himalayan range is bordered on the northwest by the Karakoram and Hindu Kush ranges, on the north by the Tibetan Plateau, and on the south by the Indo-Gangetic Plain. Some of the world's major rivers, the Indus, the Ganges, and the Tsangpo–Brahmaputra, rise in the vicinity of the Himalayas, and their combined drainage basin is home to some 600 million people; 53 million people live in the Himalayas. The Himalayas have profoundly shaped the cultures of South Asia and Tibet. Many Himalayan peaks are sacred in Hinduism and Buddhism; the summits of several—Kangchenjunga, Gangkhar Puensum, Machapuchare, Nanda Devi and Kailas in the Tibetan Transhimalaya—are off-limits to climbers.

Lifted by the subduction of the Indian tectonic plate under the Eurasian Plate, the Himalayan mountain range runs west-northwest to east-southeast in an arc 2,400 km long. Its western anchor, Nanga Parbat, lies just south of the northernmost bend of the Indus river. Its eastern anchor, Namcha Barwa, lies immediately west of the great bend of the Yarlung Tsangpo River. The range varies in width from 350 km in the west to 150 km in the east.",Human,wiki
Plate tectonics,"Plate tectonics is the generally accepted scientific theory that considers the Earth's lithosphere to comprise a number of large tectonic plates which have been slowly moving since about 3.4 billion years ago. The model builds on the concept of continental drift, an idea developed during the first decades of the 20th century. Plate tectonics came to be generally accepted by geoscientists after seafloor spreading was validated in the mid to late 1960s.

Earth's lithosphere, which is the rigid outermost shell of the planet, is broken into seven or eight major plates and many minor plates or ""platelets"". Where the plates meet, their relative motion determines the type of plate boundary: convergent, divergent, or transform. Earthquakes, volcanic activity, mountain-building, and oceanic trench formation occur along these plate boundaries. The relative movement of the plates typically ranges from zero to 10 cm annually.

Tectonic plates are composed of the oceanic lithosphere and the thicker continental lithosphere, each topped by its own kind of crust. Along convergent boundaries, the process of subduction, or one plate moving under another, carries the edge of the lower one down into the mantle; the area of material lost is balanced by the formation of new crust along divergent margins by seafloor spreading. In this way, the total geoid surface area of the lithosphere remains constant. This prediction of plate tectonics is also referred to as the conveyor belt principle. Earlier theories, since disproven, proposed gradual shrinking or gradual expansion of the globe.

Tectonic plates are able to move because Earth's lithosphere has greater mechanical strength than the underlying asthenosphere. Lateral density variations in the mantle result in convection; that is, the slow creeping motion of Earth's solid mantle. Plate movement is thought to be driven by a combination of the motion of the seafloor away from spreading ridges due to variations in topography and density changes in the crust. At subduction zones the relatively cold, dense oceanic crust sinks down into the mantle over the downward convecting limb of a mantle cell. The relative importance of each of these factors and their relationship to each other is unclear, and still the subject of much debate.",Human,wiki
City,"A city is a large human settlement. It can be defined as a permanent and densely settled place with administratively defined boundaries whose members work primarily on non-agricultural tasks. Cities generally have extensive systems for housing, transportation, sanitation, utilities, land use, production of goods, and communication. Their density facilitates interaction between people, government organisations and businesses, sometimes benefiting different parties in the process, such as improving efficiency of goods and service distribution.

Historically, city-dwellers have been a small proportion of humanity overall, but following two centuries of unprecedented and rapid urbanization, more than half of the world population now lives in cities, which has had profound consequences for global sustainability. Present-day cities usually form the core of larger metropolitan areas and urban areas—creating numerous commuters traveling towards city centres for employment, entertainment, and education. However, in a world of intensifying globalization, all cities are to varying degrees also connected globally beyond these regions. This increased influence means that cities also have significant influences on global issues, such as sustainable development, global warming, and global health. Because of these major influences on global issues, the international community has prioritized investment in sustainable cities through Sustainable Development Goal 11. Due to the efficiency of transportation and the smaller land consumption, dense cities hold the potential to have a smaller ecological footprint per inhabitant than more sparsely populated areas. Therefore, compact cities are often referred to as a crucial element of fighting climate change. However, this concentration can also have significant negative consequences, such as forming urban heat islands, concentrating pollution, and stressing water supplies and other resources.

Other important traits of cities besides population include the capital status and relative continued occupation of the city. For example, country capitals such as Beijing, London, Mexico City, Moscow, Nairobi, New Delhi, Paris, Rome, Athens, Seoul, Singapore, Tokyo, Manila, and Washington, D.C. reflect the identity and apex of their respective nations. Some historic capitals, such as Kyoto and Xi'an, maintain their reflection of cultural identity even without modern capital status. Religious holy sites offer another example of capital status within a religion, Jerusalem, Mecca, Varanasi, Ayodhya, Haridwar and Prayagraj each hold significance.",Human,wiki
Earthquake,"An earthquake is the shaking of the surface of the Earth resulting from a sudden release of energy in the Earth's lithosphere that creates seismic waves. Earthquakes can range in intensity, from those that are so weak that they cannot be felt, to those violent enough to propel objects and people into the air, damage critical infrastructure, and wreak destruction across entire cities. The seismic activity of an area is the frequency, type, and size of earthquakes experienced over a particular time period. The seismicity at a particular location in the Earth is the average rate of seismic energy release per unit volume. The word tremor is also used for non-earthquake seismic rumbling.

At the Earth's surface, earthquakes manifest themselves by shaking and displacing or disrupting the ground. When the epicenter of a large earthquake is located offshore, the seabed may be displaced sufficiently to cause a tsunami. Earthquakes can also trigger landslides.

In its most general sense, the word earthquake is used to describe any seismic event—whether natural or caused by humans—that generates seismic waves. Earthquakes are caused mostly by rupture of geological faults but also by other events such as volcanic activity, landslides, mine blasts, and nuclear tests. An earthquake's point of initial rupture is called its hypocenter or focus. The epicenter is the point at ground level directly above the hypocenter.",Human,wiki
Australia,"Australia, officially the Commonwealth of Australia, is a sovereign country comprising the mainland of the Australian continent, the island of Tasmania, and numerous smaller islands. With an area of 7,617,930 square kilometres, Australia is the largest country by area in Oceania and the world's sixth-largest country. Australia is the oldest, flattest, and driest inhabited continent, with the least fertile soils. It is a megadiverse country, and its size gives it a wide variety of landscapes and climates, with deserts in the centre, tropical rainforests in the north-east, and mountain ranges in the south-east.

The ancestors of Aboriginal Australians began arriving from south east Asia approximately 65,000 years ago, during the last ice age. Arriving by sea, they settled the continent and had formed approximately 250 distinct language groups by the time of European settlement, maintaining some of the longest known continuing artistic and religious traditions in the world. Australia's written history commenced with the European maritime exploration of Australia. The Dutch navigator Willem Janszoon was the first known European to reach Australia, in 1606. In 1770, the British explorer James Cook mapped and claimed the east coast of Australia for Great Britain, and the First Fleet of British ships arrived at Sydney in 1788 to establish the penal colony of New South Wales. The European population grew in subsequent decades, and by the end of the 1850s gold rush, most of the continent had been explored by European settlers and an additional five self-governing British colonies established. Democratic parliaments were gradually established through the 19th century, culminating with a vote for the federation of the six colonies and foundation of the Commonwealth of Australia on 1 January 1901. Australia has since maintained a stable liberal democratic political system and wealthy market economy.

Politically, Australia is a federal parliamentary constitutional monarchy, comprising six states and ten territories. Australia's population of nearly 26 million is highly urbanised and heavily concentrated on the eastern seaboard. Canberra is the nation's capital, while its most populous city and financial centre is Sydney. The next four largest cities are Melbourne, Brisbane, Perth, and Adelaide. Australia's demography has been shaped by centuries of immigration: immigrants account for 30% of the country's population, and almost half of Australians have at least one parent born overseas. Australia's abundant natural resources and well-developed international trade relations are crucial to the country's economy, which generates its income from various sources including services, mining exports, banking, manufacturing, agriculture and international education.

Australia is a highly developed country with a high-income economy. As of 2022, it was the world's twelfth-largest economy with the ninth-highest per capita income. In 2017, it ranked as fifth-highest Human Development Index. Australia is a regional power, and has the world's thirteenth-highest military expenditure. Australia ranks amongst the highest in the world for quality of life, democracy, health, education, economic freedom, civil liberties, safety, and political rights, with all its major cities faring exceptionally in global comparative livability surveys. It is a member of international groupings including the United Nations, the G20, the OECD, the WTO, ANZUS, AUKUS, Five Eyes, the Quad, APEC, the Pacific Islands Forum, the Pacific Community and the Commonwealth of Nations.",Human,wiki
Season,"A season is a division of the year based on changes in weather, ecology, and the number of daylight hours in a given region. On Earth, seasons are the result of Earth's orbit around the Sun and Earth's axial tilt relative to the ecliptic plane. In temperate and polar regions, the seasons are marked by changes in the intensity of sunlight that reaches the Earth's surface, variations of which may cause animals to undergo hibernation or to migrate, and plants to be dormant. Various cultures define the number and nature of seasons based on regional variations, and as such there are a number of both modern and historical cultures whose number of seasons varies.

The Northern Hemisphere experiences more direct sunlight during May, June, and July, as the hemisphere faces the Sun. The same is true of the Southern Hemisphere in November, December, and January. It is Earth's axial tilt that causes the Sun to be higher in the sky during the summer months, which increases the solar flux. However, due to seasonal lag, June, July, and August are the warmest months in the Northern Hemisphere while December, January, and February are the warmest months in the Southern Hemisphere.

In temperate and sub-polar regions, four seasons based on the Gregorian calendar are generally recognized: spring, summer, autumn, and winter. Ecologists often use a six-season model for temperate climate regions which are not tied to any fixed calendar dates: prevernal, vernal, estival, serotinal, autumnal, and hibernal. Many tropical regions have two seasons: the rainy, wet, or monsoon season and the dry season. Some have a third cool, mild, or harmattan season. ""Seasons"" can also be dictated by the timing of important ecological events such as hurricane season, tornado season, and wildfire season. Some examples of historical importance are the ancient Egyptian seasons—flood, growth, and low water—which were previously defined by the former annual flooding of the Nile in Egypt.

Seasons often hold special significance for agrarian societies, whose lives revolve around planting and harvest times, and the change of seasons is often attended by ritual. The definition of seasons is also cultural. In India, from ancient times to the present day, six seasons or Ritu based on south Asian religious or cultural calendars are recognised and identified for purposes such as agriculture and trade.",Human,wiki
Soil,"Soil, also commonly referred to as earth or dirt, is a mixture of organic matter, minerals, gases, liquids, and organisms that together support life. Some scientific definitions distinguish dirt from soil by restricting the former term specifically to displaced soil.

Soil consists of a solid phase of minerals and organic matter, as well as a porous phase that holds gases and water. Accordingly, soil is a three-state system of solids, liquids, and gases. Soil is a product of several factors: the influence of climate, relief, organisms, and the soil's parent materials interacting over time. It continually undergoes development by way of numerous physical, chemical and biological processes, which include weathering with associated erosion. Given its complexity and strong internal connectedness, soil ecologists regard soil as an ecosystem.

Most soils have a dry bulk density between 1.1 and 1.6 g/cm3, though the soil particle density is much higher, in the range of 2.6 to 2.7 g/cm3. Little of the soil of planet Earth is older than the Pleistocene and none is older than the Cenozoic, although fossilized soils are preserved from as far back as the Archean.

The pedosphere interfaces with the lithosphere, the hydrosphere, the atmosphere, and the biosphere. Collectively, Earth's body of soil, called the pedosphere, has four important functions:
- as a medium for plant growth
- as a means of water storage, supply and purification
- as a modifier of Earth's atmosphere
- as a habitat for organisms
All of these functions, in their turn, modify the soil and its properties.

Soil science has two basic branches of study: edaphology and pedology. Edaphology studies the influence of soils on living things. Pedology focuses on the formation, description, and classification of soils in their natural environment. In engineering terms, soil is included in the broader concept of regolith, which also includes other loose material that lies above the bedrock, as can be found on the Moon and other celestial objects.",Human,wiki
Olympic Games,"The modern Olympic Games or Olympics are the leading international sporting events featuring summer and winter sports competitions in which thousands of athletes from around the world participate in a variety of competitions. The Olympic Games are considered the world's foremost sports competition with more than 200 teams, representing sovereign states and territories, participating. The Olympic Games are normally held every four years, and since 1994, have alternated between the Summer and Winter Olympics every two years during the four-year period.

Their creation was inspired by the ancient Olympic Games, held in Olympia, Greece from the 8th century BC to the 4th century AD. Baron Pierre de Coubertin founded the International Olympic Committee in 1894, leading to the first modern Games in Athens in 1896. The IOC is the governing body of the Olympic Movement with the Olympic Charter defining its structure and authority.

The evolution of the Olympic Movement during the 20th and 21st centuries has resulted in several changes to the Olympic Games. Some of these adjustments include the creation of the Winter Olympic Games for snow and ice sports, the Paralympic Games for athletes with disabilities, the Youth Olympic Games for athletes aged 14 to 18, the five Continental games, and the World Games for sports that are not contested in the Olympic Games. The IOC also endorses the Deaflympics and the Special Olympics. The IOC has needed to adapt to a variety of economic, political, and technological advancements. The abuse of amateur rules by the Eastern Bloc nations prompted the IOC to shift away from pure amateurism, as envisioned by Coubertin, to the acceptance of professional athletes participating at the Games. The growing importance of mass media has created the issue of corporate sponsorship and general commercialisation of the Games. World wars led to the cancellation of the 1916, 1940, and 1944 Olympics; large-scale boycotts during the Cold War limited participation in the 1980 and 1984 Olympics; and the 2020 Olympics were postponed until 2021 as a result of the COVID-19 pandemic.

The Olympic Movement consists of international sports federations, National Olympic Committees, and organising committees for each specific Olympic Games. As the decision-making body, the IOC is responsible for choosing the host city for each Games, and organises and funds the Games according to the Olympic Charter. The IOC also determines the Olympic programme, consisting of the sports to be contested at the Games. There are several Olympic rituals and symbols, such as the Olympic flag and torch, as well as the opening and closing ceremonies. Over 14,000 athletes competed at the 2016 Summer Olympics and 2018 Winter Olympics combined, in 35 different sports and over 400 events. The first, second, and third-place finishers in each event receive Olympic medals: gold, silver, and bronze, respectively.

The Games have grown so much that nearly every nation is now represented; colonies and overseas territories are allowed to field their own teams. This growth has created numerous challenges and controversies, including boycotts, doping, bribery, and terrorism. Every two years the Olympics and its media exposure provide athletes with the chance to attain national and sometimes international fame. The Games also provide an opportunity for the host city and country to showcase themselves to the world.",Human,wiki
Lionel Messi,"Lionel Andrés Messi, is an Argentine professional footballer who plays as a forward for Ligue 1 club Paris Saint-Germain and captains the Argentina national team. Widely regarded as one of the greatest players of all time, Messi has won a record seven Ballon d'Or awards, a record six European Golden Shoes, and in 2020 was named to the Ballon d'Or Dream Team. Until leaving the club in 2021, he had spent his entire professional career with Barcelona, where he won a club-record 35 trophies, including ten La Liga titles, seven Copa del Rey titles and four UEFA Champions Leagues. A prolific goalscorer and creative playmaker, Messi holds the records for most goals in La Liga, most goals in a La Liga and European league season, most hat-tricks in La Liga and the UEFA Champions League, and most assists in La Liga, a La Liga season and the Copa América. He also holds the record for most international goals by a South American male. Messi has scored over 785 senior career goals for club and country, and has the most goals by a player for a single club.

Born and raised in central Argentina, Messi relocated to Spain to join Barcelona at the age of 13, for whom he made his competitive debut aged 17 in October 2004. He established himself as an integral player for the club within the next three years, and in his first uninterrupted season in 2008–09 he helped Barcelona achieve the first treble in Spanish football; that year, aged 22, Messi won his first Ballon d'Or. Three successful seasons followed, with Messi winning four consecutive Ballons d'Or, making him the first player to win the award four times and in a row. During the 2011–12 season, he set the La Liga and European records for most goals scored in a single season, while establishing himself as Barcelona's all-time top scorer. The following two seasons, Messi finished second for the Ballon d'Or behind Cristiano Ronaldo, before regaining his best form during the 2014–15 campaign, becoming the all-time top scorer in La Liga and leading Barcelona to a historic second treble, after which he was awarded a fifth Ballon d'Or in 2015. Messi assumed captaincy of Barcelona in 2018, and in 2019 he won a record sixth Ballon d'Or. Out of contract, he signed for Paris Saint-Germain in August 2021.

An Argentine international, Messi holds the national record for appearances and is also the country's all-time leading goalscorer. At youth level, he won the 2005 FIFA World Youth Championship, finishing the tournament with both the Golden Ball and Golden Shoe, and an Olympic gold medal at the 2008 Summer Olympics. His style of play as a diminutive, left-footed dribbler drew comparisons with his compatriot Diego Maradona, who described Messi as his successor. After his senior debut in August 2005, Messi became the youngest Argentine to play and score in a FIFA World Cup in 2006, and reached the final of the 2007 Copa América, where he was named young player of the tournament. As the squad's captain from August 2011, he led Argentina to three consecutive finals: the 2014 FIFA World Cup, for which he won the Golden Ball, and the 2015 and 2016 Copa América, winning the Golden Ball in the 2015 edition. After announcing his international retirement in 2016, he reversed his decision and led his country to qualification for the 2018 FIFA World Cup, a third-place finish at the 2019 Copa América, and won the 2021 Copa América, while winning the Golden Ball and Golden Boot award for the latter. This achievement would see him receive a record seventh Ballon d'Or in 2021.

Messi has endorsed sportswear company Adidas since 2006. According to France Football, he was the world's highest-paid footballer for five years out of six between 2009 and 2014, and was ranked the world's highest-paid athlete by Forbes in 2019 and 2022. Messi was among Time's 100 most influential people in the world in 2011 and 2012. In February 2020, he was awarded the Laureus World Sportsman of the Year, thus becoming the first footballer and the first team sport athlete to win the award. Later that year, Messi became the second footballer to surpass $1 billion in career earnings.",Human,wiki
FC Bayern Munich,"Fußball-Club Bayern München e. V., also known as FC Bayern, Bayern Munich, or simply Bayern is a German professional sports club based in Munich, Bavaria. It is best known for its professional men's football team, which plays in the Bundesliga, the top tier of the German football league system. Bayern is the most successful club in German football history, having won a record 32 national titles, including 10 consecutively since 2013, and 20 national cups, along with numerous European honours.

FC Bayern Munich was founded in 1900 by 11 football players, led by Franz John. Although Bayern won its first national championship in 1932, the club was not selected for the Bundesliga at its inception in 1963. The club had its period of greatest success in the mid-1970s when, under the captaincy of Franz Beckenbauer, it won the European Cup three consecutive times. Overall, Bayern have won six European Cup/UEFA Champions League titles, winning their sixth title in the 2020 final as part of the Treble, after which it became only the second European club to achieve the feat twice. Bayern has also won one UEFA Cup, one European Cup Winners' Cup, two UEFA Super Cups, two FIFA Club World Cups and two Intercontinental Cups, making it one of the most successful European clubs internationally and the only German club to have won both international titles. Bayern players have accumulated five Ballon d'Or awards, two The Best FIFA Men's Player awards, four European Golden Shoe, and three UEFA Men's Player of the Year awards including UEFA Club Footballer of the Year.

By winning the 2020 FIFA Club World Cup, Bayern Munich became only the second club to win the ""sextuple"" or all trophies that a club competes for in a given calendar year. Bayern Munich are one of five clubs to have won all three of UEFA's main club competitions, the only German club to achieve that. As of May 2022, Bayern Munich are ranked first in UEFA club rankings. The club has traditional local rivalries with 1860 Munich and 1. FC Nürnberg, as well as with Borussia Dortmund since the mid-1990s.

Since the beginning of the 2005–06 season, Bayern has played its home games at the Allianz Arena. Previously the team had played at Munich's Olympiastadion for 33 years. The team colours are red and white, and the crest shows the white and blue flag of Bavaria. In terms of revenue, Bayern Munich is the largest sports club in Germany and the third highest-earning football club in the world, behind FC Barcelona and Real Madrid, with a value of €634.1 million in 2021. In November 2019, Bayern had 293,000 official members and 4,499 officially registered fan clubs with over 350,000 members. The club has other departments for chess, handball, basketball, gymnastics, bowling, table tennis and senior football with more than 1,100 active members.",Human,wiki
Basketball,"Basketball is a team sport in which two teams, most commonly of five players each, opposing one another on a rectangular court, compete with the primary objective of shooting a basketball through the defender's hoop in diameter mounted 10 feet high to a backboard at each end of the court, while preventing the opposing team from shooting through their own hoop. A field goal is worth two points, unless made from behind the three-point line, when it is worth three. After a foul, timed play stops and the player fouled or designated to shoot a technical foul is given one, two or three one-point free throws. The team with the most points at the end of the game wins, but if regulation play expires with the score tied, an additional period of play is mandated.

Players advance the ball by bouncing it while walking or running or by passing it to a teammate, both of which require considerable skill. On offense, players may use a variety of shots – the layup, the jump shot, or a dunk; on defense, they may steal the ball from a dribbler, intercept passes, or block shots; either offense or defense may collect a rebound, that is, a missed shot that bounces from rim or backboard. It is a violation to lift or drag one's pivot foot without dribbling the ball, to carry it, or to hold the ball with both hands then resume dribbling.

The five players on each side fall into five playing positions. The tallest player is usually the center, the second-tallest and strongest is the power forward, a slightly shorter but more agile player is the small forward, and the shortest players or the best ball handlers are the shooting guard and the point guard, who implements the coach's game plan by managing the execution of offensive and defensive plays. Informally, players may play three-on-three, two-on-two, and one-on-one.

Invented in 1891 by Canadian-American gym teacher James Naismith in Springfield, Massachusetts, United States, basketball has evolved to become one of the world's most popular and widely viewed sports. The National Basketball Association is the most significant professional basketball league in the world in terms of popularity, salaries, talent, and level of competition. Outside North America, the top clubs from national leagues qualify to continental championships such as the EuroLeague and the Basketball Champions League Americas. The FIBA Basketball World Cup and Men's Olympic Basketball Tournament are the major international events of the sport and attract top national teams from around the world. Each continent hosts regional competitions for national teams, like EuroBasket and FIBA AmeriCup.

The FIBA Women's Basketball World Cup and Women's Olympic Basketball Tournament feature top national teams from continental championships. The main North American league is the WNBA, whereas the strongest European clubs participate in the EuroLeague Women.",Human,wiki
100 metres,"The 100 metres, or 100-meter dash, is a sprint race in track and field competitions. The shortest common outdoor running distance, the 100-meter dash is one of the most popular and prestigious events in the sport of athletics. It has been contested at the Summer Olympics since 1896 for men and since 1928 for women. The inaugural World Championships were in 1983.

Women's 100 m Final – 2015 World Championships, won by Jamaican sprinter Shelly-Ann Fraser-Pryce.
The reigning 100 m Olympic or world champion is often named ""the fastest man or woman in the world"". Fred Kerley and Shelly-Ann Fraser-Pryce are the reigning world champions; Marcell Jacobs and Elaine Thompson-Herah are the men's and women's Olympic champions.

On an outdoor 400-metre running track, the 100 m is held on the home straight, with the start usually being set on an extension to make it a straight-line race. There are three instructions given to the runners immediately before and at the beginning of the race: ""on your marks,"" ""set,"" and the firing of the starter's pistol. The runners move to the starting blocks when they hear the 'on your marks' instruction. The following instruction, to adopt the 'set' position, allows them to adopt a more efficient starting posture and isometrically preload their muscles: this will help them to start faster. A race-official then fires the starter's pistol to signal the race beginning and the sprinters stride forwards from the blocks. Sprinters typically reach top speed after somewhere between 50 and 60 m. Their speed then slows towards the finish line.

The 10-second barrier has historically been a barometer of fast men's performances, while the best female sprinters take eleven seconds or less to complete the race. The current men's world record is 9.58 seconds, set by Jamaica's Usain Bolt in 2009, while the women's world record of 10.49 seconds set by American Florence Griffith-Joyner in 1988 remains unbroken.

US athletes have won the men's Olympic 100 metres title more times than any other country, 16 out of the 28 times that it has been run. US women have also dominated the event, winning 9 out of 21 times.",Human,wiki
Roger Federer,"Roger Federer is a Swiss former professional tennis player. He was ranked world No. 1 by the Association of Tennis Professionals for 310 weeks, including a record 237 consecutive weeks, and finished as the year-end No. 1 five times. He won 103 ATP singles titles, the second most of all time, including 20 Grand Slam singles titles, a record eight men's singles Wimbledon titles, an Open Era record-tying five men's singles US Open titles, and a record six year-end championships.

Federer played during an era where he dominated men's tennis along with Rafael Nadal and Novak Djokovic as the Big Three, collectively considered by some to be the three most successful male tennis players of all time. A Wimbledon junior champion in 1998 and former ball boy, Federer won his first major singles title at Wimbledon in 2003 at age 21.

Between 2003 and 2009 Federer played in 21 out of 28 major singles finals. He won three of the four majors and the ATP Finals in 2004, 2006, and 2007 as well as five consecutive titles at both Wimbledon and the US Open. He completed the career Grand Slam at the 2009 French Open after three consecutive runner-up finishes to Nadal, his main rival until 2010. At age 27, he surpassed Pete Sampras' record of 14 major men's singles titles at Wimbledon in 2009.

Although Federer remained in the Top 3 during most of the early 2010s, the success of Djokovic and Nadal ended his dominance over grass and hard courts, winning two majors between 2010 and 2016. During this period of time, he and Stan Wawrinka led the Switzerland Davis Cup team to their first title in 2014, following their Olympic doubles gold victory at the 2008 Beijing Olympics. Federer also won a silver medal in singles at the 2012 London Olympics, where he finished runner-up to Andy Murray. After a half-year hiatus in late 2016 to recover from knee surgery, Federer made a stellar return to tennis, winning three more majors over the next two years, including the 2017 Australian Open over Nadal and an eighth singles title at the 2017 Wimbledon Championships. At the 2018 Australian Open, Federer became the first man to win 20 major singles titles and shortly the oldest ATP world No. 1 at age 36. In September 2022, he retired from professional tennis following the Laver Cup.

A versatile all-court player, Federer's perceived effortlessness has made him highly popular among tennis fans. Originally lacking self-control as a junior, he transformed his on-court demeanor to become well-liked for his general graciousness, winning the Stefan Edberg Sportsmanship Award 13 times. He has won the Laureus World Sportsman of the Year award a record five times. Outside of competing, he played an instrumental role in the creation of the Laver Cup team competition. He is also an active philanthropist. He established the Roger Federer Foundation, which targets impoverished children in southern Africa, and has raised funds in part through the Match for Africa exhibition series. He is routinely one of the top ten highest-paid athletes in any sport and ranked first among all athletes with $100 million in endorsement income in 2020.",Human,wiki
Pep Guardiola,"Josep ""Pep"" Guardiola Sala is a Spanish professional football manager and former player, who is the current manager of Premier League club Manchester City. He is considered one of the greatest managers of all time and holds the records for the most consecutive league games won in La Liga, the Bundesliga and the Premier League.

Guardiola was a defensive midfielder who usually played in a deep-lying playmaker's role. He spent the majority of his career with Barcelona, forming a part of Johan Cruyff's Dream Team that won the club's first European Cup in 1992, and four successive Spanish league titles from 1991 to 1994. He captained the team from 1997 until his departure from the club in 2001. Guardiola then had stints with Brescia and Roma in Italy, Al-Ahli in Qatar, and Dorados de Sinaloa in Mexico. He was capped 47 times for the Spanish national team and appeared at the 1994 FIFA World Cup, as well as at UEFA Euro 2000. He also played friendly matches for Catalonia.

After retiring as a player, Guardiola briefly coached Barcelona B, with whom he won a Tercera División title. He took charge of the first-team in 2008. In his first season, he led Barcelona to the treble of La Liga, UEFA Champions League, and the Copa del Rey, becoming the youngest manager to win the aforementioned European competition. In 2011, after leading the club to another La Liga and Champions League double, Guardiola was awarded the Catalan Parliament's Gold Medal, their highest honour. The same year, he was also named the FIFA World Coach of the Year. He ended his four-year Barcelona stint in 2012 with 14 honours, a club record.

After a sabbatical period, Bayern Munich announced Guardiola would join the club as manager in 2013. Guardiola won the Bundesliga in each of his three seasons as Bayern manager, including two domestic doubles. He left the Bavarians for Manchester City in 2016, and guided them to a Premier League title in his second campaign in charge, breaking numerous domestic records as the team became the first to attain 100 league points. To date, he has won four Premier League titles, four EFL Cups, and the FA Cup, including a domestic treble in the 2018–19 season. He also led the club to their maiden UEFA Champions League Final in 2021.",Human,wiki
Premier League,"The Premier League is the highest level of the men's English football league system. Contested by 20 clubs, it operates on a system of promotion and relegation with the English Football League. Seasons typically run from August to May with each team playing 38 matches. Most games are played on Saturday and Sunday afternoons, with occasional weekday evening fixtures.

The competition was founded as the FA Premier League on 20 February 1992 following the decision of clubs in the Football League First Division to break away from the Football League, founded in 1888, and take advantage of a lucrative television rights sale to Sky. From 2019 to 2020, the league's accumulated television rights deals were worth around £3.1 billion a year, with Sky and BT Group securing the domestic rights to broadcast 128 and 32 games respectively. The Premier League is a corporation where chief executive Richard Masters is responsible for its management, whilst the member clubs act as shareholders. Clubs were apportioned central payment revenues of £2.4 billion in 2016–17, with a further £343 million in solidarity payments to English Football League clubs.

The Premier League is the most-watched sports league in the world, broadcast in 212 territories to 643 million homes and a potential TV audience of 4.7 billion people. For the 2018–19 season, the average Premier League match attendance was at 38,181, second to the German Bundesliga's 43,500, while aggregated attendance across all matches is the highest of any association football league at 14,508,981. Most stadium occupancies are near capacity. The Premier League ranks first in the UEFA coefficients of leagues based on performances in European competitions over the past five seasons as of 2021. The English top-flight has produced the second-highest number of UEFA Champions League/European Cup titles, with five English clubs having won fourteen European trophies in total.

Fifty clubs have competed since the inception of the Premier League in 1992: forty-eight English and two Welsh clubs. Seven of them have won the title: Manchester United, Manchester City, Chelsea, Arsenal, Blackburn Rovers, Leicester City and Liverpool.",Human,wiki
Association football,"Association football, more commonly known as simply football or soccer, is a team sport played between two teams of 11 players who primarily use their feet to propel the ball around a rectangular field called a pitch. The objective of the game is to score more goals than the opposition by moving the ball beyond the goal line into the opposing side's rectangular framed goal. Traditionally, the game has been played over two 45 minute halves, for a total match time of 90 minutes. With an estimated 250 million players active in over 200 countries, it is considered the world's most popular sport.

The game of association football is played in accordance with the Laws of the Game, a set of rules that has been in effect since 1863 with the International Football Association Board maintaining them since 1886. The laws stipulate the number of players a team should have, the game length, the size of the field and ball, the type and nature of fouls that referees may penalize, the offside law, and many other laws that define the sport.

It is the task of the referee to interpret and enforce the Laws of the Game. The game is played with a football that is 68–70 cm in circumference. The two teams compete to get the ball into the other team's goal, thereby scoring a goal. When the ball is in play, the players mainly use their feet, but may use any other part of their body to control, strike or pass the ball apart from their hands or arms.

Only the goalkeepers may use their hands and arms, and only then within the penalty area. The team that has scored more goals at the end of the game is the winner. Depending on the format of the competition, an equal number of goals scored may result in a draw being declared, or the game goes into extra time or a penalty shootout.

Internationally, association football is globally governed by FIFA. At a regional level, six continental confederations are responsible for operating competitions between member national associations.

The national associations are responsible for managing the game, both professionally and at an amateur level, in their own countries and coordinating competitions in accordance with the Laws of the Game. The most senior and prestigious international competitions are the men's FIFA World Cup and the FIFA Women's World Cup. The men's World Cup is the most-viewed sporting event in the world, surpassing the Olympic Games.

Both competitions pit national representative teams against each other in a series of group games, and then a knockout format until two teams remain to compete in the World Cup Final. The men's game sees approximately 190–200 national teams partake in respective qualifying tournaments on a continental confederation level for a place in the main tournament.

The main tournament is held every four years and involves 32 national teams spanning over four weeks. The first competition was the 1930 FIFA World Cup in Uruguay.

Women's association football has historically seen opposition from national associations severely curbing its development, several outlawing it completely. Restrictions started to be reduced in the 1980s and the first women's World Cup was the 1991 FIFA Women's World Cup in China with only 12 teams from the respective 6 confederations. By the 2019 FIFA Women's World Cup in France, this had increased to 24 national teams and a record-breaking 1.12 billion viewers watched the competition.

The two most prestigious competitions in European club football are the UEFA Champions League and UEFA Women's Champions League, which attract an extensive television audience throughout the world.

The final of the men's tournament has been, in recent years, the most-watched annual sporting event in the world. The top five European men's leagues are the Premier League, La Liga, Bundesliga, Serie A, and Ligue 1. Attracting most of the world's best players, each of the leagues has a total wage cost in excess of £600 million/€763 million/US$1.185 billion.",Human,wiki
Music,"Music is generally defined as the art of arranging sound to create some combination of form, harmony, melody, rhythm or otherwise expressive content. Exact definitions of music vary considerably around the world, though it is an aspect of all human societies, a cultural universal. While scholars agree that music is defined by a few specific elements, there is no consensus on their precise definitions. The creation of music is commonly divided into musical composition, musical improvisation, and musical performance, though the topic itself extends into academic disciplines, criticism, philosophy, and psychology. Music may be performed or improvised using a vast range of instruments, including the human voice.

In some musical contexts, a performance or composition may be to some extent improvised. For instance, in Hindustani classical music, the performer plays spontaneously while following a partially defined structure and using characteristic motifs. In modal jazz the performers may take turns leading and responding, while sharing a changing set of notes. In a free jazz context, there may be no structure whatsoever, with each performer acting at their discretion. Music may be deliberately composed to be unperformable, or agglomerated electronically from many performances. Music is played in public and private areas, highlighted at events such as festivals, rock concerts, and orchestra performance, and heard incidentally as part of a score or soundtrack to a film, TV show, opera, or video game. Musical playback is the primary function of an MP3 player or CD player and a universal feature of radios and smartphones.

Music often plays a key role in social activities, religious rituals, rite of passage ceremonies, celebrations, and cultural activities. The music industry includes songwriters, performers, sound engineers, producers, tour organizers, distributors of instruments, accessories, and sheet music. Compositions, performances, and recordings are assessed and evaluated by music critics, music journalists, and music scholars, as well as amateurs.",Human,wiki
Electric guitar,"An electric guitar is a guitar that requires external amplification in order to be heard at typical performance volumes, unlike a standard acoustic guitar It uses one or more pickups to convert the vibration of its strings into electrical signals, which ultimately are reproduced as sound by loudspeakers. The sound is sometimes shaped or electronically altered to achieve different timbres or tonal qualities on the amplifier settings or the knobs on the guitar from that of an acoustic guitar. Often, this is done through the use of effects such as reverb, distortion and ""overdrive""; the latter is considered to be a key element of electric blues guitar music and jazz and rock guitar playing.

Invented in 1932, the electric guitar was adopted by jazz guitar players, who wanted to play single-note guitar solos in large big band ensembles. Early proponents of the electric guitar on record include Les Paul, Lonnie Johnson, Sister Rosetta Tharpe, T-Bone Walker, and Charlie Christian. During the 1950s and 1960s, the electric guitar became the most important instrument in popular music. It has evolved into an instrument that is capable of a multitude of sounds and styles in genres ranging from pop and rock to folk to country music, blues and jazz. It served as a major component in the development of electric blues, rock and roll, rock music, heavy metal music and many other genres of music.

Electric guitar design and construction varies greatly in the shape of the body and the configuration of the neck, bridge, and pickups. Guitars may have a fixed bridge or a spring-loaded hinged bridge, which lets players ""bend"" the pitch of notes or chords up or down, or perform vibrato effects. The sound of an electric guitar can be modified by new playing techniques such as string bending, tapping, and hammering-on, using audio feedback, or slide guitar playing.

There are several types of electric guitar, including: the solid-body guitar; various types of hollow-body guitars; the six-string guitar, which is usually tuned E, A, D, G, B, E, from lowest to highest strings; the seven-string guitar, which typically adds a low B string below the low E; the eight-string guitar, which typically adds a low E or F# string below the low B; and the twelve-string guitar, which has six pairs of strings.

In pop and rock, the electric guitar is often used in two roles: as a rhythm guitar, which plays the chord sequences or progressions, and riffs, and sets the beat; and as a lead guitar, which provides instrumental melody lines, melodic instrumental fill passages, and solos. In a small group, such as a power trio, one guitarist switches between both roles. In large rock and Metal bands, there is often a rhythm guitarist and a lead guitarist.",Human,wiki
Queen (band),"Queen are a British rock band formed in London in 1970. The band comprised Freddie Mercury, Brian May, Roger Taylor and John Deacon. Their earliest works were influenced by progressive rock, hard rock and heavy metal, but the band gradually ventured into more conventional and radio-friendly works by incorporating further styles, such as arena rock and pop rock.

Before forming Queen, May and Taylor had played together in the band Smile. Mercury was a fan of Smile and encouraged them to experiment with more elaborate stage and recording techniques. He joined in 1970 and suggested the name ""Queen"". Deacon was recruited in February 1971, before the band released their eponymous debut album in 1973. Queen first charted in the UK with their second album, Queen II, in 1974. Sheer Heart Attack later that year and A Night at the Opera in 1975 brought them international success. The latter featured ""Bohemian Rhapsody"", which stayed at number one in the UK for nine weeks and helped popularise the music video format.

The band's 1977 album News of the World contained ""We Will Rock You"" and ""We Are the Champions"", which have become anthems at sporting events. By the early 1980s, Queen were one of the biggest stadium rock bands in the world. ""Another One Bites the Dust"" from The Game became their best-selling single, while their 1981 compilation album Greatest Hits is the best-selling album in the UK and is certified nine times platinum in the US. Their performance at the 1985 Live Aid concert is ranked among the greatest in rock history by various publications. In August 1986, Mercury gave his last performance with Queen at Knebworth, England. In 1991, he died of bronchopneumonia, a complication of AIDS. Deacon retired in 1997. Since 2004, May and Taylor have toured as ""Queen +"", with vocalists Paul Rodgers and Adam Lambert.

Queen have been a global presence in popular culture for more than five decades. Estimates of their record sales range from 250 million to 300 million, making them one of the world's best-selling music artists. In 1990, Queen received the Brit Award for Outstanding Contribution to British Music. They were inducted into the Rock and Roll Hall of Fame in 2001, and with each member having composed hit singles all four were inducted into the Songwriters Hall of Fame in 2003. In 2005 they received the Ivor Novello Award for Outstanding Song Collection from the British Academy of Songwriters, Composers, and Authors, and in 2018 they were presented the Grammy Lifetime Achievement Award.",Human,wiki
Heavy metal music,"Heavy metal is a genre of rock music that developed in the late 1960s and early 1970s, largely in the United Kingdom and United States. With roots in blues rock, psychedelic rock and acid rock, heavy metal bands developed a thick, monumental sound characterized by distorted guitars, extended guitar solos, emphatic beats and loudness.

In 1968, three of the genre's most famous pioneers, Led Zeppelin, Black Sabbath and Deep Purple, were founded. Though they came to attract wide audiences, they were often derided by critics. Several American bands modified heavy metal into more accessible forms during the 1970s: the raw, sleazy sound and shock rock of Alice Cooper and Kiss; the blues-rooted rock of Aerosmith; and the flashy guitar leads and party rock of Van Halen. During the mid-1970s, Judas Priest helped spur the genre's evolution by discarding much of its blues influence, while Motörhead introduced a punk rock sensibility and an increasing emphasis on speed. Beginning in the late 1970s, bands in the new wave of British heavy metal such as Iron Maiden and Saxon followed in a similar vein. By the end of the decade, heavy metal fans became known as ""metalheads"" or ""headbangers"". The lyrics and performances are usually associated with aggression and machismo, an issue that has sometimes led to accusations of misogyny.

During the 1980s, glam metal became popular with groups such as Bon Jovi, Mötley Crüe and Poison. Meanwhile, however, underground scenes produced an array of more aggressive styles: thrash metal broke into the mainstream with bands such as Metallica, Slayer, Megadeth, and Anthrax, while other extreme subgenres such as death metal and black metal remain subcultural phenomena. Since the mid-1990s, popular styles have expanded the definition of the genre. These include groove metal and nu metal, the latter of which often incorporates elements of grunge and hip hop.",Human,wiki
Ludwig van Beethoven,"Ludwig van Beethoven was a German composer and pianist. Beethoven remains one of the most admired composers in the history of Western music; his works rank amongst the most performed of the classical music repertoire and span the transition from the Classical period to the Romantic era in classical music. His career has conventionally been divided into early, middle, and late periods. His early period, during which he forged his craft, is typically considered to have lasted until 1802. From 1802 to around 1812, his middle period showed an individual development from the styles of Joseph Haydn and Wolfgang Amadeus Mozart, and is sometimes characterized as heroic. During this time, he began to grow increasingly deaf. In his late period, from 1812 to 1827, he extended his innovations in musical form and expression.

Beethoven was born in Bonn. His musical talent was obvious at an early age. He was initially harshly and intensively taught by his father Johann van Beethoven. Beethoven was later taught by the composer and conductor Christian Gottlob Neefe, under whose tutelage he published his first work, a set of keyboard variations, in 1783. He found relief from a dysfunctional home life with the family of Helene von Breuning, whose children he loved, befriended, and taught piano. At age 21, he moved to Vienna, which subsequently became his base, and studied composition with Haydn. Beethoven then gained a reputation as a virtuoso pianist, and he was soon patronized by Karl Alois, Prince Lichnowsky for compositions, which resulted in his three Opus 1 piano trios in 1795.

His first major orchestral work, the First Symphony, premiered in 1800, and his first set of string quartets was published in 1801. Despite his hearing deteriorating during this period, he continued to conduct, premiering his Third and Fifth Symphonies in 1804 and 1808, respectively. His Violin Concerto appeared in 1806. His last piano concerto, dedicated to his frequent patron Archduke Rudolf of Austria, was premiered in 1811, without Beethoven as soloist. He was almost completely deaf by 1814, and he then gave up performing and appearing in public. He described his problems with health and his unfulfilled personal life in two letters, his Heiligenstadt Testament to his brothers and his unsent love letter to an unknown ""Immortal Beloved"".

After 1810, increasingly less socially involved, Beethoven composed many of his most admired works, including later symphonies, mature chamber music and the late piano sonatas. His only opera, Fidelio, first performed in 1805, was revised to its final version in 1814. He composed Missa solemnis between 1819 and 1823 and his final Symphony, No. 9, one of the first examples of a choral symphony, between 1822 and 1824. Written in his last years, his late string quartets, including the Grosse Fuge, of 1825–1826 are among his final achievements. After some months of bedridden illness, he died in 1827. Beethoven's works remain mainstays of the classical music repertoire.",Human,wiki
The Beatles,"The Beatles were an English rock band, formed in Liverpool in 1960, that comprised John Lennon, Paul McCartney, George Harrison and Ringo Starr. They are regarded as the most influential band of all time and were integral to the development of 1960s counterculture and popular music's recognition as an art form. Rooted in skiffle, beat and 1950s rock 'n' roll, their sound incorporated elements of classical music and traditional pop in innovative ways; the band later explored music styles ranging from folk and Indian music to psychedelia and hard rock. As pioneers in recording, songwriting and artistic presentation, the Beatles revolutionised many aspects of the music industry and were often publicised as leaders of the era's youth and sociocultural movements.

Led by primary songwriters Lennon and McCartney, the Beatles evolved from Lennon's previous group, the Quarrymen, and built their reputation playing clubs in Liverpool and Hamburg over three years from 1960, initially with Stuart Sutcliffe playing bass. The core trio of Lennon, McCartney and Harrison, together since 1958, went through a succession of drummers, including Pete Best, before asking Starr to join them in 1962. Manager Brian Epstein moulded them into a professional act, and producer George Martin guided and developed their recordings, greatly expanding their domestic success after signing to EMI Records and achieving their first hit, ""Love Me Do"", in late 1962. As their popularity grew into the intense fan frenzy dubbed ""Beatlemania"", the band acquired the nickname ""the Fab Four"", with Epstein, Martin or another member of the band's entourage sometimes informally referred to as a ""fifth Beatle"".

By early 1964, the Beatles were international stars and had achieved unprecedented levels of critical and commercial success. They became a leading force in Britain's cultural resurgence, ushering in the British Invasion of the United States pop market, and soon made their film debut with A Hard Day's Night. A growing desire to refine their studio efforts, coupled with the untenable nature of their concert tours, led to the band's retirement from live performances in 1966. At this time, they produced records of greater sophistication, including the albums Rubber Soul, Revolver and Sgt. Pepper's Lonely Hearts Club Band, and enjoyed further commercial success with The Beatles and Abbey Road. The success of these records heralded the album era, as albums became the dominant form of record consumption over singles; they also increased public interest in psychedelic drugs and Eastern spirituality, and furthered advancements in electronic music, album art and music videos. In 1968, they founded Apple Corps, a multi-armed multimedia corporation that continues to oversee projects related to the band's legacy. After the group's break-up in 1970, all principal former members enjoyed success as solo artists and some partial reunions have occurred. Lennon was murdered in 1980 and Harrison died of lung cancer in 2001. McCartney and Starr remain musically active.

The Beatles are the best-selling music act of all time, with estimated sales of 600 million units worldwide. They hold the record for most number-one albums on the UK Albums Chart, most number-one hits on the US Billboard Hot 100 chart, and most singles sold in the UK. The band received many accolades, including seven Grammy Awards, four Brit Awards, an Academy Award and fifteen Ivor Novello Awards. They were inducted into the Rock and Roll Hall of Fame in 1988, and each principal member was inducted individually between 1994 and 2015. In 2004 and 2011, the group topped Rolling Stone's lists of the greatest artists in history. Time magazine named them among the 20th century's 100 most important people.",Human,wiki
Linkin Park,"Linkin Park is an American rock band from Agoura Hills, California. The band's current lineup comprises vocalist/rhythm guitarist/keyboardist Mike Shinoda, lead guitarist Brad Delson, bassist Dave Farrell, DJ/turntablist Joe Hahn and drummer Rob Bourdon, all of whom are founding members. Vocalists Mark Wakefield and Chester Bennington are former members of the band. Categorized as alternative rock, Linkin Park's earlier music spanned a fusion of heavy metal and hip hop, while their later music features more electronica and pop elements.

Formed in 1996, Linkin Park rose to international fame with their debut studio album, Hybrid Theory, which became certified Diamond by the Recording Industry Association of America. Released during the peak of the nu metal scene, the album's singles' heavy airplay on MTV led the singles ""One Step Closer"", ""Crawling"" and ""In the End"" all to chart highly on the US Mainstream Rock chart. The lattermost also crossed over to the nation's Billboard Hot 100. Their second album, Meteora, continued the band's success. The band explored experimental sounds on their third album, Minutes to Midnight. By the end of the decade, Linkin Park was among the most successful and popular rock acts.

The band continued to explore a wider variation of musical types on their fourth album, A Thousand Suns, layering their music with more electronic sounds. The band's fifth album, Living Things, combined musical elements from all of their previous records. Their sixth album, The Hunting Party, returned to a heavier rock sound, and their seventh album, One More Light, was their first pop-oriented record. Linkin Park went on a hiatus when longtime lead vocalist Bennington committed suicide in July 2017. In April 2022, Shinoda revealed the band was neither working on new music nor planning on touring for the foreseeable future.

Linkin Park is among the best-selling bands of the 21st century and the world's best-selling music artists, having sold over 100 million records worldwide. They have won two Grammy Awards, six American Music Awards, two Billboard Music Awards, four MTV Video Music Awards, 10 MTV Europe Music Awards and three World Music Awards. In 2003, MTV2 named Linkin Park the sixth-greatest band of the music video era and the third-best of the new millennium. Billboard ranked Linkin Park No. 19 on the Best Artists of the Decade list. In 2012, the band was voted as the greatest artist of the 2000s in a Bracket Madness poll on VH1. In 2014, the band was declared as ""The Biggest Rock Band in the World Right Now"" by Kerrang!.",Human,wiki
Computer,"A computer is a digital electronic machine that can be programmed to carry out sequences of arithmetic or logical operations automatically. Modern computers can perform generic sets of operations known as programs. These programs enable computers to perform a wide range of tasks. A computer system is a ""complete"" computer that includes the hardware, operating system, and peripheral equipment needed and used for ""full"" operation. This term may also refer to a group of computers that are linked and function together, such as a computer network or computer cluster.

A broad range of industrial and consumer products use computers as control systems. Simple special-purpose devices like microwave ovens and remote controls are included, as are factory devices like industrial robots and computer-aided design, as well as general-purpose devices like personal computers and mobile devices like smartphones. Computers power the Internet, which links billions of other computers and users.

Early computers were meant to be used only for calculations. Simple manual instruments like the abacus have aided people in doing calculations since ancient times. Early in the Industrial Revolution, some mechanical devices were built to automate long tedious tasks, such as guiding patterns for looms. More sophisticated electrical machines did specialized analog calculations in the early 20th century. The first digital electronic calculating machines were developed during World War II. The first semiconductor transistors in the late 1940s were followed by the silicon-based MOSFET and monolithic integrated circuit chip technologies in the late 1950s, leading to the microprocessor and the microcomputer revolution in the 1970s. The speed, power and versatility of computers have been increasing dramatically ever since then, with transistor counts increasing at a rapid pace, leading to the Digital Revolution during the late 20th to early 21st centuries.

Conventionally, a modern computer consists of at least one processing element, typically a central processing unit in the form of a microprocessor, along with some type of computer memory, typically semiconductor memory chips. The processing element carries out arithmetic and logical operations, and a sequencing and control unit can change the order of operations in response to stored information. Peripheral devices include input devices, output devices, and input/output devices that perform both functions. Peripheral devices allow information to be retrieved from an external source and they enable the result of operations to be saved and retrieved.",Human,wiki
Turing machine,"A Turing machine is a mathematical model of computation describing an abstract machine that manipulates symbols on a strip of tape according to a table of rules. Despite the model's simplicity, it is capable of implementing any computer algorithm.

The machine operates on an infinite memory tape divided into discrete cells, each of which can hold a single symbol drawn from a finite set of symbols called the alphabet of the machine. It has a ""head"" that, at any point in the machine's operation, is positioned over one of these cells, and a ""state"" selected from a finite set of states. At each step of its operation, the head reads the symbol in its cell. Then, based on the symbol and the machine's own present state, the machine writes a symbol into the same cell, and moves the head one step to the left or the right, or halts the computation. The choice of which replacement symbol to write and which direction to move is based on a finite table that specifies what to do for each combination of the current state and the symbol that is read.

The Turing machine was invented in 1936 by Alan Turing, who called it an ""a-machine"". It was Turing's Doctoral advisor, Alonzo Church, who later coined the term ""Turing machine"" in a review. With this model, Turing was able to answer two questions in the negative:

- Does a machine exist that can determine whether any arbitrary machine on its tape is ""circular""?
- Does a machine exist that can determine whether any arbitrary machine on its tape ever prints a given symbol?
- Thus by providing a mathematical description of a very simple device capable of arbitrary computations, he was able to prove properties of computation in general—and in particular, the uncomputability of the Entscheidungsproblem.

Turing machines proved the existence of fundamental limitations on the power of mechanical computation. While they can express arbitrary computations, their minimalist design makes them unsuitable for computation in practice: real-world computers are based on different designs that, unlike Turing machines, use random-access memory.

Turing completeness is the ability for a system of instructions to simulate a Turing machine. A programming language that is Turing complete is theoretically capable of expressing all tasks accomplishable by computers; nearly all programming languages are Turing complete if the limitations of finite memory are ignored.",Human,wiki
Microsoft,"Microsoft Corporation is an American multinational technology corporation producing computer software, consumer electronics, personal computers, and related services headquartered at the Microsoft Redmond campus located in Redmond, Washington, United States. Its best-known software products are the Windows line of operating systems, the Microsoft Office suite, and the Internet Explorer and Edge web browsers. Its flagship hardware products are the Xbox video game consoles and the Microsoft Surface lineup of touchscreen personal computers. Microsoft ranked No. 21 in the 2020 Fortune 500 rankings of the largest United States corporations by total revenue; it was the world's largest software maker by revenue as of 2019. It is one of the Big Five American information technology companies, alongside Alphabet, Amazon, Apple, and Meta.

Microsoft was founded by Bill Gates and Paul Allen on April 4, 1975, to develop and sell BASIC interpreters for the Altair 8800. It rose to dominate the personal computer operating system market with MS-DOS in the mid-1980s, followed by Windows. The company's 1986 initial public offering, and subsequent rise in its share price, created three billionaires and an estimated 12,000 millionaires among Microsoft employees. Since the 1990s, it has increasingly diversified from the operating system market and has made a number of corporate acquisitions, their largest being the acquisition of LinkedIn for $26.2 billion in December 2016, followed by their acquisition of Skype Technologies for $8.5 billion in May 2011.

As of 2015, Microsoft is market-dominant in the IBM PC compatible operating system market and the office software suite market, although it has lost the majority of the overall operating system market to Android. The company also produces a wide range of other consumer and enterprise software for desktops, laptops, tabs, gadgets, and servers, including Internet search, the digital services market, mixed reality, cloud computing, and software development.

Steve Ballmer replaced Gates as CEO in 2000, and later envisioned a ""devices and services"" strategy. This unfolded with Microsoft acquiring Danger Inc. in 2008, entering the personal computer production market for the first time in June 2012 with the launch of the Microsoft Surface line of tablet computers, and later forming Microsoft Mobile through the acquisition of Nokia's devices and services division. Since Satya Nadella took over as CEO in 2014, the company has scaled back on hardware and has instead focused on cloud computing, a move that helped the company's shares reach its highest value since December 1999.

Earlier dethroned by Apple in 2010, in 2018 Microsoft reclaimed its position as the most valuable publicly traded company in the world. In April 2019, Microsoft reached the trillion-dollar market cap, becoming the third U.S. public company to be valued at over $1 trillion after Apple and Amazon respectively. As of 2022, Microsoft has the fourth-highest global brand valuation.

Microsoft has been criticized for its monopolistic practices and the company's software has been criticized for problems with ease of use, robustness, and security.",Human,wiki
Assembly language,"In computer programming, assembly language, often referred to simply as Assembly and commonly abbreviated as ASM or asm, is any low-level programming language with a very strong correspondence between the instructions in the language and the architecture's machine code instructions. Assembly language usually has one statement per machine instruction, but constants, comments, assembler directives, symbolic labels of, e.g., memory locations, registers, and macros are generally also supported.

Assembly code is converted into executable machine code by a utility program referred to as an assembler. The term ""assembler"" is generally attributed to Wilkes, Wheeler and Gill in their 1951 book The Preparation of Programs for an Electronic Digital Computer, who, however, used the term to mean ""a program that assembles another program consisting of several sections into a single program"". The conversion process is referred to as assembly, as in assembling the source code. The computational step when an assembler is processing a program is called assembly time.

Because assembly depends on the machine code instructions, each assembly language is specific to a particular computer architecture.

Sometimes there is more than one assembler for the same architecture, and sometimes an assembler is specific to an operating system or to particular operating systems. Most assembly languages do not provide specific syntax for operating system calls, and most assembly languages can be used universally with any operating system, as the language provides access to all the real capabilities of the processor, upon which all system call mechanisms ultimately rest. In contrast to assembly languages, most high-level programming languages are generally portable across multiple architectures but require interpreting or compiling, much more complicated tasks than assembling.

In the first decades of computing, it was commonplace for both systems programming and application programming to take place entirely in assembly language. While still irreplaceable for some purposes, the majority of programming is now conducted in higher-level interpreted and compiled languages. In ""No Silver Bullet"", Fred Brooks summarised the effects of the switch away from assembly language programming: ""Surely the most powerful stroke for software productivity, reliability, and simplicity has been the progressive use of high-level languages for programming. Most observers credit that development with at least a factor of five in productivity, and with concomitant gains in reliability, simplicity, and comprehensibility.""

Today, it is typical to use small amounts of assembly language code within larger systems implemented in a higher-level language, for performance reasons or to interact directly with hardware in ways unsupported by the higher-level language. For instance, just under 2% of version 4.9 of the Linux kernel source code is written in assembly; more than 97% is written in C.",Human,wiki
Machine Learning,"Machine learning is a field of inquiry devoted to understanding and building methods that 'learn', that is, methods that leverage data to improve performance on some set of tasks. It is seen as a part of artificial intelligence. Machine learning algorithms build a model based on sample data, known as training data, in order to make predictions or decisions without being explicitly programmed to do so. Machine learning algorithms are used in a wide variety of applications, such as in medicine, email filtering, speech recognition, and computer vision, where it is difficult or unfeasible to develop conventional algorithms to perform the needed tasks.

A subset of machine learning is closely related to computational statistics, which focuses on making predictions using computers, but not all machine learning is statistical learning. The study of mathematical optimization delivers methods, theory and application domains to the field of machine learning. Data mining is a related field of study, focusing on exploratory data analysis through unsupervised learning. Some implementations of machine learning use data and neural networks in a way that mimics the working of a biological brain. In its application across business problems, machine learning is also referred to as predictive analytics.",Human,wiki
Artificial neural network,"Artificial neural networks, usually simply called neural networks or neural nets, are computing systems inspired by the biological neural networks that constitute animal brains.

An ANN is based on a collection of connected units or nodes called artificial neurons, which loosely model the neurons in a biological brain. Each connection, like the synapses in a biological brain, can transmit a signal to other neurons. An artificial neuron receives signals then processes them and can signal neurons connected to it. The ""signal"" at a connection is a real number, and the output of each neuron is computed by some non-linear function of the sum of its inputs. The connections are called edges. Neurons and edges typically have a weight that adjusts as learning proceeds. The weight increases or decreases the strength of the signal at a connection. Neurons may have a threshold such that a signal is sent only if the aggregate signal crosses that threshold.

Typically, neurons are aggregated into layers. Different layers may perform different transformations on their inputs. Signals travel from the first layer, to the last layer, possibly after traversing the layers multiple times.",Human,wiki
Database,"In computing, a database is an organized collection of data stored and accessed electronically. Small databases can be stored on a file system, while large databases are hosted on computer clusters or cloud storage. The design of databases spans formal techniques and practical considerations, including data modeling, efficient data representation and storage, query languages, security and privacy of sensitive data, and distributed computing issues, including supporting concurrent access and fault tolerance.

A database management system is the software that interacts with end users, applications, and the database itself to capture and analyze the data. The DBMS software additionally encompasses the core facilities provided to administer the database. The sum total of the database, the DBMS and the associated applications can be referred to as a database system. Often the term ""database"" is also used loosely to refer to any of the DBMS, the database system or an application associated with the database.

Computer scientists may classify database management systems according to the database models that they support. Relational databases became dominant in the 1980s. These model data as rows and columns in a series of tables, and the vast majority use SQL for writing and querying data. In the 2000s, non-relational databases became popular, collectively referred to as NoSQL, because they use different query languages.",Human,wiki
SQL,"SQL is a domain-specific language used in programming and designed for managing data held in a relational database management system, or for stream processing in a relational data stream management system. It is particularly useful in handling structured data, i.e. data incorporating relations among entities and variables.

SQL offers two main advantages over older read–write APIs such as ISAM or VSAM. Firstly, it introduced the concept of accessing many records with one single command. Secondly, it eliminates the need to specify how to reach a record, e.g. with or without an index.

Originally based upon relational algebra and tuple relational calculus, SQL consists of many types of statements, which may be informally classed as sublanguages, commonly: a data query language, a data definition language, a data control language, and a data manipulation language. The scope of SQL includes data query, data manipulation, data definition, and data access control. Although SQL is essentially a declarative language, it also includes procedural elements.

SQL was one of the first commercial languages to use Edgar F. Codd’s relational model. The model was described in his influential 1970 paper, ""A Relational Model of Data for Large Shared Data Banks"". Despite not entirely adhering to the relational model as described by Codd, it became the most widely used database language.

SQL became a standard of the American National Standards Institute in 1986 and of the International Organization for Standardization in 1987. Since then, the standard has been revised to include a larger set of features. Despite the existence of standards, most SQL code requires at least some changes before being ported to different database systems.",Human,wiki
Virtual machine,"In computing, a virtual machine is the virtualization/emulation of a computer system. Virtual machines are based on computer architectures and provide functionality of a physical computer. Their implementations may involve specialized hardware, software, or a combination. Virtual machines differ and are organized by their function, shown here:

- System virtual machines provide a substitute for a real machine. They provide functionality needed to execute entire operating systems. A hypervisor uses native execution to share and manage hardware, allowing for multiple environments which are isolated from one another, yet exist on the same physical machine. Modern hypervisors use hardware-assisted virtualization, virtualization-specific hardware, primarily from the host CPUs.
- Process virtual machines are designed to execute computer programs in a platform-independent environment.
Some virtual machine emulators, such as QEMU and video game console emulators, are designed to also emulate different system architectures thus allowing execution of software applications and operating systems written for another CPU or architecture. Operating-system-level virtualization allows the resources of a computer to be partitioned via the kernel. The terms are not universally interchangeable.",Human,wiki
Cold War,"The Cold War is a term commonly used to refer to a period of geopolitical tension between the United States and the Soviet Union and their respective allies, the Western Bloc and the Eastern Bloc. Historians do not fully agree on its starting and ending points, but the period is generally considered to span from the announcement of the Truman Doctrine on 12 March 1947 to the dissolution of the Soviet Union on 26 December 1991. The term cold war is used because there was no large-scale fighting directly between the two superpowers, but they each supported major regional conflicts known as proxy wars. The conflict was based around the ideological and geopolitical struggle for global influence by these two superpowers, following their temporary alliance and victory against Nazi Germany and Imperial Japan in 1945. Aside from the nuclear arsenal development and conventional military deployment, the struggle for dominance was expressed via indirect means such as psychological warfare, propaganda campaigns, espionage, far-reaching embargoes, rivalry at sports events, and technological competitions such as the Space Race.

The Western Bloc was led by the United States as well as a number of other First World nations that were generally liberal democratic but tied to a network of authoritarian states, most of which were their former colonies. The Eastern Bloc was led by the Soviet Union and its Communist Party, which had an influence across the Second World and was also tied to a network of authoritarian states. The US government supported anti-communist and right-wing governments and uprisings across the world, while the Soviet government funded left-wing parties and revolutions around the world. As nearly all the colonial states achieved independence in the period from 1945 to 1960, they became Third World battlefields in the Cold War.

The first phase of the Cold War began shortly after the end of World War II in 1945. The United States and its allies created the NATO military alliance in 1949 in the apprehension of a Soviet attack and termed their global policy against Soviet influence containment. The Soviet Union formed the Warsaw Pact in 1955 in response to NATO. Major crises of this phase included the 1948–1949 Berlin Blockade, the 1945–1949 Chinese Communist Revolution, the 1950–1953 Korean War, the 1956 Hungarian Revolution, the 1956 Suez Crisis, the 1961 Berlin Crisis, the 1962 Cuban Missile Crisis, and the 1964–1975 Vietnam War. The US and the USSR competed for influence in Latin America, the Middle East, and the decolonizing states of Africa, Asia, and Oceania.

Following the Cuban Missile Crisis, a new phase began that saw the Sino-Soviet split between China and the Soviet Union complicate relations within the Communist sphere leading to a series of border confrontations, while France, a Western Bloc state, began to demand greater autonomy of action. The USSR invaded Czechoslovakia to suppress the 1968 Prague Spring, while the US experienced internal turmoil from the civil rights movement and opposition to the Vietnam War. In the 1960s–1970s, an international peace movement took root among citizens around the world. Movements against nuclear weapons testing and for nuclear disarmament took place, with large anti-war protests. By the 1970s, both sides had started making allowances for peace and security, ushering in a period of détente that saw the Strategic Arms Limitation Talks and the US opening relations with the People's Republic of China as a strategic counterweight to the USSR. A number of self-proclaimed Marxist–Leninist governments were formed in the second half of the 1970s in the Third World, including Angola, Mozambique, Ethiopia, Cambodia, Afghanistan, and Nicaragua.

Détente collapsed at the end of the decade with the beginning of the Soviet–Afghan War in 1979. The early 1980s was another period of elevated tension. The United States increased diplomatic, military, and economic pressures on the Soviet Union, at a time when it was already suffering from economic stagnation. In the mid-1980s, the new Soviet leader Mikhail Gorbachev introduced the liberalizing reforms of glasnost and perestroika and ended Soviet involvement in Afghanistan in 1989. Pressures for national sovereignty grew stronger in Eastern Europe, and Gorbachev refused to militarily support their governments any longer.

In 1989, the fall of the Iron Curtain after the Pan-European Picnic and a peaceful wave of revolutions overthrew almost all communist governments of the Eastern Bloc. The Communist Party of the Soviet Union itself lost control in the country and was banned following an abortive coup attempt in August 1991. This in turn led to the formal dissolution of the USSR in December 1991, the declaration of independence of its constituent republics and the collapse of communist governments across much of Africa and Asia. The United States was left as the world's sole superpower.

The Cold War and its events have left a significant legacy. It is often referred to in popular culture, especially with themes of espionage and the threat of nuclear warfare. For subsequent history, see international relations since 1989.",Human,wiki
Hungarian Revolution of 1956,"The Hungarian Revolution of 1956, also known as the Hungarian Uprising, was a countrywide revolution against the government of the Hungarian People's Republic and the Hungarian domestic policies imposed by the Soviet Union.

The Hungarian Revolution began on 23 October 1956 in Budapest when university students appealed to the civil populace to join them at the Hungarian Parliament Building to protest against the USSR's geopolitical domination of Hungary with the Stalinist government of Mátyás Rákosi. A delegation of students entered the building of Hungarian Radio to broadcast their sixteen demands for political and economic reforms to the civil society of Hungary, but they were instead detained by security guards. When the student protestors outside the radio building demanded the release of their delegation of students, policemen from the ÁVH state protection authority shot and killed several protestors.

Consequently, Hungarians organized into revolutionary militias to fight against the ÁVH; local Hungarian communist leaders and ÁVH policemen were captured and summarily killed or lynched; and anti-communist political prisoners were released and armed. To realize their political, economic, and social demands, the local soviets assumed control of municipal government from the Hungarian Working People's Party. The new government of Imre Nagy disbanded the ÁVH, declared the Hungarian withdrawal from the Warsaw Pact, and pledged to re-establish free elections. By the end of October the intense fighting had subsided.

Although initially willing to negotiate the withdrawal of the Soviet Army from Hungary, the USSR repressed the Hungarian Revolution on 4 November 1956, and fought the Hungarian revolutionaries until 10 November; repression of the Hungarian Uprising killed 2,500 Hungarians and 700 Soviet Army soldiers, and compelled 200,000 Hungarians to seek political refuge abroad.",Human,wiki
Roman Republic,"The Roman Republic was the era of the classical Roman civilization when it was run through public representation of the Roman people. Beginning with the overthrow of the Roman Kingdom and ending in 27 BC with the establishment of the Roman Empire, Rome's control rapidly expanded during this period—from the city's immediate surroundings to hegemony over the entire Mediterranean world.

Roman society under the Republic was primarily a cultural mix of Latin and Etruscan societies, as well as of Sabine, Oscan, and Greek cultural elements, which is especially visible in the Roman Pantheon. Its political organization developed, at around the same time as direct democracy in Ancient Greece, with collective and annual magistracies, overseen by a senate. The top magistrates were the two consuls, who had an extensive range of executive, legislative, judicial, military, and religious powers. Even though a small number of powerful families monopolised the main magistracies, the Roman Republic is generally considered one of the earliest examples of representative democracy. Roman institutions underwent considerable changes throughout the Republic to adapt to the difficulties it faced, such as the creation of promagistracies to rule its conquered provinces, or the composition of the senate.

Unlike the Pax Romana of the Roman Empire, the Republic was in a state of quasi-perpetual war throughout its existence. Its first enemies were its Latin and Etruscan neighbours as well as the Gauls, who even sacked the city in 387 BC. The Republic nonetheless demonstrated extreme resilience and always managed to overcome its losses, however catastrophic. After the Gallic Sack, Rome conquered the whole Italian peninsula in a century, which turned the Republic into a major power in the Mediterranean. The Republic's greatest strategic rival was Carthage, against which it waged three wars. The Punic general Hannibal famously invaded Italy by crossing the Alps and inflicted on Rome three devastating defeats at Trebia, Lake Trasimene and Cannae, but the Republic once again recovered and won the war thanks to Scipio Africanus at the Battle of Zama in 202 BC. With Carthage defeated, Rome became the dominant power of the ancient Mediterranean world. It then embarked on a long series of difficult conquests, after having notably defeated Philip V and Perseus of Macedon, Antiochus III of the Seleucid Empire, the Lusitanian Viriathus, the Numidian Jugurtha, the Pontic king Mithridates VI, the Gaul Vercingetorix, and the Egyptian queen Cleopatra.

At home, the Republic similarly experienced a long streak of social and political crises, which ended in several violent civil wars. At first, the Conflict of the Orders opposed the patricians, the closed oligarchic elite, to the far more numerous plebs, who finally achieved political equality in several steps during the 4th century BC. Later, the vast conquests of the Republic disrupted its society, as the immense influx of slaves they brought enriched the aristocracy, but ruined the peasantry and urban workers. In order to address this issue, several social reformers, known as the Populares, tried to pass agrarian laws, but the Gracchi brothers, Saturninus, and Clodius Pulcher were all murdered by their opponents, the Optimates, keepers of the traditional aristocratic order. Mass slavery also caused three Servile Wars; the last of them was led by Spartacus, a skillful gladiator who ravaged Italy and left Rome powerless until his defeat in 71 BC. In this context, the last decades of the Republic were marked by the rise of great generals, who exploited their military conquests and the factional situation in Rome to gain control of the political system. Marius, then Sulla dominated in turn the Republic; both used extraordinary powers to purge their opponents.

These multiple tensions led to a series of civil wars; the first between the two generals Julius Caesar and Pompey. Despite his victory and appointment as dictator for life, Caesar was assassinated in 44 BC. Caesar's heir Octavian and lieutenant Mark Antony defeated Caesar's assassins Brutus and Cassius in 42 BC, but they eventually split up thereafter. The final defeat of Mark Antony alongside his ally and lover Cleopatra at the Battle of Actium in 31 BC, and the Senate's grant of extraordinary powers to Octavian as Augustus in 27 BC – which effectively made him the first Roman emperor – thus ending the Republic.",Human,wiki
Byzantine Empire,"The Byzantine Empire, also referred to as the Eastern Roman Empire or Byzantium, was the continuation of the Roman Empire mostly in its eastern provinces during Late Antiquity and the Middle Ages, when its capital city was Constantinople. It survived the fragmentation and fall of the Western Roman Empire in the 5th century AD and continued to exist for an additional thousand years until the fall of Constantinople to the Ottoman Empire in 1453. During most of its existence, the empire remained the most powerful economic, cultural, and military force in Europe. The terms ""Byzantine Empire"" and ""Eastern Roman Empire"" were coined after the end of the realm; its citizens continued to refer to their empire simply as the Roman Empire, and to themselves as Romans—a term which Greeks continued to use for themselves into Ottoman times. Although the Roman state continued and its traditions were maintained, modern historians distinguish Byzantium from its earlier incarnation because it was centered on Constantinople, oriented towards Greek rather than Latin culture, and characterised by Eastern Orthodox Christianity.

Several events from the 4th to 6th centuries mark the period of transition during which the Roman Empire's Greek East and Latin West diverged. Constantine I reorganised the empire, made Constantinople the capital and legalised Christianity. Under Theodosius I, Christianity became the state religion, and other religious practices were proscribed. In the reign of Heraclius, the empire's military and administration were restructured, and Greek was gradually adopted for official use in place of Latin. The borders of the empire fluctuated through several cycles of decline and recovery. During the reign of Justinian I, the empire reached its greatest extent after re-conquering much of the historically Roman western Mediterranean coast, including Africa, Italy and Rome, which it held for two more centuries. The Byzantine–Sasanian War of 602–628 exhausted the empire's resources, and during the early Muslim conquests of the 7th century, it lost its richest provinces, Egypt and Syria, to the Rashidun Caliphate. It then lost Africa to the Umayyads in 698, before the empire was rescued by the Isaurian dynasty.

During the Macedonian dynasty, the empire expanded again and experienced the two-century-long Macedonian Renaissance, which came to an end with the defeat by Seljuk Turks at the Battle of Manzikert in 1071. Civil wars and the ensuing Seljuk invasion led to the loss of most of Asia Minor. The empire recovered during the Komnenian restoration, and by the 12th century, Constantinople was the largest and wealthiest city in Europe. The empire was delivered a mortal blow during the Fourth Crusade, when Constantinople was sacked in 1204 and the territories that the empire formerly governed were divided into competing Byzantine Greek and Latin realms. Despite the eventual recovery of Constantinople in 1261, the Byzantine Empire remained only one of several small rival states in the area for the final two centuries of its existence. Its remaining territories were progressively annexed by the Ottomans in the Byzantine–Ottoman wars over the 14th and 15th centuries. The fall of Constantinople to the Ottoman Empire in 1453 marked the end of the Byzantine Empire. Refugees fleeing the city after its capture would settle in Italy and other parts of Europe, helping to ignite the Renaissance. The Empire of Trebizond was conquered eight years later, when its eponymous capital surrendered to Ottoman forces after it was besieged in 1461. The last of the Byzantine successor states, the Principality of Theodoro, was conquered by the Ottomans in 1475.",Human,wiki
Battle of the Teutoburg Forest,"The Battle of the Teutoburg Forest, described as the Varian Disaster by Roman historians, took place at modern Kalkriese in AD 9, when an alliance of Germanic peoples ambushed Roman legions and their auxiliaries, led by Publius Quinctilius Varus. The alliance was led by Arminius, a Germanic officer of Varus's auxilia. Arminius had acquired Roman citizenship and had received a Roman military education, which enabled him to deceive the Roman commander methodically and anticipate the Roman army's tactical responses.

Teutoburg Forest is commonly seen as one of the most important defeats in Roman history, bringing the triumphant period of expansion under Augustus to an abrupt end. The outcome of this battle dissuaded the Romans from their ambition of conquering Germania, and is thus considered one of the most important events in European history. The provinces of Germania Superior and Germania Inferior, sometimes collectively referred to as Roman Germania, were subsequently established in northeast Roman Gaul, while territories beyond the Rhine remained independent of Roman control. Retaliatory campaigns were commanded by Tiberius and Germanicus and would enjoy success, but the Rhine would eventually become the border between the Roman Empire and the rest of Germania. The Roman Empire would launch no other major incursion into Germania until Marcus Aurelius during the Marcomannic Wars.

Some of the descendants of the vassal kingdoms, like the Suebi, that Augustus tried to create in Germania to expand the romanitas and the Empire in a peaceful way would be the ones that invaded the Empire in the fourth and fifth centuries.",Human,wiki
Charlemagne,"Charlemagne or Charles the Great, a member of the Carolingian dynasty, was King of the Franks from 768, King of the Lombards from 774, and the first Emperor of the Romans from 800. Charlemagne succeeded in uniting the majority of western and central Europe and was the first recognized emperor to rule from western Europe after the fall of the Western Roman Empire around three centuries earlier. The expanded Frankish state that Charlemagne founded was the Carolingian Empire. He was canonized by Antipope Paschal III—an act later treated as invalid—and he is now regarded by some as beatified in the Catholic Church.

Charlemagne was the eldest son of Pepin the Short and Bertrada of Laon. He was born before their canonical marriage. He became king of the Franks in 768 following his father's death, and was initially co-ruler with his brother Carloman I until the latter's death in 771. As sole ruler, he continued his father's policy towards protection of the papacy and became its sole defender, removing the Lombards from power in northern Italy and leading an incursion into Muslim Spain. He also campaigned against the Saxons to his east, Christianizing them which led to events such as the Massacre of Verden. He reached the height of his power in 800 when he was crowned Emperor of the Romans by Pope Leo III on Christmas Day at Old St. Peter's Basilica in Rome.

Charlemagne has been called the ""Father of Europe"", as he united most of Western Europe for the first time since the classical era of the Roman Empire, as well as uniting parts of Europe that had never been under Frankish or Roman rule. His reign spurred the Carolingian Renaissance, a period of energetic cultural and intellectual activity within the Western Church. The Eastern Orthodox Church viewed Charlemagne less favourably, due to his support of the filioque and the Pope's preference of him as emperor over the Byzantine Empire's first female monarch, Irene of Athens. These and other disputes led to the eventual split of Rome and Constantinople in the Great Schism of 1054.

Charlemagne died in 814 after contracting an infectious lung disease. He was laid to rest in the Aachen Cathedral, in his imperial capital city of Aachen. He married at least four times, and had three legitimate sons who lived to adulthood. Only the youngest of them, Louis the Pious, survived to succeed him. Charlemagne and his predecessors are the direct ancestors of many of Europe's royal houses, including the Capetian dynasty, the Ottonian dynasty, the House of Luxembourg, the House of Ivrea and the House of Habsburg.",Human,wiki
Christopher Columbus,"Christopher Columbus was an Italian explorer and navigator who completed four voyages across the Atlantic Ocean sponsored by the Catholic Monarchs of Spain, opening the way for the widespread European exploration and colonization of the Americas. His expeditions were the first known European contact with the Caribbean, Central America, and South America.

The name Christopher Columbus is the anglicisation of the Latin Christophorus Columbus. Scholars generally agree that Columbus was born in the Republic of Genoa and spoke a dialect of Ligurian as his first language. He went to sea at a young age and travelled widely, as far north as the British Isles and as far south as what is now Ghana. He married Portuguese noblewoman Filipa Moniz Perestrelo, who bore his son Diego, and was based in Lisbon for several years. He later took a Castilian mistress, Beatriz Enríquez de Arana, who bore his son, Fernando.

Largely self-educated, Columbus was widely read in geography, astronomy, and history. He developed a plan to seek a western sea passage to the East Indies, hoping to profit from the lucrative spice trade. After the Granada War, and following Columbus's persistent lobbying in multiple kingdoms, the Catholic Monarchs Queen Isabella I and King Ferdinand II agreed to sponsor a journey west. Columbus left Castile in August 1492 with three ships and made landfall in the Americas on 12 October, ending the period of human habitation in the Americas now referred to as the pre-Columbian era. His landing place was an island in the Bahamas, known by its native inhabitants as Guanahani. He subsequently visited the islands now known as Cuba and Hispaniola, establishing a colony in what is now Haiti. Columbus returned to Castile in early 1493, bringing a number of captured natives with him. Word of his voyage soon spread throughout Europe.

Columbus made three further voyages to the Americas, exploring the Lesser Antilles in 1493, Trinidad and the northern coast of South America in 1498, and the eastern coast of Central America in 1502. Many of the names he gave to geographical features, particularly islands, are still in use. He also gave the name indios to the indigenous peoples he encountered. The extent to which he was aware that the Americas were a wholly separate landmass is uncertain; he never clearly renounced his belief that he had reached the Far East. As a colonial governor, Columbus was accused by his contemporaries of significant brutality and was soon removed from the post. Columbus's strained relationship with the Crown of Castile and its appointed colonial administrators in America led to his arrest and removal from Hispaniola in 1500, and later to protracted litigation over the perquisites that he and his heirs claimed were owed to them by the crown.

Columbus's expeditions inaugurated a period of exploration, conquest, and colonization that lasted for centuries, thus bringing the Americas into the European sphere of influence. The transfer of commodities, ideas, and people between the Old World and New World that followed his first voyage are known as the Columbian exchange. Columbus was widely celebrated in the centuries after his death, but public perception has fractured in the 21st century as scholars have given greater attention to the harms committed under his governance, particularly the beginning of the depopulation of Hispaniola's indigenous Taínos caused by mistreatment and Old World diseases, as well as by that people's enslavement. Many places in the Western Hemisphere bear his name, including the country of Colombia, the District of Columbia, and British Columbia.",Human,wiki
Attila,"Attila, frequently called Attila the Hun, was the ruler of the Huns from 434 until his death in March 453. He was also the leader of a tribal empire consisting of Huns, Ostrogoths, Alans, and Bulgars, among others, in Central and Eastern Europe. He is considered one of the most powerful rulers in world history.

During his reign, he was one of the most feared enemies of the Western and Eastern Roman Empires. He crossed the Danube twice and plundered the Balkans, but was unable to take Constantinople. His unsuccessful campaign in Persia was followed in 441 by an invasion of the Eastern Roman Empire, the success of which emboldened Attila to invade the West. He also attempted to conquer Roman Gaul, crossing the Rhine in 451 and marching as far as Aurelianum, before being stopped in the Battle of the Catalaunian Plains.

He subsequently invaded Italy, devastating the northern provinces, but was unable to take Rome. He planned for further campaigns against the Romans, but died in 453. After Attila's death, his close adviser, Ardaric of the Gepids, led a Germanic revolt against Hunnic rule, after which the Hunnic Empire quickly collapsed. Attila lived on as a character in Germanic heroic legend.",Human,wiki
Mesopotamia,"Mesopotamia is a historical region of Western Asia situated within the Tigris–Euphrates river system, in the northern part of the Fertile Crescent. Today, Mesopotamia occupies modern Iraq. In the broader sense, the historical region included present-day Iraq and Kuwait and parts of present-day Iran, Syria and Turkey.

The Sumerians and Akkadians originating from different areas in present-day Iraq, dominated Mesopotamia from the beginning of written history to the fall of Babylon in 539 BC, when it was conquered by the Achaemenid Empire. It fell to Alexander the Great in 332 BC, and after his death, it became part of the Greek Seleucid Empire. Later the Arameans dominated major parts of Mesopotamia.

Mesopotamia is the site of the earliest developments of the Neolithic Revolution from around 10,000 BC. It has been identified as having ""inspired some of the most important developments in human history, including the invention of the wheel, the planting of the first cereal crops, and the development of cursive script, mathematics, astronomy, and agriculture"". It is recognised as the cradle of some of the world's earliest civilizations.

Around 150 BC, Mesopotamia was under the control of the Parthian Empire. It became a battleground between the Romans and Parthians, with western parts of the region coming under ephemeral Roman control. In 226 AD, the eastern regions of Mesopotamia fell to the Sassanid Persians. The division of the region between Roman and Sassanid Empires lasted until the 7th century Muslim conquest of Persia of the Sasanian Empire and Muslim conquest of the Levant from Byzantines. A number of primarily neo-Assyrian and Christian native Mesopotamian states existed between the 1st century BC and 3rd century AD, including Adiabene, Osroene, and Hatra.",Human,wiki
History of the Americas,"The prehistory of the Americas begins with people migrating to these areas from Asia during the height of an ice age. These groups are generally believed to have been isolated from the people of the ""Old World"" until the coming of Europeans in the 10th century from Iceland led by Leif Erikson and in 1492 with the voyages of Christopher Columbus.

The ancestors of today's American Indigenous peoples were the Paleo-Indians; they were hunter-gatherers who migrated into North America. The most popular theory asserts that migrants came to the Americas via Beringia, the land mass now covered by the ocean waters of the Bering Strait. Small lithic stage peoples followed megafauna like bison, mammoth, and caribou, thus gaining the modern nickname ""big-game hunters."" Groups of people may also have traveled into North America on shelf or sheet ice along the northern Pacific coast.

Sedentary societies developed primarily in two regions: Mezoamerica and Andean South America. Mezoamerican cultures include Zapotec, Toltec, Olmec, Maya, Aztec, Mixtec, Totonac, Teotihuacan, Huastec people, Purépecha, Izapa and Mazatec. Andean cultures include Inca, Caral-Supe, Wari, Tiwanaku, Chimor, Moche, Muisca, Chavin, Paracas and Nazca.

After the voyages of Christopher Columbus in 1492, Spanish and later Portuguese, English, French and Dutch colonial expeditions arrived in the New World, conquering and settling the discovered lands, which led to a transformation of the cultural and physical landscape in the Americas. Spain colonized most of the Americas from present-day Southwestern United States, Florida and the Caribbean to the southern tip of South America. Portugal settled in what is mostly present-day Brazil while England established colonies on the Eastern coast of the United States, as well as the North Pacific coast and in most of Canada. France settled in Quebec and other parts of Eastern Canada and claimed an area in what is today the central United States. The Netherlands settled New Netherland, some Caribbean islands and parts of Northern South America.

European colonization of the Americas led to the rise of new cultures, civilizations and eventually states, which resulted from the fusion of Native American, European, and African traditions, peoples and institutions. The transformation of American cultures through colonization is evident in architecture, religion, gastronomy, the arts and particularly languages, the most widespread being Spanish, English and Portuguese. The colonial period lasted approximately three centuries, from the early 16th to the early 19th centuries, when Brazil and the larger Hispanic American nations declared independence. The United States obtained independence from Great Britain much earlier, in 1776, while Canada formed a federal dominion in 1867 and received legal independence in 1931. Others remained attached to their European parent state until the end of the 19th century, such as Cuba and Puerto Rico which were linked to Spain until 1898. Smaller territories such as Guyana obtained independence in the mid-20th century, while certain Caribbean islands and French Guiana remain part of a European power to this day.",Human,wiki
Chromosome,"A chromosome is a long DNA molecule with part or all of the genetic material of an organism. In most chromosomes the very long thin DNA fibers are coated with packaging proteins; in eukaryotic cells the most important of these proteins are the histones. These proteins, aided by chaperone proteins, bind to and condense the DNA molecule to maintain its integrity. These chromosomes display a complex three-dimensional structure, which plays a significant role in transcriptional regulation.

Chromosomes are normally visible under a light microscope only during the metaphase of cell division. Before this happens, each chromosome is duplicated, and both copies are joined by a centromere, resulting either in an X-shaped structure, if the centromere is located equatorially, or a two-arm structure, if the centromere is located distally. The joined copies are now called sister chromatids. During metaphase the X-shaped structure is called a metaphase chromosome, which is highly condensed and thus easiest to distinguish and study. In animal cells, chromosomes reach their highest compaction level in anaphase during chromosome segregation.

Chromosomal recombination during meiosis and subsequent sexual reproduction play a significant role in genetic diversity. If these structures are manipulated incorrectly, through processes known as chromosomal instability and translocation, the cell may undergo mitotic catastrophe. Usually, this will make the cell initiate apoptosis leading to its own death, but sometimes mutations in the cell hamper this process and thus cause progression of cancer.

Some use the term chromosome in a wider sense, to refer to the individualized portions of chromatin in cells, either visible or not under light microscopy. Others use the concept in a narrower sense, to refer to the individualized portions of chromatin during cell division, visible under light microscopy due to high condensation.",Human,wiki
Photosynthesis,"Photosynthesis is a process used by plants and other organisms to convert light energy into chemical energy that, through cellular respiration, can later be released to fuel the organism's activities. Some of this chemical energy is stored in carbohydrate molecules, such as sugars and starches, which are synthesized from carbon dioxide and water – hence the name photosynthesis, from the Greek phōs, ""light"", and synthesis, ""putting together"". Most plants, algae, and cyanobacteria perform photosynthesis; such organisms are called photoautotrophs. Photosynthesis is largely responsible for producing and maintaining the oxygen content of the Earth's atmosphere, and supplies most of the energy necessary for life on Earth.

Although photosynthesis is performed differently by different species, the process always begins when energy from light is absorbed by proteins called reaction centers that contain green chlorophyll pigments/chromophores. In plants, these proteins are held inside organelles called chloroplasts, which are most abundant in leaf cells, while in bacteria they are embedded in the plasma membrane. In these light-dependent reactions, some energy is used to strip electrons from suitable substances, such as water, producing oxygen gas. The hydrogen freed by the splitting of water is used in the creation of two further compounds that serve as short-term stores of energy, enabling its transfer to drive other reactions: these compounds are reduced nicotinamide adenine dinucleotide phosphate and adenosine triphosphate, the ""energy currency"" of cells.

In plants, algae and cyanobacteria, sugars are synthesized by a subsequent sequence of light-independent reactions called the Calvin cycle. In the Calvin cycle, atmospheric carbon dioxide is incorporated into already existing organic carbon compounds, such as ribulose bisphosphate. Using the ATP and NADPH produced by the light-dependent reactions, the resulting compounds are then reduced and removed to form further carbohydrates, such as glucose. In other bacteria, different mechanisms such as the reverse Krebs cycle are used to achieve the same end.

The first photosynthetic organisms probably evolved early in the evolutionary history of life and most likely used reducing agents such as hydrogen or hydrogen sulfide, rather than water, as sources of electrons. Cyanobacteria appeared later; the excess oxygen they produced contributed directly to the oxygenation of the Earth, which rendered the evolution of complex life possible. Today, the average rate of energy capture by photosynthesis globally is approximately 130 terawatts, which is about eight times the current power consumption of human civilization. Photosynthetic organisms also convert around 100–115 billion tons, of carbon into biomass per year. That plants receive some energy from light – in addition to air, soil, and water – was first discovered in 1779 by Jan Ingenhousz.

Photosynthesis is vital for climate processes, as it captures carbon dioxide from the air and then binds carbon in plants and further in soils and harvested products. Cereals alone are estimated to bind 3,825 Tg or 3.825 Pg of carbon dioxide every year, i.e. 3.825 billion metric tons.",Human,wiki
Genome,"In the fields of molecular biology and genetics, a genome is all the genetic information of an organism. It consists of nucleotide sequences of DNA. The nuclear genome includes protein-coding genes and non-coding genes, other functional regions of the genome such as regulatory sequences, and often a substantial fraction of 'junk' DNA with no evident function. Almost all eukaryotes have mitochondria and a small mitochondrial genome. Algae and plants also contain chloroplasts with a chloroplast genome.

The study of the genome is called genomics. The genomes of many organisms have been sequenced and various regions have been annotated. The International Human Genome Project reported the sequence of the genome for Homo sapiens in 2004 , although the initial ""finished"" sequence was missing 8% of the genome consisting mostly of repetitive sequences.

With advancements in technology that could handle sequencing of the many repetitive sequences found in human DNA that were not fully uncovered by the original Human Genome Project study, scientists reported the first end-to-end human genome sequence in March, 2022.",Human,wiki
Gene,"In biology, the word gene can have several different meanings. The Mendelian gene is a basic unit of heredity and the molecular gene is a sequence of nucleotides in DNA that is transcribed to produce a functional RNA. There are two types of molecular genes: protein-coding genes and noncoding genes.

During gene expression, the DNA is first copied into RNA. The RNA can be directly functional or be the intermediate template for a protein that performs a function. The transmission of genes to an organism's offspring is the basis of the inheritance of phenotypic traits. These genes make up different DNA sequences called genotypes. Genotypes along with environmental and developmental factors determine what the phenotypes will be. Most biological traits are under the influence of polygenes as well as gene–environment interactions. Some genetic traits are instantly visible, such as eye color or the number of limbs, and some are not, such as blood type, the risk for specific diseases, or the thousands of basic biochemical processes that constitute life.

Genes can acquire mutations in their sequence, leading to different variants, known as alleles, in the population. These alleles encode slightly different versions of a gene, which may cause different phenotypical traits. Usage of the term ""having a gene"" typically refers to containing a different allele of the same, shared gene. Genes evolve due to natural selection / survival of the fittest and genetic drift of the alleles.

The concept of gene continues to be refined as new phenomena are discovered. For example, regulatory regions of a gene can be far removed from its coding regions, and coding regions can be split into several exons. Some viruses store their genome in RNA instead of DNA and some gene products are functional non-coding RNAs. Therefore, a broad, modern working definition of a gene is any discrete locus of heritable, genomic sequence which affect an organism's traits by being expressed as a functional product or by regulation of gene expression.

The term gene was introduced by Danish botanist, plant physiologist and geneticist Wilhelm Johannsen in 1909. It is inspired by the Ancient Greek: γόνος, gonos, that means offspring and procreation.",Human,wiki
Tree,"In botany, a tree is a perennial plant with an elongated stem, or trunk, usually supporting branches and leaves. In some usages, the definition of a tree may be narrower, including only woody plants with secondary growth, plants that are usable as lumber or plants above a specified height. In wider definitions, the taller palms, tree ferns, bananas, and bamboos are also trees. Trees are not a taxonomic group but include a variety of plant species that have independently evolved a trunk and branches as a way to tower above other plants to compete for sunlight. The majority of tree species are angiosperms or hardwoods; of the rest, many are gymnosperms or softwoods. Trees tend to be long-lived, some reaching several thousand years old. Trees have been in existence for 370 million years. It is estimated that there are some three trillion mature trees in the world.

A tree typically has many secondary branches supported clear of the ground by the trunk. This trunk typically contains woody tissue for strength, and vascular tissue to carry materials from one part of the tree to another. For most trees it is surrounded by a layer of bark which serves as a protective barrier. Below the ground, the roots branch and spread out widely; they serve to anchor the tree and extract moisture and nutrients from the soil. Above ground, the branches divide into smaller branches and shoots. The shoots typically bear leaves, which capture light energy and convert it into sugars by photosynthesis, providing the food for the tree's growth and development.

Trees usually reproduce using seeds. Flowers and fruit may be present, but some trees, such as conifers, instead have pollen cones and seed cones. Palms, bananas, and bamboos also produce seeds, but tree ferns produce spores instead.

Trees play a significant role in reducing erosion and moderating the climate. They remove carbon dioxide from the atmosphere and store large quantities of carbon in their tissues. Trees and forests provide a habitat for many species of animals and plants. Tropical rainforests are among the most biodiverse habitats in the world. Trees provide shade and shelter, timber for construction, fuel for cooking and heating, and fruit for food as well as having many other uses. In parts of the world, forests are shrinking as trees are cleared to increase the amount of land available for agriculture. Because of their longevity and usefulness, trees have always been revered, with sacred groves in various cultures, and they play a role in many of the world's mythologies.",Human,wiki
Dog,"The dog is a domesticated descendant of the wolf. Also called the domestic dog, it is derived from an ancient, extinct wolf, and the modern wolf is the dog's nearest living relative. The dog was the first species to be domesticated, by hunter-gatherers over 15,000 years ago, before the development of agriculture. Due to their long association with humans, dogs have expanded to a large number of domestic individuals and gained the ability to thrive on a starch-rich diet that would be inadequate for other canids.

The dog has been selectively bred over millennia for various behaviors, sensory capabilities, and physical attributes. Dog breeds vary widely in shape, size, and color. They perform many roles for humans, such as hunting, herding, pulling loads, protection, assisting police and the military, companionship, therapy, and aiding disabled people. Over the millennia, dogs became uniquely adapted to human behavior, and the human-canine bond has been a topic of frequent study. This influence on human society has given them the sobriquet of ""man's best friend"".",Human,wiki
DNA replication,"In molecular biology, DNA replication is the biological process of producing two identical replicas of DNA from one original DNA molecule. DNA replication occurs in all living organisms acting as the most essential part for biological inheritance. This is essential for cell division during growth and repair of damaged tissues, while it also ensures that each of the new cells receives its own copy of the DNA. The cell possesses the distinctive property of division, which makes replication of DNA essential.

DNA is made up of a double helix of two complementary strands. The double helix describes the appearance of a double-stranded DNA which is thus composed of two linear strands that run opposite to each other and twist together to form. During replication, these strands are separated. Each strand of the original DNA molecule then serves as a template for the production of its counterpart, a process referred to as semiconservative replication. As a result of semi-conservative replication, the new helix will be composed of an original DNA strand as well as a newly synthesized strand. Cellular proofreading and error-checking mechanisms ensure near perfect fidelity for DNA replication.

In a cell, DNA replication begins at specific locations, or origins of replication, in the genome which contains the genetic material of an organism. Unwinding of DNA at the origin and synthesis of new strands, accommodated by an enzyme known as helicase, results in replication forks growing bi-directionally from the origin. A number of proteins are associated with the replication fork to help in the initiation and continuation of DNA synthesis. Most prominently, DNA polymerase synthesizes the new strands by adding nucleotides that complement each strand. DNA replication occurs during the S-stage of interphase.

DNA replication can also be performed in vitro. DNA polymerases isolated from cells and artificial DNA primers can be used to start DNA synthesis at known sequences in a template DNA molecule. Polymerase chain reaction, ligase chain reaction, and transcription-mediated amplification are examples. In March 2021, researchers reported evidence suggesting that a preliminary form of transfer RNA, a necessary component of translation, the biological synthesis of new proteins in accordance with the genetic code, could have been a replicator molecule itself in the very early development of life, or abiogenesis.",Human,wiki
Microorganism,"A microorganism, or microbe, is an organism of microscopic size, which may exist in its single-celled form or as a colony of cells.

The possible existence of unseen microbial life was suspected from ancient times, such as in Jain scriptures from sixth century BC India. The scientific study of microorganisms began with their observation under the microscope in the 1670s by Anton van Leeuwenhoek. In the 1850s, Louis Pasteur found that microorganisms caused food spoilage, debunking the theory of spontaneous generation. In the 1880s, Robert Koch discovered that microorganisms caused the diseases tuberculosis, cholera, diphtheria, and anthrax.

Because microorganisms include most unicellular organisms from all three domains of life they can be extremely diverse. Two of the three domains, Archaea and Bacteria, only contain microorganisms. The third domain Eukaryota includes all multicellular organisms as well as many unicellular protists and protozoans that are microbes. Some protists are related to animals and some to green plants. There are also many multicellular organisms that are microscopic, namely micro-animals, some fungi, and some algae, but these are generally not considered microorganisms.

Microorganisms can have very different habitats, and live everywhere from the poles to the equator, deserts, geysers, rocks, and the deep sea. Some are adapted to extremes such as very hot or very cold conditions, others to high pressure, and a few, such as Deinococcus radiodurans, to high radiation environments. Microorganisms also make up the microbiota found in and on all multicellular organisms. There is evidence that 3.45-billion-year-old Australian rocks once contained microorganisms, the earliest direct evidence of life on Earth.

Microbes are important in human culture and health in many ways, serving to ferment foods and treat sewage, and to produce fuel, enzymes, and other bioactive compounds. Microbes are essential tools in biology as model organisms and have been put to use in biological warfare and bioterrorism. Microbes are a vital component of fertile soil. In the human body, microorganisms make up the human microbiota, including the essential gut flora. The pathogens responsible for many infectious diseases are microbes and, as such, are the target of hygiene measures.",Human,wiki
Paul the Apostle,"Paul, commonly known as Paul the Apostle and Saint Paul, was a Christian apostle who spread the teachings of Jesus in the first-century world. Generally regarded as one of the most important figures of the Apostolic Age, he founded several Christian communities in Asia Minor and Europe from the mid-40s to the mid-50s AD.

According to the New Testament book Acts of the Apostles, Paul was a Pharisee. He participated in the persecution of early disciples of Jesus, possibly Hellenised diaspora Jews converted to Christianity, in the area of Jerusalem, prior to his conversion. Some time after having approved of the execution of Stephen, Paul was traveling on the road to Damascus so that he might find any Christians there and bring them ""bound to Jerusalem"". At midday, a light brighter than the sun shone around both him and those with him, causing all to fall to the ground, with the risen Christ verbally addressing Paul regarding his persecution. Having been made blind, along with being commanded to enter the city, his sight was restored three days later by Ananias of Damascus. After these events, Paul was baptized, beginning immediately to proclaim that Jesus of Nazareth was the Jewish messiah and the Son of God. Approximately half of the content in the book of Acts details the life and works of Paul.

Fourteen of the 27 books in the New Testament have traditionally been attributed to Paul. Seven of the Pauline epistles are undisputed by scholars as being authentic, with varying degrees of argument about the remainder. Pauline authorship of the Epistle to the Hebrews is not asserted in the Epistle itself and was already doubted in the 2nd and 3rd centuries. It was almost unquestioningly accepted from the 5th to the 16th centuries that Paul was the author of Hebrews, but that view is now almost universally rejected by scholars. The other six are believed by some scholars to have come from followers writing in his name, using material from Paul's surviving letters and letters written by him that no longer survive. Other scholars argue that the idea of a pseudonymous author for the disputed epistles raises many problems.

Today, Paul's epistles continue to be vital roots of the theology, worship and pastoral life in the Latin and Protestant traditions of the West, as well as the Eastern Catholic and Orthodox traditions of the East. Paul's influence on Christian thought and practice has been characterized as being as ""profound as it is pervasive"", among that of many other apostles and missionaries involved in the spread of the Christian faith.",Human,wiki
Mosque,"A mosque, also called masjid, is a place of prayer for Muslims. Mosques are usually covered buildings, but can be any place where prayers are performed, including outdoor courtyards.

The first mosques were simple places of prayer for Muslims, and may have been open spaces rather than buildings. In the first stage of Islamic architecture, 650-750 CE, early mosques comprised open and closed covered spaces enclosed by walls, often with minarets from which calls to prayer were issued. Mosque buildings typically contain an ornamental niche set into the wall that indicates the direction of Mecca, ablution facilities. The pulpit, from which the Friday sermon is delivered, was in earlier times characteristic of the central city mosque, but has since become common in smaller mosques. Mosques typically have segregated spaces for men and women. This basic pattern of organization has assumed different forms depending on the region, period and denomination.

Mosques commonly serve as locations for prayer, Ramadan vigils, funeral services, marriage and business agreements, alms collection and distribution, as well as homeless shelters. Historically, mosques have served as a community center, a court of law, and a religious school. In modern times, they have also preserved their role as places of religious instruction and debate. Special importance is accorded to the Great Mosque of Mecca, the Prophet's Mosque in Medina and Al-Aqsa Mosque in Jerusalem.

With the spread of Islam, mosques multiplied across the Islamic world. Sometimes churches and temples were converted into mosques, which influenced Islamic architectural styles. While most pre-modern mosques were funded by charitable endowments, increasing government regulation of large mosques has been countered by a rise of privately funded mosques, many of which serve as bases for different Islamic revivalist currents and social activism. Mosques have played a number of political roles. The rates of mosque attendance vary widely depending on the region.",Human,wiki
Buddhism,"Buddhism, also known as Buddha Dharma or Dharmavinaya, is an Indian religion or philosophical tradition based on a series of original teachings attributed to Gautama Buddha. Originating in ancient India as a movement professing śramaṇa between the 6th and 4th centuries BCE, it gradually spread throughout much of Asia via the Silk Road. Presently, it is the world's fourth-largest religion, with over 520 million followers who comprise seven percent of the global population. Buddhism encompasses a variety of traditions, beliefs, and spiritual practices that are largely based on the Buddha's teachings and their resulting interpreted philosophies.

As expressed in the ""Four Noble Truths"" of the Buddha, the goal of Buddhism is to overcome the suffering caused by desire and ignorance of reality's true nature, including impermanence and non-self. Most Buddhist traditions emphasize transcending the individual self through the attainment of nirvāṇa or by following the path of Buddhahood, ending the cycle of death and rebirth. Buddhist schools vary in their interpretation of the paths to liberation as well as the relative importance and canonicity assigned to various Buddhist texts, and their specific teachings and practices. Widely observed practices include: meditation; observance of moral precepts; monasticism; ""taking refuge"" in the Buddha, the dharma, and the saṅgha; and the cultivation of perfections.

Two major extant branches of Buddhism are generally recognized by scholars: Theravāda and Mahāyāna. The Theravāda branch has a widespread following in Sri Lanka as well as in Southeast Asia. The Mahāyāna branch—which includes the traditions of Zen, Pure Land, Nichiren, Tiantai, Tendai, and Shingon—is predominantly practiced in Nepal, Bhutan, China, Malaysia, Vietnam, Taiwan, Korea, and Japan. Additionally, Vajrayāna, a body of teachings attributed to Indian adepts, may be viewed as a separate branch or an aspect of the Mahāyāna tradition. Tibetan Buddhism, which preserves the Vajrayāna teachings of eighth-century India, is practiced in the Himalayan states as well as in Mongolia and Russian Kalmykia. Historically, until the early 2nd millennium, Buddhism was widely practiced in the Indian subcontinent; it also had a foothold to some extent in other places such as Afghanistan, Uzbekistan, and the Philippines.",Human,wiki
Bible,"The Bible is a collection of religious texts or scriptures sacred in Christianity, Judaism, Samaritanism, and many other religions. The Bible is an anthology – a compilation of texts of a variety of forms – originally written in Hebrew, Aramaic, and Koine Greek. These texts include instructions, stories, poetry, and prophecies, among other genres. The collection of materials that are accepted as part of the Bible by a particular religious tradition or community is called a biblical canon. Believers in the Bible generally consider it to be a product of divine inspiration, while understanding what that means and interpreting the text in various ways.

The religious texts were compiled by different religious communities into various official collections. The earliest contained the first five books of the Bible. It is called the Torah in Hebrew and the Pentateuch in Greek; the second oldest part was a collection of narrative histories and prophecies; the third collection contains psalms, proverbs, and narrative histories. Tanakh is an alternate term for the Hebrew Bible composed of the first letters of those three parts of the Hebrew scriptures: the Torah, the Nevi'im, and the Ketuvim. The Masoretic Text is the medieval version of the Tanakh, in Hebrew and Aramaic, that is considered the authoritative text of the Hebrew Bible by modern Rabbinic Judaism. The Septuagint is a Koine Greek translation of the Tanakh from the third and second centuries BCE; it largely overlaps with the Hebrew Bible.

Christianity began as an outgrowth of Judaism, using the Septuagint as the basis of the Old Testament. The early Church continued the Jewish tradition of writing and incorporating what it saw as inspired, authoritative religious books. The gospels, Pauline epistles and other texts quickly coalesced into the New Testament.

With estimated total sales of over five billion copies, the Bible is the best-selling publication of all time. It has had a profound influence both on Western culture and history and on cultures around the globe. The study of it through biblical criticism has indirectly impacted culture and history as well. The Bible is currently translated or being translated into about half of the world's languages.",Human,wiki
Notre-Dame de Paris,"Notre-Dame de Paris, referred to simply as Notre-Dame, is a medieval Catholic cathedral on the Île de la Cité, in the 4th arrondissement of Paris. The cathedral, dedicated to the Virgin Mary, is considered one of the finest examples of French Gothic architecture. Several of its attributes set it apart from the earlier Romanesque style, particularly its pioneering use of the rib vault and flying buttress, its enormous and colourful rose windows, and the naturalism and abundance of its sculptural decoration. Notre Dame also stands out for its musical components, notably its three pipe organs and its immense church bells.

Construction of the cathedral began in 1163 under Bishop Maurice de Sully and was largely completed by 1260, though it was modified frequently in the centuries that followed. In the 1790s, during the French Revolution, Notre-Dame suffered extensive desecration; much of its religious imagery was damaged or destroyed. In the 19th century, the coronation of Napoleon I and the funerals of many of the French Republic's presidents took place at the cathedral.

The 1831 publication of Victor Hugo's novel Notre-Dame de Paris inspired popular interest in the cathedral, which led to a major restoration project between 1844 and 1864, supervised by Eugène Viollet-le-Duc. On August 26, 1944, the Liberation of Paris from German occupation was celebrated in Notre-Dame with the singing of the Magnificat. Beginning in 1963, the cathedral's façade was cleaned of centuries of soot and grime. Another cleaning and restoration project was carried out between 1991 and 2000.

The cathedral is one of the most widely recognized symbols of the city of Paris and the French nation. In 1805, it was awarded the honorary status of a minor basilica. As the cathedral of the archdiocese of Paris, Notre-Dame contains the cathedra of the archbishop of Paris.

In the early 21st century, approximately 12 million people visited Notre-Dame annually, making it the most visited monument in Paris. The cathedral has long been renowned for its Lent sermons, a tradition founded in the 1830s by the Dominican Jean-Baptiste Henri Lacordaire. In recent years, these sermons have increasingly often been given by leading public figures or government-employed academics.

Over time, the cathedral has gradually been stripped of many of its original decorations and artworks. However, the cathedral still contains several noteworthy examples of Gothic, Baroque, and 19th-century sculptures, a number of 17th- and early 18th-century altarpieces, and some of the most important relics in Christendom – including the Crown of Thorns, a sliver of the true cross and a nail from the true cross.

On 15 April 2019, while Notre-Dame was undergoing renovation and restoration, its roof caught fire and burned for about 15 hours. The cathedral sustained serious damage as a result. The flèche was destroyed, as was most of the lead-covered wooden roof above the stone vaulted ceiling. This resulted in contamination of the site and the nearby environment with lead. After the fire, many of the proposals for restoration suggested modernizing the cathedral's design, but the French National Assembly rejected this approach, enacting a law on 29 July 2019 that required the restoration to preserve the cathedral's ""historic, artistic and architectural interest"". The task of stabilizing the building against possible collapse was completed in November 2020, and reconstruction began in 2021. The government of France has said it hopes the reconstruction can be completed by Spring 2024, in time for the opening of the 2024 Summer Olympics in Paris. President Emmanuel Macron confirmed on 14 April 2021 that the cathedral site will be formally returned to the church on 15 April 2024, and that the first mass since the fire will be held in the cathedral nave on that day, even if the reconstruction has not been finished by then.",Human,wiki
Confucianism,"Confucianism, also known as Ruism or Ru classicism, is a system of thought and behavior originating in ancient China. Variously described as tradition, a philosophy, a religion, a humanistic or rationalistic religion, a way of governing, or simply a way of life, Confucianism developed from what was later called the Hundred Schools of Thought from the teachings of the Chinese philosopher Confucius.

Confucius considered himself a transmitter of cultural values inherited from the Xia, Shang and Western Zhou dynasties. Confucianism was suppressed during the Legalist and autocratic Qin dynasty, but survived. During the Han dynasty, Confucian approaches edged out the ""proto-Taoist"" Huang–Lao as the official ideology, while the emperors mixed both with the realist techniques of Legalism.

A Confucian revival began during the Tang dynasty. In the late Tang, Confucianism developed in response to Buddhism and Taoism and was reformulated as Neo-Confucianism. This reinvigorated form was adopted as the basis of the imperial exams and the core philosophy of the scholar official class in the Song dynasty. The abolition of the examination system in 1905 marked the end of official Confucianism. The intellectuals of the New Culture Movement of the early twentieth century blamed Confucianism for China's weaknesses. They searched for new doctrines to replace Confucian teachings; some of these new ideologies include the ""Three Principles of the People"" with the establishment of the Republic of China, and then Maoism under the People's Republic of China. In the late twentieth century, the Confucian work ethic has been credited with the rise of the East Asian economy.

With particular emphasis on the importance of the family and social harmony, rather than on an otherworldly source of spiritual values, the core of Confucianism is humanistic. According to Herbert Fingarette's conceptualisation of Confucianism as a philosophical system which regards ""the secular as sacred"", Confucianism transcends the dichotomy between religion and humanism, considering the ordinary activities of human life—and especially human relationships—as a manifestation of the sacred, because they are the expression of humanity's moral nature, which has a transcendent anchorage in Heaven. While Tiān has some characteristics that overlap the category of godhead, it is primarily an impersonal absolute principle, like the Dào or the Brahman. Confucianism focuses on the practical order that is given by a this-worldly awareness of the Tiān. Confucian liturgy led by Confucian priests or ""sages of rites"" to worship the gods in public and ancestral Chinese temples is preferred on certain occasions, by Confucian religious groups and for civil religious rites, over Taoist or popular ritual.

The worldly concern of Confucianism rests upon the belief that human beings are fundamentally good, and teachable, improvable, and perfectible through personal and communal endeavor, especially self-cultivation and self-creation. Confucian thought focuses on the cultivation of virtue in a morally organised world. Some of the basic Confucian ethical concepts and practices include rén, yì, and lǐ, and zhì. Rén is the essence of the human being which manifests as compassion. It is the virtue-form of Heaven. Yì is the upholding of righteousness and the moral disposition to do good. Lǐ is a system of ritual norms and propriety that determines how a person should properly act in everyday life in harmony with the law of Heaven. Zhì is the ability to see what is right and fair, or the converse, in the behaviors exhibited by others. Confucianism holds one in contempt, either passively or actively, for failure to uphold the cardinal moral values of rén and yì.

Traditionally, cultures and countries in the East Asian cultural sphere are strongly influenced by Confucianism, including China, Taiwan, Korea, Japan, and Vietnam, as well as various territories settled predominantly by Han Chinese people, such as Singapore. Today, it has been credited for shaping East Asian societies and overseas Chinese communities, and to some extent, other parts of Asia. In the last decades there have been talks of a ""Confucian Revival"" in the academic and the scholarly community, and there has been a grassroots proliferation of various types of Confucian churches. In late 2015, many Confucian personalities formally established a national Confucian Church in China to unify the many Confucian congregations and civil society organisations.",Human,wiki
Eastern Orthodox Church,"The Eastern Orthodox Church, also called the Orthodox Church, is the second-largest Christian church, with approximately 220 million baptized members. It operates as a communion of autocephalous churches, each governed by its bishops via local synods. The church has no central doctrinal or governmental authority analogous to the head of the Roman Catholic Church—the Pope—but the Ecumenical Patriarch of Constantinople is recognized by them as primus inter pares which is can be explained as representative of the church. As one of the oldest surviving religious institutions in the world, the Eastern Orthodox Church has played a prominent role in the history and culture of Eastern and Southeastern Europe. The Eastern Orthodox Church officially calls itself the Orthodox Catholic Church.

Eastern Orthodox theology is based on holy tradition, which incorporates the dogmatic decrees of the seven ecumenical councils, the Scriptures, and the teaching of the Church Fathers. The church teaches that it is the one, holy, catholic and apostolic church established by Jesus Christ in his Great Commission, and that its bishops are the successors of Christ's apostles. It maintains that it practices the original Christian faith, as passed down by holy tradition. Its patriarchates, reminiscent of the pentarchy, and other autocephalous and autonomous churches, reflect a variety of hierarchical organisation. It recognizes seven major sacraments, of which the Eucharist is the principal one, celebrated liturgically in synaxis. The church teaches that through consecration invoked by a priest, the sacrificial bread and wine become the body and blood of Christ. The Virgin Mary is venerated in the Eastern Orthodox Church as the God-bearer, honored in devotions.

The churches of Constantinople, Alexandria, Jerusalem, and Antioch—except for some breaks of communion such as the Photian schism or the Acacian schism—shared communion with the Church of Rome until the East–West Schism in 1054. The 1054 schism was the culmination of mounting theological, political, and cultural disputes, particularly over the authority of the pope, between those churches. Before the Council of Ephesus in AD 431, the Church of the East also shared in this communion, as did the various Oriental Orthodox Churches before the Council of Chalcedon in AD 451, all separating primarily over differences in Christology.

The majority of Eastern Orthodox Christians live mainly in Southeast and Eastern Europe, Siberia, and the Russian Far East. Roughly half of Eastern Orthodox Christians live in the post-Soviet states, mostly Russia. There are also communities in the former Byzantine regions of Africa, the Eastern Mediterranean, and in the Middle East, which are decreasing due to forced migration driven by increased religious persecution. Eastern Orthodox communities are also present in many other parts of the world, particularly North America, Western Europe, and Australia, formed through diaspora, conversions, and missionary activity.",Human,wiki
The Buddha,"Siddhartha Gautama, most commonly referred to as the Buddha, was a wandering ascetic and religious teacher who lived in South Asia during the 6th or 5th century BCE. He was the founder of Buddhism and is revered by Buddhists as a fully awakened being who taught a path to Nirvana, that is, freedom from ignorance, craving, rebirth and suffering.

According to Buddhist tradition, the Buddha was born in Lumbini in what is now Nepal, to royal parents of the Shakya clan, but renounced his home life to live as a wandering ascetic. Leading a life of begging, asceticism, and meditation, he attained enlightenment at Bodh Gaya in what is now India, gaining liberating insight into the workings of the cycle of rebirth and how it can be escaped. The Buddha thereafter wandered through the lower Gangetic plain, teaching and building a monastic order. He taught a Middle Way between sensual indulgence and severe asceticism, a training of the mind that included ethical training and meditative practices such as effort, mindfulness, and jhana. He died in Kushinagar, attaining paranirvana. The Buddha has since been venerated by numerous religions and communities across Asia.

A couple of centuries after his death he came to be known by the title Buddha, which means ""Awakened One"" or ""Enlightened One."" His teachings were compiled by the Buddhist community in the Vinaya, his codes for monastic practice, and the Suttas, texts based on his discourses. These were passed down in Middle Indo-Aryan dialects through an oral tradition. Later generations composed additional texts, such as systematic treatises known as Abhidharma, biographies of the Buddha, collections of stories about his past lives known as Jataka tales, and additional discourses, i.e. the Mahayana sutras.",Human,wiki
2016 United States presidential election,"The 2016 United States presidential election was the 58th quadrennial presidential election, held on Tuesday, November 8, 2016. The Republican ticket of businessman Donald Trump and Indiana governor Mike Pence defeated the Democratic ticket of former secretary of state Hillary Clinton and the United States senator from Virginia Tim Kaine, in what was considered one of the greatest upsets in American history. Trump took office as the 45th president, and Pence as the 48th vice president, on January 20, 2017. It was the fifth and most recent presidential election in which the winning candidate lost the popular vote. It was also the sixth and most recent presidential election in which both major party candidates were registered in the same home state, with the others being in 1860, 1904, 1920, 1940, and 1944.

Per the Twenty-second Amendment to the United States Constitution, then-incumbent president Barack Obama was ineligible to seek a third term. Clinton defeated self-described democratic socialist Senator Bernie Sanders in the Democratic primary, among other candidates, and became the first female presidential nominee of a major American political party. Trump emerged as his party's front-runner amidst a wide field of candidates in the Republican primary, defeating Senator Ted Cruz, Senator Marco Rubio, and Ohio Governor John Kasich, among other candidates. The Libertarian Party nominated former New Mexico Governor Gary Johnson, and the Green Party nominated Jill Stein. Trump's right-wing populist nationalist campaign, which promised to ""Make America Great Again"" and opposed political correctness, illegal immigration, and many United States free-trade agreements garnered extensive free media coverage due to Trump's inflammatory comments. Clinton emphasized her extensive political experience, denounced Trump and many of his supporters as a ""basket of deplorables"", bigots and extremists, and advocated the expansion of President Obama's policies; racial, LGBT, and women's rights; and inclusive capitalism.

The tone of the general election campaign was widely characterized as divisive and negative. Trump faced controversy over his views on race and immigration, incidents of violence against protestors at his rallies, and numerous sexual misconduct allegations including the Access Hollywood tape. Clinton's popularity and public image were tarnished by concerns about her ethics and trustworthiness, and a controversy and subsequent FBI investigation regarding her improper use of a private email server while serving as secretary of state, which received more media coverage than any other topic during the campaign. Clinton led in almost every nationwide and swing-state poll, with some predictive models giving Clinton over a 90 percent chance of winning.

On Election Day, Trump over-performed his polls, winning several key swing states, while losing the popular vote by 2.87 million votes. Trump received the majority in the Electoral College and won upset victories in the pivotal Rust Belt region, becoming the first and only Republican nominee since 1988 to win Michigan and Pennsylvania, and the first and only since 1984 to win Wisconsin. This election also marked the first time since 1988 that the Republican candidate won Maine's second congressional district. He additionally flipped Ohio, Florida, and Iowa. Ultimately, Trump received 304 electoral votes and Clinton 227, as two faithless electors defected from Trump and five from Clinton. Trump was the first president with neither prior public service nor military experience. Trump became the only Republican to earn more than 300 electoral votes since the 1988 election and the only Republican to win a Northeastern state since George W. Bush won New Hampshire in 2000.

This was the first time since 1976 where a Republican presidential candidate lost a pledged vote via a faithless elector and additionally, this was the first time since 1972 that the winning presidential candidate lost an electoral vote. With ballot access to the entire national electorate, Johnson received nearly 4.5 million votes, the highest nationwide vote share for a third-party candidate since Ross Perot in 1996, while Stein received almost 1.45 million votes, the most for a Green nominee since Ralph Nader in 2000. Independent candidate Evan McMullin, who appeared on the ballot in 11 states, received over 732,000 votes. He won 21.4% of the vote in his home state of Utah, the highest share of the vote for a third-party candidate in any state since 1992. Despite dropping out of the election following his defeat in the Democratic primary, Senator Bernie Sanders received 5.7% of the vote in his home state of Vermont, the highest write-in draft campaign percentage for a presidential candidate in American history. Johnson and McMullin were the first third-party candidates since Nader to receive at least 5% of the vote in one or more states, with Johnson crossing the mark in 11 states and McMullin crossing it in two.

On January 6, 2017, the United States Intelligence Community concluded that the Russian government had interfered in the 2016 elections in order to ""undermine public faith in the U.S. democratic process, denigrate Secretary Clinton, and harm her electability and potential presidency."" A Special Counsel investigation of alleged collusion between Russia and the Trump campaign began in May 2017 and ended in March 2019. The investigation concluded that Russian interference to favor Trump's candidacy occurred ""in sweeping and systematic fashion"", but it ""did not establish that members of the Trump campaign conspired or coordinated with the Russian government.""",Human,wiki
Barack Obama,"Barack Hussein Obama II is an American politician who served as the 44th president of the United States from 2009 to 2017. A member of the Democratic Party, he was the first African-American president of the United States. Obama previously served as a U.S. senator from Illinois from 2005 to 2008 and as an Illinois state senator from 1997 to 2004.

Obama was born in Honolulu, Hawaii. After graduating from Columbia University in 1983, he worked as a community organizer in Chicago. In 1988, he enrolled in Harvard Law School, where he was the first black president of the Harvard Law Review. After graduating, he became a civil rights attorney and an academic, teaching constitutional law at the University of Chicago Law School from 1992 to 2004. Turning to elective politics, he represented the 13th district in the Illinois Senate from 1997 until 2004, when he ran for the U.S. Senate. Obama received national attention in 2004 with his March Senate primary win, his well-received July Democratic National Convention keynote address, and his landslide November election to the Senate. In 2008, after a close primary campaign against Hillary Clinton, he was nominated by the Democratic Party for president. Obama was elected over Republican nominee John McCain in the general election and was inaugurated alongside his running mate Joe Biden, on January 20, 2009. Nine months later, he was named the 2009 Nobel Peace Prize laureate, a decision that drew a mixture of praise and criticism.

Obama signed many landmark bills into law during his first two years in office. The main reforms include: the Affordable Care Act, sometimes referred to as ""the ACA"" or ""Obamacare"", the Dodd–Frank Wall Street Reform and Consumer Protection Act, and the Don't Ask, Don't Tell Repeal Act of 2010. The American Recovery and Reinvestment Act and Tax Relief, Unemployment Insurance Reauthorization, and Job Creation Act served as economic stimuli amidst the Great Recession. After a lengthy debate over the national debt limit, he signed the Budget Control Act of 2011 and the American Taxpayer Relief Act of 2012. In foreign policy, he increased U.S. troop levels in Afghanistan, reduced nuclear weapons with the United States–Russia New START treaty, and ended military involvement in the Iraq War. In 2011, Obama ordered the drone-strike killing in Yemen of al-Qaeda operative Anwar al-Awlaki, who was an American citizen. He ordered military involvement in Libya in order to implement UN Security Council Resolution 1973, contributing to the overthrow of Muammar Gaddafi. He also ordered the counterterrorism raid that killed Osama bin Laden.

After winning re-election by defeating Republican opponent Mitt Romney, Obama was sworn in for a second term on January 20, 2013. During this term, he condemned the 2013 Snowden leaks as unpatriotic, but called for more restrictions on the National Security Agency to address privacy issues. Obama also promoted inclusion for LGBT Americans. His administration filed briefs that urged the Supreme Court to strike down same-sex marriage bans as unconstitutional; same-sex marriage was legalized nationwide in 2015 after the Court ruled so in Obergefell. He advocated for gun control in response to the Sandy Hook Elementary School shooting, indicating support for a ban on assault weapons, and issued wide-ranging executive actions concerning global warming and immigration. In foreign policy, he ordered military interventions in Iraq and Syria in response to gains made by ISIL after the 2011 withdrawal from Iraq, promoted discussions that led to the 2015 Paris Agreement on global climate change, drew down U.S. troops in Afghanistan in 2016, initiated sanctions against Russia following its annexation of Crimea and again after interference in the 2016 U.S. elections, brokered the Joint Comprehensive Plan of Action nuclear deal with Iran, and normalized U.S. relations with Cuba. Obama nominated three justices to the Supreme Court: Sonia Sotomayor and Elena Kagan were confirmed as justices, while Merrick Garland was denied hearings or a vote from the Republican-majority Senate. Obama left office on January 20, 2017, and continues to reside in Washington, D.C.

During Obama's terms as president, the United States' reputation abroad, as well as the American economy, significantly improved. Rankings by scholars and historians place him among the upper to mid tier of American presidents. Since leaving office, Obama has remained active in Democratic politics, including campaigning for candidates in the 2018 midterm elections, appearing at the 2020 Democratic National Convention and campaigning for Biden during the 2020 presidential election. Outside of politics, Obama has published three bestselling books: Dreams from My Father, The Audacity of Hope and A Promised Land.",Human,wiki
European Union,"The European Union is a supranational political and economic union of 27 member states that are located primarily in Europe. The union has a total area of 4,233,255.3 km2 and an estimated total population of about 447 million. The EU has often been described as a sui generis political entity combining the characteristics of both a federation and a confederation. Its five largest economies are: Germany, France, Italy, Spain, and the Netherlands.

Containing 5.8 per cent of the world population in 2020, the EU generated a nominal gross domestic product of around US$17.1 trillion in 2021, constituting approximately 18 per cent of global nominal GDP. Additionally, all EU states have a very high Human Development Index according to the United Nations Development Programme. Its cornerstone, the Customs Union, paved the way to establishing an internal single market based on standardised legal framework and legislation that applies in all member states in those matters, and only those matters, where the states have agreed to act as one. EU policies aim to ensure the free movement of people, goods, services and capital within the internal market; enact legislation in justice and home affairs; and maintain common policies on trade, agriculture, fisheries and regional development. Passport controls have been abolished for travel within the Schengen Area. The eurozone is a group composed of the 19 EU member states that have fully implemented the economic and monetary union and use the euro currency. Through the Common Foreign and Security Policy, the union has developed a role in external relations and defence. It maintains permanent diplomatic missions throughout the world and represents itself at the United Nations, the World Trade Organization, the G7 and the G20. Due to its global influence, the European Union has been described by some scholars as an emerging superpower.

The union was established along with its citizenship when the Maastricht Treaty came into force in 1993, and was subsequently incorporated as an international law juridical person upon entry into force of the Treaty of Lisbon in 2009,  but its beginnings may be traced to its earliest predecessors incorporated primarily by a group of founding states known as the Inner Six at the start of modern institutionalised European integration in 1948 and onwards, namely to the Western Union , the International Authority for the Ruhr, the European Coal and Steel Community, the European Economic Community and the European Atomic Energy Community, established, respectively, by the 1948 Treaty of Brussels, the 1948 London Six-Power Conference, the 1951 Treaty of Paris, the 1957 Treaty of Rome and the 1957 Euratom Treaty. These increasingly amalgamated bodies later known collectively as the European Communities have grown since, along with their legal successor, the EU, both in size through accessions of further 21 states as well as in power through acquisitions of various policy areas to their remit by the virtue of the abovementioned treaties, as well as numerous other ones, such as the Modified Brussels Treaty, the Merger Treaty, the Single European Act, the Treaty of Amsterdam and the Treaty of Nice. In 2012, the EU was awarded the Nobel Peace Prize.

Although the United Kingdom became in 2020 the only member state to leave the EU, several further countries are aspiring or negotiating to join it.",Human,wiki
Motion of no confidence,"A motion of no confidence, also variously called a vote of no confidence, no-confidence motion, motion of confidence, or vote of confidence, is a statement or vote about whether a person in a position of responsibility like in government or management is still deemed fit to hold that position, such as because they are inadequate in some aspect, fail to carry out their obligations, or make decisions that other members feel to be detrimental. The parliamentary motion demonstrates to the head of government that the elected Parliament either has or no longer has confidence in one or more members of the appointed government. In some countries, a no-confidence motion being passed against an individual minister requires the minister to resign. In most cases, if the minister in question is the premier, all other ministers must also resign.

A censure motion is different from a no-confidence motion. Depending on the constitution of the body concerned, ""no confidence"" may lead to the dismissal of the Council of Ministers or other position-holders and often the dissolution of most of the leadership of the executive branch. On the other hand, ""censure"" is meant to show disapproval and does not result in the resignation of ministers. The motion of censure may be against an individual minister or a group of ministers. However, depending on a country's constitution, a no-confidence motion may be more directed against the entire cabinet. Again, depending on the applicable rules, censure motions may need to state the reasons for the motion, but specific reasons may not be required for no-confidence motions.",Human,wiki
Gerhard Schröder,"Gerhard Fritz Kurt ""Gerd"" Schröder is a German lobbyist and former politician, who served as the chancellor of Germany from 1998 to 2005. From 1999 to 2004, he was also the Leader of the Social Democratic Party of Germany. As chancellor, he led a coalition government of the SPD and Alliance 90/The Greens. Since leaving public office, Schröder has worked for Russian state-owned energy companies, including Nord Stream AG, Rosneft, and Gazprom.

Schröder was a lawyer before becoming a full-time politician, and he served as Minister President of Lower Saxony before becoming chancellor. Following the 2005 federal election, which his party lost, and after three weeks of negotiations, he stood down as chancellor in favour of Angela Merkel of the rival Christian Democratic Union. He is the chairman of the board of Nord Stream AG and of Rosneft, after having been hired as a global manager by investment bank Rothschild, and also the chairman of the board of football club Hannover 96.

After the 2022 Russian invasion of Ukraine, Schröder was criticized for his policies towards Vladimir Putin's government, his work for Russian state-owned companies, and his lobbyism on behalf of Russia. On 1 March 2022, Schröder's entire staff including long-time office manager Albrecht Funk resigned due to Schröder's alliances with Russia and Putin directly. On 8 March 2022 the Public Prosecutor General initiated proceedings related to accusations against Schröder of complicity in crimes against humanity due to his role in Russian state-owned corporations. On the same day his party initiated proceedings to expel him. The CDU/CSU group demanded that Schröder be included in the European Union sanctions against individuals with ties to the Putin regime.",Human,wiki
International law,"International law is the set of rules, norms, and standards generally recognized as binding between states. It establishes normative guidelines and a common conceptual framework for states across a broad range of domains, including war, diplomacy, economic relations, and human rights. Scholars distinguish between international legal institutions on the basis of their obligations, precision, and delegation.

The sources of international law include international custom, treaties, and general principles of law recognized by most national legal systems. Although international law may also be reflected in international comity—the practices adopted by states to maintain good relations and mutual recognition, such as saluting the flag of a foreign ship—such traditions are not legally binding.

International law differs from state-based legal systems in that it is primarily—though not exclusively—applicable to states, rather than to individuals, and operates largely through consent, since there is no universally accepted authority to enforce it upon sovereign states. Consequently, states may choose to not abide by international law, and even to breach a treaty. However, such violations, particularly of customary international law and peremptory norms, can be met with disapproval by others and in some cases coercive action.

The relationship and interaction between a national legal system and international law is complex and variable. National law may become international law when treaties permit national jurisdiction to supranational tribunals such as the European Court of Human Rights or the International Criminal Court. Treaties such as the Geneva Conventions may require national law to conform to treaty provisions. National laws or constitutions may also provide for the implementation or integration of international legal obligations into domestic law.",Human,wiki
Foreign relations of China,"China, officially the People's Republic of China, has full diplomatic relations with 178 out of the other 193 United Nations member states, Cook Islands, Niue and the State of Palestine. Since 2019, China has had the most diplomatic missions of any country in the world.

China officially claims it ""unswervingly pursues an independent foreign policy of peace"". The fundamental goals of this policy are to preserve China's independence, sovereignty and territorial integrity, create a favorable international environment for China's reform and opening up and modernization of construction, and to maintain world peace and propel common development."" An example of a foreign policy decision guided by ""sovereignty and territorial integrity"" is not engaging in diplomatic relations with any country that recognizes the Republic of China, which the PRC does not recognise as a separate nation.

China is a member of many international organizations, holding key positions such as a permanent membership on the United Nations Security Council. In the early 1970s, the PRC replaced the ROC as the recognised government of ""China"" in the UN following Resolution 2758. As a nuclear power, China signed the Treaty on the Non-Proliferation of Nuclear Weapons in the United Nations.",Human,wiki
Social Democratic Party of Germany,"The Social Democratic Party of Germany is a centre-left social democratic political party in Germany. It is one of the three major parties of contemporary Germany along with the Union parties and the Greens.

Saskia Esken has been the party's leader since the 2019 leadership election together with Lars Klingbeil, who joined her in December 2021. After Olaf Scholz was elected Chancellor in 2021 the SPD became the leading party of the federal government, which the SPD formed with the Greens and FDP, after the 2021 federal election. The SPD is a member of 11 of the 16 German state governments and is a leading partner in seven of them..

The SPD was established in 1863. It was one of the earliest Marxist-influenced parties in the world. From the 1890s through the early 20th century, the SPD was Europe's largest Marxist party, and the most popular political party in Germany. During the First World War, the party split between a pro-war mainstream and the anti-war Independent Social Democratic Party, of which some members went on to form the Communist Party of Germany. The SPD played a leading role in the German Revolution of 1918–1919 and was responsible for the foundation of the Weimar Republic. SPD politician Friedrich Ebert served as the first President of Germany.

After the rise of the Nazi Party to power, the SPD was the only party present in the Reichstag to vote against the Enabling Act of 1933; the SPD was subsequently banned, and operated in exile as the Sopade. After the Second World War, the SPD was re-established. In East Germany, it was forced to merge with the KPD to form the Socialist Unity Party of Germany. In West Germany, the SPD became one of two major parties alongside the CDU/CSU. In the Godesberg Program of 1959, the SPD dropped its commitment to Marxism, becoming a big tent party of the centre-left. The SPD led the federal government from 1969 to 1982, 1998 to 2005 and again since 2021. It served as a junior partner to a CDU/CSU led government from 1966 to 1969, 2005 to 2009 and from 2013 to 2021.

The SPD holds pro-EU stances and is a member of the Party of European Socialists and sits with the Progressive Alliance of Socialists and Democrats group in the European Parliament. With 16 MEPs, it is the third largest party in the group. The SPD was a founding member of the Socialist International, but the party left in 2013 after criticising its acceptance of parties they consider to be violating human rights. The SPD subsequently founded the Progressive Alliance and was joined by numerous other parties around the world. Previously, the SPD was a founding member of both the Second International and the Labour and Socialist International.",Human,wiki
Constitutional monarchy,"A constitutional monarchy, parliamentary monarchy, or democratic monarchy is a form of monarchy in which the monarch exercises their authority in accordance with a constitution and is not alone in decision making. Constitutional monarchies differ from absolute monarchies in that they are bound to exercise powers and authorities within limits prescribed by an established legal framework.

Constitutional monarchies range from countries such as Liechtenstein, Monaco, Morocco, Jordan, Kuwait, and Bahrain, where the constitution grants substantial discretionary powers to the sovereign, to countries such as Australia, the United Kingdom, Canada, the Netherlands, Spain, Belgium, Sweden, Malaysia, Thailand, Cambodia, and Japan, where the monarch retains significantly less personal discretion in the exercise of their authority.

Constitutional monarchy may refer to a system in which the monarch acts as a non-party political head of state under the constitution, whether codified or uncodified. While most monarchs may hold formal authority and the government may legally operate in the monarch's name, in the form typical in Europe the monarch no longer personally sets public policy or chooses political leaders. Political scientist Vernon Bogdanor, paraphrasing Thomas Macaulay, has defined a constitutional monarch as ""A sovereign who reigns but does not rule"".

In addition to acting as a visible symbol of national unity, a constitutional monarch may hold formal powers such as dissolving parliament or giving royal assent to legislation. However, such powers generally may only be exercised strictly in accordance with either written constitutional principles or unwritten constitutional conventions, rather than any personal political preferences of the sovereign. In The English Constitution, British political theorist Walter Bagehot identified three main political rights which a constitutional monarch may freely exercise: the right to be consulted, the right to encourage, and the right to warn. Many constitutional monarchies still retain significant authorities or political influence, however, such as through certain reserve powers, and may also play an important political role.

The United Kingdom and the other Commonwealth realms are all constitutional monarchies in the Westminster system of constitutional governance. Two constitutional monarchies – Malaysia and Cambodia – are elective monarchies, in which the ruler is periodically selected by a small electoral college.

Strongly limited constitutional monarchies, such as the United Kingdom and Australia, have been referred to as crowned republics by writers H. G. Wells and Glenn Patmore.

The concept of semi-constitutional monarch identifies constitutional monarchies where the monarch retains substantial powers, on a par with a president in a presidential or semi-presidential system. As a result, constitutional monarchies where the monarch has a largely ceremonial role may also be referred to as 'parliamentary monarchies' to differentiate them from semi-constitutional monarchies.",Human,wiki
Mona Lisa,"The Mona Lisa is a half-length portrait painting by Italian artist Leonardo da Vinci. Considered an archetypal masterpiece of the Italian Renaissance, it has been described as ""the best known, the most visited, the most written about, the most sung about, the most parodied work of art in the world"". The painting's novel qualities include the subject's enigmatic expression, the monumentality of the composition, the subtle modelling of forms, and the atmospheric illusionism.

The painting has been definitively identified to depict Italian noblewoman Lisa Gherardini, the wife of Francesco del Giocondo. It is painted in oil on a white Lombardy poplar panel. Leonardo never gave the painting to the Giocondo family, and later it is believed he left it in his will to his favored apprentice Salaì. It had been believed to have been painted between 1503 and 1506; however, Leonardo may have continued working on it as late as 1517. It was acquired by King Francis I of France and is now the property of the French Republic. It has been on permanent display at the Louvre in Paris since 1797.

The Mona Lisa is one of the most valuable paintings in the world. It holds the Guinness World Record for the highest-known painting insurance valuation in history at US$100 million in 1962.",Human,wiki
Edvard Munch,"Edvard Munch was a Norwegian painter. His best known work, The Scream, has become one of Western art's most iconic images.

His childhood was overshadowed by illness, bereavement and the dread of inheriting a mental condition that ran in the family. Studying at the Royal School of Art and Design in Kristiania, Munch began to live a bohemian life under the influence of the nihilist Hans Jæger, who urged him to paint his own emotional and psychological state. From this emerged his distinctive style.

Travel brought new influences and outlets. In Paris, he learned much from Paul Gauguin, Vincent van Gogh and Henri de Toulouse-Lautrec, especially their use of color. In Berlin, he met the Swedish dramatist August Strindberg, whom he painted, as he embarked on a major series of paintings he would later call The Frieze of Life, depicting a series of deeply-felt themes such as love, anxiety, jealousy and betrayal, steeped in atmosphere.

The Scream was conceived in Kristiania. According to Munch, he was out walking at sunset, when he 'heard the enormous, infinite scream of nature'. The painting's agonized face is widely identified with the angst of the modern person. Between 1893 and 1910, he made two painted versions and two in pastels, as well as a number of prints. One of the pastels would eventually command the fourth highest nominal price paid for a painting at auction.

As his fame and wealth grew, his emotional state remained insecure. He briefly considered marriage, but could not commit himself. A mental breakdown in 1908 forced him to give up heavy drinking, and he was cheered by his increasing acceptance by the people of Kristiania and exposure in the city's museums. His later years were spent working in peace and privacy. Although his works were banned in Nazi-occupied Europe, most of them survived World War II, securing him a legacy.",Human,wiki
Color,"Color or colour is the visual perceptual property deriving from the spectrum of light interacting with the photoreceptor cells of the eyes. Color categories and physical specifications of color are associated with objects or materials based on their physical properties such as light absorption, reflection, or emission spectra. By defining a color space, colors can be identified numerically by their coordinates.

Because perception of color stems from the varying spectral sensitivity of different types of cone cells in the retina to different parts of the spectrum, colors may be defined and quantified by the degree to which they stimulate these cells. These physical or physiological quantifications of color, however, do not fully explain the psychophysical perception of color appearance.

The science of color is sometimes called chromatics, colorimetry, or simply color science. It includes the perception of color by the human eye and brain, the origin of color in materials, color theory in art, and the physics of electromagnetic radiation in the visible range.",Human,wiki
Vincent van Gogh,"Vincent Willem van Gogh was a Dutch Post-Impressionist artist who emerged as one of the most famous figures in the history of Western art after his death. In only a decade, Van Gogh created a prolific body of more than 2,000 works of art. Most of his 1,100 drawings and works on paper and nearly 900 oil paintings were produced during the last two years of his life. Van Gogh's landscapes, still lifes, portraits, and self-portraits are characterized by vibrant contrasts of complementary colors and expressive brushwork, and his abstract, linear planes were inspired by the Japanese prints Van Gogh collected and admired. His innovations contributed to the foundations of modern art. Van Gogh's images often reflect personal symbolism, experiences, and emotions he discussed in correspondence with family and friends. He expressed a desire to communicate joy and comfort through his art and aspired to gather a community of like-minded artists in southern France. Van Gogh did not achieve commercial success in his lifetime and relied on financial support from his brother, Theo van Gogh. His life was shaped by severe depression and episodes of acute psychological distress. Van Gogh committed suicide at the age of 37.

The son of a Dutch Reformed minister, Van Gogh was serious, quiet and thoughtful as a child. He began drawing at an early age and as a young man worked as an art dealer, often traveling, but became depressed after he was transferred to London. He turned to religion and spent time as a Protestant missionary in southern Belgium. He drifted in ill health and solitude before taking up painting in 1881, having returned home to his parents. His younger brother Theo supported him financially; the two kept a long correspondence by letter, which, when published, contributed to his growing posthumous reputation as an artist.

His early works, mostly still lifes and depictions of peasant laborers, contain few signs of the vivid color that distinguish his later work. In 1886, Van Gogh moved to Paris where he met members of the avant-garde, including Émile Bernard and Paul Gauguin, who were reacting against the Impressionist sensibility. As his work developed he created a new approach to still life and landscape. His paintings grew brighter as he developed a style that became fully realised during his stay in Arles in the South of France in 1888. During this period he broadened his subject matter to include series of olive trees, wheat fields and sunflowers.

Van Gogh suffered from mental illness, psychotic episodes, delusions and, although he worried about his mental stability, often neglected his physical health, did not eat properly, and drank heavily. His friendship with Gauguin ended after a confrontation between the two when, in a rage, Van Gogh severed a part of his own left ear with a razor. After, he spent time in psychiatric hospitals, including a period at Saint-Rémy. Once he discharged himself and moved to the Auberge Ravoux in Auvers-sur-Oise near Paris, he came under the care of the homeopathic doctor Paul Gachet. His depression persisted and on 27 July 1890, Van Gogh is believed to have shot himself in the chest with a revolver, dying from his injuries two days later, with his brother Theo at his side.

Van Gogh's paintings did not sell during his lifetime, during which he was generally considered a madman and a failure, although some collectors recognized the value of his work. His fame came only after his death. Scholars increasingly have recognized the role of Vincent's sister-in-law Jo Bonger-Van Gogh for shaping and promoting his reputation as an artist. He evolved in the public imagination into a misunderstood genius. His reputation grew in the early 20th century as elements of his style came to be incorporated by the Fauves and German Expressionists. He attained widespread critical and commercial success over the ensuing decades, and is remembered as an important but tragic painter whose troubled personality typifies the romantic ideal of the tortured artist.

Today, Van Gogh's works are among the world's most expensive paintings to have ever sold, and his legacy is honoured by the Van Gogh Museum established by the Dutch government in Amsterdam, which holds the world's largest collection of his paintings and drawings. They were originally held by his brother Theo and inherited by Theo's wife, Jo Bonger-Van Gogh, who shrewdly kept Vincent's best works.",Human,wiki
Cubism,"Cubism is an early-20th-century avant-garde art movement that revolutionized European painting and sculpture, and inspired related movements in music, literature and architecture. In Cubist artwork, objects are analyzed, broken up and reassembled in an abstracted form—instead of depicting objects from a single viewpoint, the artist depicts the subject from a multitude of viewpoints to represent the subject in a greater context. Cubism has been considered the most influential art movement of the 20th century. The term is broadly used in association with a wide variety of art produced in Paris or near Paris during the 1910s and throughout the 1920s.

The movement was pioneered by Pablo Picasso and Georges Braque, and joined by Jean Metzinger, Albert Gleizes, Robert Delaunay, Henri Le Fauconnier, Juan Gris, and Fernand Léger. One primary influence that led to Cubism was the representation of three-dimensional form in the late works of Paul Cézanne. A retrospective of Cézanne's paintings was held at the Salon d'Automne of 1904, current works were displayed at the 1905 and 1906 Salon d'Automne, followed by two commemorative retrospectives after his death in 1907.

In France, offshoots of Cubism developed, including Orphism, abstract art and later Purism. The impact of Cubism was far-reaching and wide-ranging. In France and other countries Futurism, Suprematism, Dada, Constructivism, Vorticism, De Stijl and Art Deco developed in response to Cubism. Early Futurist paintings hold in common with Cubism the fusing of the past and the present, the representation of different views of the subject pictured at the same time or successively, also called multiple perspective, simultaneity or multiplicity, while Constructivism was influenced by Picasso's technique of constructing sculpture from separate elements. Other common threads between these disparate movements include the faceting or simplification of geometric forms, and the association of mechanization and modern life.",Human,wiki
Classical order,"An order in architecture is a certain assemblage of parts subject to uniform established proportions, regulated by the office that each part has to perform. Coming down to the present from Ancient Greek and Ancient Roman civilization, the architectural orders are the styles of classical architecture, each distinguished by its proportions and characteristic profiles and details, and most readily recognizable by the type of column employed. The three orders of architecture—the Doric, Ionic, and Corinthian—originated in Greece. To these the Romans added, in practice if not in name, the Tuscan, which they made simpler than Doric, and the Composite, which was more ornamental than the Corinthian. The architectural order of a classical building is akin to the mode or key of classical music; the grammar or rhetoric of a written composition. It is established by certain modules like the intervals of music, and it raises certain expectations in an audience attuned to its language.

Whereas the orders were essentially structural in Ancient Greek architecture, which made little use of the arch until its late period, in Roman architecture where the arch was often dominant, the orders became increasingly decorative elements except in porticos and similar uses. Columns shrank into half-columns emerging from walls or turned into pilasters. This treatment continued after the conscious and ""correct"" use of the orders, initially following exclusively Roman models, returned in the Italian Renaissance. Greek Revival architecture, inspired by increasing knowledge of Greek originals, returned to more authentic models, including ones from relatively early periods.",Human,wiki
Japanese art,"Japanese art covers a wide range of art styles and media, including ancient pottery, sculpture, ink painting and calligraphy on silk and paper, ukiyo-e paintings and woodblock prints, ceramics, origami, and more recently manga and anime. It has a long history, ranging from the beginnings of human habitation in Japan, sometime in the 10th millennium BC, to the present-day country.

Japan has been subject to sudden invasions of new ideas followed by long periods of minimal contact with the outside world. Over time the Japanese developed the ability to absorb, imitate, and finally assimilate those elements of foreign culture that complemented their aesthetic preferences. The earliest complex art in Japan was produced in the 7th and 8th centuries in connection with Buddhism. In the 9th century, as the Japanese began to turn away from China and develop indigenous forms of expression, the secular arts became increasingly important; until the late 15th century, both religious and secular arts flourished. After the Ōnin War, Japan entered a period of political, social, and economic disruption that lasted for over a century. In the state that emerged under the leadership of the Tokugawa shogunate, organized religion played a much less important role in people's lives, and the arts that survived were primarily secular. The Meiji Period saw an abrupt influx of Western styles, which have continued to be important.

Painting is the preferred artistic expression in Japan, practiced by amateurs and professionals alike. Until modern times, the Japanese wrote with a brush rather than a pen, and their familiarity with brush techniques has made them particularly sensitive to the values and aesthetics of painting. With the rise of popular culture in the Edo period, a style of woodblock prints became a major form and its techniques were fine-tuned to produce colorful prints. The Japanese, in this period, found sculpture a much less sympathetic medium for artistic expression; most large Japanese sculpture is associated with religion, and the medium's use declined with the lessening importance of traditional Buddhism.

Japanese pottery is among the finest in the world and includes the earliest known Japanese artifacts; Japanese export porcelain has been a major industry at various points. Japanese lacquerware is also one of the world's leading arts and crafts, and works gorgeously decorated with maki-e were exported to Europe and China, remaining important exports until the 19th century. In architecture, Japanese preferences for natural materials and an interaction of interior and exterior space are clearly expressed.",Human,wiki
Wassily Kandinsky,"Wassily Wassilyevich Kandinsky was a Russian painter and art theorist. Kandinsky is generally credited as one of the pioneers of abstraction in western art, possibly after Hilma af Klint. Born in Moscow, he spent his childhood in Odessa, where he graduated at Grekov Odessa Art School. He enrolled at the University of Moscow, studying law and economics. Successful in his profession—he was offered a professorship at the University of Dorpat—Kandinsky began painting studies at the age of 30.

In 1896, Kandinsky settled in Munich, studying first at Anton Ažbe's private school and then at the Academy of Fine Arts. He returned to Moscow in 1914, after the outbreak of World War I. Following the Russian Revolution, Kandinsky ""became an insider in the cultural administration of Anatoly Lunacharsky"" and helped establish the Museum of the Culture of Painting. However, by then ""his spiritual outlook... was foreign to the argumentative materialism of Soviet society"", and opportunities beckoned in Germany, to which he returned in 1920. There he taught at the Bauhaus school of art and architecture from 1922 until the Nazis closed it in 1933. He then moved to France, where he lived for the rest of his life, becoming a French citizen in 1939 and producing some of his most prominent art. He died in Neuilly-sur-Seine in 1944, three days prior to his 78th birthday.",Human,wiki
Venus figurine,"A Venus figurine is any Upper Palaeolithic statuette portraying a woman, usually carved in the round. Most have been unearthed in Europe, but others have been found as far away as Siberia, and distributed across much of Eurasia.

Most date from the Gravettian period. However, findings are not limited to this period; for example, the Venus of Hohle Fels dates back at least 35,000 years to the Aurignacian era, and the Venus of Monruz dates back about 11,000 years to the Magdalenian. Such figurines were carved from soft stone, bone or ivory, or formed of clay and fired. The latter are among the oldest ceramics known to historians. In total, over 200 such figurines are known; virtually all of modest size, between about 3 and 40 cm in height. These figurines are recognised as some of the earliest works of prehistoric art.

Most have wide hips and legs that taper to a point. Arms and feet are often absent, and the head is usually small and faceless. Various figurines exaggerate the abdomen, hips, breasts, thighs, or vulva, although many found examples do not reflect these typical characteristics. Depictions of hairstyles can be detailed, and especially in Siberian examples, clothing or tattoos may be indicated.

The original cultural meaning and purpose of these artefacts is not known. It has frequently been suggested that they may have served a ritual or symbolic function. There are widely varying and speculative interpretations of their use or meaning: they have been seen as religious figures, an expression of health and fertility, grandmother goddesses, or as self-depictions by female artists.",Human,wiki
Brutalist architecture,"Brutalist architecture is an architectural style that emerged during the 1950s in the United Kingdom, among the reconstruction projects of the post-war era. Brutalist buildings are characterised by minimalist constructions that showcase the bare building materials and structural elements over decorative design. The style commonly makes use of exposed, unpainted concrete or brick, angular geometric shapes and a predominantly monochrome colour palette; other materials, such as steel, timber, and glass, are also featured.

Descending from the modernist movement, Brutalism is said to be a reaction against the nostalgia of architecture in the 1940s. Derived from the Swedish phrase nybrutalism, the term ""New Brutalism"" was first used by British architects Alison and Peter Smithson for their pioneering approach to design. The style was further popularised in a 1955 essay by architectural critic Reyner Banham, who also associated the movement with the French phrases béton brut and art brut. The style, as developed by architects such as the Smithsons, Hungarian-born Ernő Goldfinger, and the British firm Chamberlin, Powell & Bon, was partly foreshadowed by the modernist work of other architects such as French-Swiss Le Corbusier, Estonian-American Louis Kahn, German-American Mies van der Rohe, and Finnish Alvar Aalto.

In the United Kingdom, Brutalism was featured in the design of utilitarian, low-cost social housing influenced by socialist principles and soon spread to other regions around the world. Brutalist designs became most commonly used in the design of institutional buildings, such as universities, libraries, courts, and city halls. The popularity of the movement began to decline in the late 1970s, with some associating the style with urban decay and totalitarianism.

Brutalism has been polarising historically; specific buildings, as well as the movement as a whole, have drawn a range of criticism but have also elicited support from architects and local communities. In recent decades, the movement has become a subject of renewed interest. In 2006, several Bostonian architects called for a rebranding of the style to ""Heroic architecture"" to distance it from the negative connotations of the term ""brutalism"".",Human,wiki
Hydrogen,"Hydrogen is the chemical element with the symbol H and atomic number 1. Hydrogen is the lightest element. At standard conditions hydrogen is a gas of diatomic molecules having the formula H2. It is colorless, odorless, tasteless, non-toxic, and highly combustible. Hydrogen is the most abundant chemical substance in the universe, constituting roughly 75% of all normal matter. Stars such as the Sun are mainly composed of hydrogen in the plasma state. Most of the hydrogen on Earth exists in molecular forms such as water and organic compounds. For the most common isotope of hydrogen each atom has one proton, one electron, and no neutrons.

In the early universe, the formation of protons, the nuclei of hydrogen, occurred during the first second after the Big Bang. The emergence of neutral hydrogen atoms throughout the universe occurred about 370,000 years later during the recombination epoch, when the plasma had cooled enough for electrons to remain bound to protons.

Hydrogen is nonmetallic, except at extremely high pressures, and readily forms a single covalent bond with most nonmetallic elements, forming compounds such as water and nearly all organic compounds. Hydrogen plays a particularly important role in acid–base reactions because these reactions usually involve the exchange of protons between soluble molecules. In ionic compounds, hydrogen can take the form of a negative charge where it is known as a hydride, or as a positively charged species denoted by the symbol H+. The H+ cation is simply a proton but its behavior in aqueous solutions and in ionic compounds involves screening of its electric charge by nearby polar molecules or anions. Because hydrogen is the only neutral atom for which the Schrödinger equation can be solved analytically, the study of its energetics and chemical bonding has played a key role in the development of quantum mechanics.

Hydrogen gas was first artificially produced in the early 16th century by the reaction of acids on metals. In 1766–1781, Henry Cavendish was the first to recognize that hydrogen gas was a discrete substance, and that it produces water when burned, the property for which it was later named: in Greek, hydrogen means ""water-former"".

Industrial production is mainly from steam reforming of natural gas, oil reforming, or coal gasification. A small percentage is also produced using more energy-intensive methods such as the electrolysis of water. Most hydrogen is used near the site of its production, the two largest uses being fossil fuel processing and ammonia production, mostly for the fertilizer market. It can be burned to produce heat or combined with oxygen in fuel cells to generate electricity directly, with water being the only emissions at the point of usage. Hydrogen atoms are problematic in metallurgy because they can embrittle many metals.",Human,wiki
Chemical reaction,"A chemical reaction is a process that leads to the chemical transformation of one set of chemical substances to another. Classically, chemical reactions encompass changes that only involve the positions of electrons in the forming and breaking of chemical bonds between atoms, with no change to the nuclei, and can often be described by a chemical equation. Nuclear chemistry is a sub-discipline of chemistry that involves the chemical reactions of unstable and radioactive elements where both electronic and nuclear changes can occur.

The substance initially involved in a chemical reaction are called reactants or reagents. Chemical reactions are usually characterized by a chemical change, and they yield one or more products, which usually have properties different from the reactants. Reactions often consist of a sequence of individual sub-steps, the so-called elementary reactions, and the information on the precise course of action is part of the reaction mechanism. Chemical reactions are described with chemical equations, which symbolically present the starting materials, end products, and sometimes intermediate products and reaction conditions.

Chemical reactions happen at a characteristic reaction rate at a given temperature and chemical concentration. Typically, reaction rates increase with increasing temperature because there is more thermal energy available to reach the activation energy necessary for breaking bonds between atoms. Reactions may proceed in the forward or reverse direction until they go to completion or reach equilibrium. Reactions that proceed in the forward direction to approach equilibrium are often described as spontaneous and reduce the free energy if they occur at constant temperature and pressure. Non-spontaneous reactions require input of energy to go forward.

A reaction may be classified as redox in which oxidation and reduction occur or nonredox in which there is no oxidation and reduction occurring. Most simple redox reactions may be classified as combination, decomposition, or single displacement reactions.

Different chemical reactions are used during chemical synthesis in order to obtain a desired product. In biochemistry, a consecutive series of chemical reactions form metabolic pathways. These reactions are often catalyzed by protein enzymes. Enzymes increase the rates of biochemical reactions, so that metabolic syntheses and decompositions impossible under ordinary conditions can occur at the temperature and concentrations present within a cell.

The general concept of a chemical reaction has been extended to reactions between entities smaller than atoms, including nuclear reactions, radioactive decays, and reactions between elementary particles, as described by quantum field theory.",Human,wiki
Chemical synthesis,"As a topic of chemistry, chemical synthesis is the artificial execution of chemical reactions to obtain one or several products. This occurs by physical and chemical manipulations usually involving one or more reactions. In modern laboratory uses, the process is reproducible and reliable.

A chemical synthesis involves one or more compounds that will experience a transformation when subjected to certain conditions. Various reaction types can be applied to formulate a desired product. This requires mixing the compounds in a reaction vessel, such as a chemical reactor or a simple round-bottom flask. Many reactions require some form of processing or purification procedure to isolate the final product.

The amount produced by chemical synthesis is known as the reaction yield. Typically, yields are expressed as a mass in grams or as a percentage of the total theoretical quantity that could be produced based on the limiting reagent. A side reaction is an unwanted chemical reaction occurring which reduces the desired yield. The word synthesis was used first in a chemical context by the chemist Hermann Kolbe.",Human,wiki
Plastic,"Plastics are a wide range of synthetic or semi-synthetic materials that use polymers as a main ingredient. Their plasticity makes it possible for plastics to be moulded, extruded or pressed into solid objects of various shapes. This adaptability, plus a wide range of other properties, such as being lightweight, durable, flexible, and inexpensive to produce, has led to its widespread use. Plastics typically are made through human industrial systems. Most modern plastics are derived from fossil fuel-based chemicals like natural gas or petroleum; however, recent industrial methods use variants made from renewable materials, such as corn or cotton derivatives.

9.2 billion tonnes of plastic are estimated to have been made between 1950 and 2017. More than half this plastic has been produced since 2004. In 2020, 400 million tonnes of plastic were produced. If global trends on plastic demand continue, it is estimated that by 2050 annual global plastic production will reach over 1,100 million tonnes.

The success and dominance of plastics starting in the early 20th century has caused widespread environmental problems, due to their slow decomposition rate in natural ecosystems. Toward the end of the 20th century, the plastics industry promoted recycling in order to ease environmental concerns while continuing to produce virgin plastic and to push the responsibility of plastic pollution onto the consumer. The main companies producing plastics doubted the economic viability of recycling at the time, and the economic viability has never improved. Plastic collection and recycling is largely ineffective because of failures of contemporary complexity required in cleaning and sorting post-consumer plastics for effective reuse. Most plastic produced has not been reused, either being captured in landfills or persisting in the environment as plastic pollution. Plastic pollution can be found in all the world's major water bodies, for example, creating garbage patches in all of the world's oceans and contaminating terrestrial ecosystems. Of all the plastic discarded so far, some 14% has been incinerated and less than 10% has been recycled.

In developed economies, about a third of plastic is used in packaging and roughly the same in buildings in applications such as piping, plumbing or vinyl siding. Other uses include automobiles, furniture, and toys. In the developing world, the applications of plastic may differ; 42% of India's consumption is used in packaging. In the medical field, polymer implants and other medical devices are derived at least partially from plastic. Worldwide, about 50 kg of plastic is produced annually per person, with production doubling every ten years.

The world's first fully synthetic plastic was Bakelite, invented in New York in 1907, by Leo Baekeland, who coined the term ""plastics"". Dozens of different types of plastics are produced today, such as polyethylene, which is widely used in product packaging, and polyvinyl chloride, used in construction and pipes because of its strength and durability. Many chemists have contributed to the materials science of plastics, including Nobel laureate Hermann Staudinger, who has been called ""the father of polymer chemistry"" and Herman Mark, known as ""the father of polymer physics"".",Human,wiki
Alchemy,"Alchemy is an ancient branch of natural philosophy, a philosophical and protoscientific tradition that was historically practiced in China, India, the Muslim world, and Europe. In its Western form, alchemy is first attested in a number of pseudepigraphical texts written in Greco-Roman Egypt during the first few centuries AD.

Alchemists attempted to purify, mature, and perfect certain materials. Common aims were chrysopoeia, the transmutation of ""base metals"" into ""noble metals""; the creation of an elixir of immortality; and the creation of panaceas able to cure any disease. The perfection of the human body and soul was thought to result from the alchemical magnum opus. The concept of creating the philosophers' stone was variously connected with all of these projects.

Islamic and European alchemists developed a basic set of laboratory techniques, theories, and terms, some of which are still in use today. They did not abandon the Ancient Greek philosophical idea that everything is composed of four elements, and they tended to guard their work in secrecy, often making use of cyphers and cryptic symbolism. In Europe, the 12th-century translations of medieval Islamic works on science and the rediscovery of Aristotelian philosophy gave birth to a flourishing tradition of Latin alchemy. This late medieval tradition of alchemy would go on to play a significant role in the development of early modern science.

Modern discussions of alchemy are generally split into an examination of its exoteric practical applications and its esoteric spiritual aspects, despite criticisms by scholars such as Eric J. Holmyard and Marie-Louise von Franz that they should be understood as complementary. The former is pursued by historians of the physical sciences, who examine the subject in terms of early chemistry, medicine, and charlatanism, and the philosophical and religious contexts in which these events occurred. The latter interests historians of esotericism, psychologists, and some philosophers and spiritualists. The subject has also made an ongoing impact on literature and the arts.",Human,wiki
Chemistry,"Chemistry is the scientific study of the properties and behavior of matter. It is a natural science that covers the elements that make up matter to the compounds composed of atoms, molecules and ions: their composition, structure, properties, behavior and the changes they undergo during a reaction with other substances.

In the scope of its subject, chemistry occupies an intermediate position between physics and biology. It is sometimes called the central science because it provides a foundation for understanding both basic and applied scientific disciplines at a fundamental level. For example, chemistry explains aspects of plant growth, the formation of igneous rocks, how atmospheric ozone is formed and how environmental pollutants are degraded, the properties of the soil on the moon, how medications work, and how to collect DNA evidence at a crime scene.

Chemistry addresses topics such as how atoms and molecules interact via chemical bonds to form new chemical compounds. There are two types of chemical bonds:

- Primary chemical bonds, such as covalent bonds, in which atoms share one or more electron(s); ionic bonds, in which an atom donates one or more electrons to another atom to produce ions; metallic bonds
- Secondary chemical bonds, such as hydrogen bonds; Van der Waals force bonds; ion-ion interaction; ion-dipole interactions",Human,wiki
Covalent bond,"A covalent bond is a chemical bond that involves the sharing of electrons to form electron pairs between atoms. These electron pairs are known as shared pairs or bonding pairs, and the stable balance of attractive and repulsive forces between atoms, when they share electrons, is known as covalent bonding. For many molecules, the sharing of electrons allows each atom to attain the equivalent of a full valence shell, corresponding to a stable electronic configuration. In organic chemistry, covalent bonding is much more common than ionic bonding.

Covalent bonding also includes many kinds of interactions, including σ-bonding, π-bonding, metal-to-metal bonding, agostic interactions, bent bonds, three-center two-electron bonds and three-center four-electron bonds. The term covalent bond dates from 1939. The prefix co- means jointly, associated in action, partnered to a lesser degree, etc.; thus a ""co-valent bond"", in essence, means that the atoms share ""valence"", such as is discussed in valence bond theory.

In the molecule H
2, the hydrogen atoms share the two electrons via covalent bonding. Covalency is greatest between atoms of similar electronegativities. Thus, covalent bonding does not necessarily require that the two atoms be of the same elements, only that they be of comparable electronegativity. Covalent bonding that entails the sharing of electrons over more than two atoms is said to be delocalized.",Human,wiki
Periodic table,"The periodic table, also known as the periodic table of the elements, is a tabular display of the chemical elements. It is widely used in chemistry, physics, and other sciences, and is generally seen as an icon of chemistry. It is a graphic formulation of the periodic law, which states that the properties of the chemical elements exhibit an approximate periodic dependence on their atomic numbers. The table is divided into four roughly rectangular areas called blocks. The rows of the table are called periods, and the columns are called groups. Elements from the same column group of the periodic table show similar chemical characteristics. Trends run through the periodic table, with nonmetallic character increasing from left to right across a period, and from down to up across a group, and metallic character increasing in the opposite direction. The underlying reason for these trends is electron configurations of atoms. The periodic table exclusively lists electrically neutral atoms that have an equal number of positively charged protons and negatively charged electrons and puts isotopes at the same place. Other atoms, like nuclides and isotopes, are graphically collected in other tables like the tables of nuclides.

The first periodic table to become generally accepted was that of the Russian chemist Dmitri Mendeleev in 1869: he formulated the periodic law as a dependence of chemical properties on atomic mass. Because not all elements were then known, there were gaps in his periodic table, and Mendeleev successfully used the periodic law to predict properties of some of the missing elements. The periodic law was recognized as a fundamental discovery in the late 19th century, and it was explained with the discovery of the atomic number and pioneering work in quantum mechanics of the early 20th century that illuminated the internal structure of the atom. With Glenn T. Seaborg's 1945 discovery that the actinides were in fact f-block rather than d-block elements, a recognisably modern form of the table was reached. The periodic table and law are now a central and indispensable part of modern chemistry.

The periodic table continues to evolve with the progress of science. In nature, only elements up to atomic number 94 exist; to go further, it was necessary to synthesise new elements in the laboratory. Today, all the first 118 elements are known, completing the first seven rows of the table, but chemical characterisation is still needed for the heaviest elements to confirm that their properties match their positions. It is not yet known how far the table will stretch beyond these seven rows and whether the patterns of the known part of the table will continue into this unknown region. Some scientific discussion also continues regarding whether some elements are correctly positioned in today's table. Many alternative representations of the periodic law exist, and there is some discussion as to whether there is an optimal form of the periodic table.",Human,wiki
Marie Curie,"Marie Salomea Skłodowska–Curie was a Polish and naturalized-French physicist and chemist who conducted pioneering research on radioactivity. She was the first woman to win a Nobel Prize, the first person and the only woman to win the Nobel Prize twice, and the only person to win the Nobel Prize in two scientific fields. Her husband, Pierre Curie, was a co-winner on her first Nobel Prize, making them the first ever married couple to win the Nobel Prize and launching the Curie family legacy of five Nobel Prizes. She was, in 1906, the first woman to become a professor at the University of Paris.

She was born in Warsaw, in what was then the Kingdom of Poland, part of the Russian Empire. She studied at Warsaw's clandestine Flying University and began her practical scientific training in Warsaw. In 1891, aged 24, she followed her elder sister Bronisława to study in Paris, where she earned her higher degrees and conducted her subsequent scientific work. In 1895 she married the French physicist Pierre Curie, and she shared the 1903 Nobel Prize in Physics with him and with the physicist Henri Becquerel for their pioneering work developing the theory of ""radioactivity""—a term she coined. In 1906 Pierre Curie died in a Paris street accident. Marie won the 1911 Nobel Prize in Chemistry for her discovery of the elements polonium and radium, using techniques she invented for isolating radioactive isotopes.

Under her direction, the world's first studies were conducted into the treatment of neoplasms by the use of radioactive isotopes. In 1920 she founded the Curie Institute in Paris, and in 1932 the Curie Institute in Warsaw; both remain major centres of medical research. During World War I she developed mobile radiography units to provide X-ray services to field hospitals.

While a French citizen, Marie Skłodowska Curie, who used both surnames, never lost her sense of Polish identity. She taught her daughters the Polish language and took them on visits to Poland. She named the first chemical element she discovered polonium, after her native country.

Marie Curie died in 1934, aged 66, at the Sancellemoz sanatorium in Passy, France, of aplastic anemia from exposure to radiation in the course of her scientific research and in the course of her radiological work at field hospitals during World War I. In addition to her Nobel Prizes, she has received numerous other honours and tributes; in 1995 she became the first woman to be entombed on her own merits in the Paris Panthéon, and Poland declared 2011 the Year of Marie Curie during the International Year of Chemistry. She is the subject of numerous biographical works, where she is also known as Madame Curie.",Human,wiki
National Basketball Association,"The National Basketball Association is a professional basketball league in North America. The league is composed of 30 teams and is one of the major professional sports leagues in the United States and Canada. It is the premier men's professional basketball league in the world.

The league was founded in New York City on June 6, 1946, as the Basketball Association of America. It changed its name to the National Basketball Association on August 3, 1949, after merging with the competing National Basketball League. In 1976, the NBA and the American Basketball Association merged, adding four franchises to the NBA. The NBA's regular season runs from October to April, with each team playing 82 games. The league's playoff tournament extends into June. As of 2020, NBA players are the world's best paid athletes by average annual salary per player.

The NBA is an active member of USA Basketball, which is recognized by the FIBA as the national governing body for basketball in the United States. The league's several international as well as individual team offices are directed out of its head offices in Midtown Manhattan, while its NBA Entertainment and NBA TV studios are directed out of offices located in Secaucus, New Jersey. In North America, the NBA is the third wealthiest professional sport league after the National Football League and Major League Baseball by revenue, and among the top four in the world.

The Boston Celtics and the Los Angeles Lakers are tied with the most NBA championships at 17 each. The Golden State Warriors are the defending league champions, as they defeated the Boston Celtics 4–2 in the 2022 NBA Finals.",Human,wiki
Resurrection of Jesus,"The resurrection of Jesus is the Christian founding myth that God raised Jesus on the third day after his crucifixion, starting – or restoring – his exalted life as Christ and Lord. According to the New Testament writing, Jesus was firstborn from the dead, ushering in the Kingdom of God. He appeared to his disciples, calling the apostles to the Great Commission of proclaiming the Gospel of eternal salvation through his death and resurrection, and ascended to Heaven.

For the Christian tradition, the bodily resurrection was the restoration to life of a transformed body powered by spirit, as described by Paul and the Gospel authors, that led to the establishment of Christianity. For Christians, his resurrection is the guarantee that all the Christian dead will be resurrected at Christ's parousia. In Christian theology, the death and resurrection of Jesus are the most important events, the foundation of the Christian faith, as commemorated by Easter.

In secular and liberal Christian scholarship, the post-resurrection appearances of Jesus are explained as visionary experiences, which gave the impetus to the belief in the exaltation of Jesus, and a resumption of the missionary activity of Jesus' followers.",Human,wiki
Permafrost,"Permafrost is ground that continuously remains below 0 °C for two or more years, located on land or under the ocean. Most common in the Northern Hemisphere, around 15% of the Northern Hemisphere or 11% of the global surface is underlain by permafrost, with the total area of around 18 million km2. This includes substantial areas of Alaska, Greenland, Canada and Siberia. It can also be located on mountaintops in the Southern Hemisphere and beneath ice-free areas in the Antarctic.

Permafrost does not have to be the first layer that is on the ground. It can be from an inch to several miles deep under the Earth's surface. It frequently occurs in ground ice, but it can also be present in non-porous bedrock. Permafrost is formed from ice holding various types of soil, sand, and rock in combination.

Permafrost contains large amounts of biomass and decomposed biomass that has been stored as methane and carbon dioxide, making tundra soil a carbon sink. As global warming heats the ecosystem and causes soil thawing, the permafrost carbon cycle accelerates and releases much of these soil-contained greenhouse gases into the atmosphere, creating a feedback cycle that increases climate change. Thawing of permafrost is one of the effects of climate change. While emissions from thawing permafrost will be significant enough to lead to additional warming, they will likely not be enough to trigger a self-reinforcing feedback leading to ""runaway warming"".",Human,wiki
Rock (geology),"In geology, rock is any naturally occurring solid mass or aggregate of minerals or mineraloid matter. It is categorized by the minerals included, its chemical composition, and the way in which it is formed. Rocks form the Earth's outer solid layer, the crust, and most of its interior, except for the liquid outer core and pockets of magma in the asthenosphere. The study of rocks involves multiple subdisciplines of geology, including petrology and mineralogy. It may be limited to rocks found on Earth, or it may include planetary geology that studies the rocks of other celestial objects.

Rocks are usually grouped into three main groups: igneous rocks, sedimentary rocks and metamorphic rocks. Igneous rocks are formed when magma cools in the Earth's crust, or lava cools on the ground surface or the seabed. Sedimentary rocks are formed by diagenesis and lithification of sediments, which in turn are formed by the weathering, transport, and deposition of existing rocks. Metamorphic rocks are formed when existing rocks are subjected to such high pressures and temperatures that they are transformed without significant melting.

Humanity has made use of rocks since the earliest humans. This early period, called the Stone Age, saw the development of many stone tools. Stone was then used as a major component in the construction of buildings and early infrastructure. Mining developed to extract rocks from the Earth and obtain the minerals within them, including metals. Modern technology has allowed the development of new man-made rocks and rock-like substances, such as concrete.",Human,wiki
Music of ancient Greece,"Music was almost universally present in ancient Greek society, from marriages, funerals, and religious ceremonies to theatre, folk music, and the ballad-like reciting of epic poetry. It thus played an integral role in the lives of ancient Greeks. There are some fragments of actual Greek musical notation, many literary references, depictions on ceramics and relevant archaeological remains, such that some things can be known—or reasonably surmised—about what the music sounded like, the general role of music in society, the economics of music, the importance of a professional caste of musicians, etc.

The word music comes from the Muses, the daughters of Zeus and patron goddesses of creative and intellectual endeavours.

Concerning the origin of music and musical instruments: the history of music in ancient Greece is so closely interwoven with Greek mythology and legend that it is often difficult to surmise what is historically true and what is myth. The music and music theory of ancient Greece laid the foundation for western music and western music theory, as it would go on to influence the ancient Romans, the early Christian church and the medieval composers. Our understanding of ancient Greek music theory, musical systems, and musical ethos comes almost entirely from the surviving teachings of the Pythagoreans, Ptolemy, Philodemus, Aristoxenus, Aristides, and Plato.

Some ancient Greek philosophers discussed the study of music in ancient Greece. Pythagoras in particular believed that music was subject to the same mathematical laws of harmony as the mechanics of the cosmos, evolving into an idea known as the music of the spheres. The Pythagoreans focused on the mathematics and the acoustical science of sound and music. They developed tuning systems and harmonic principles that focused on simple integers and ratios, laying a foundation for acoustic science; however, this was not the only school of thought in ancient Greece. Aristoxenus, who wrote a number of musicological treatises, for example, studied music with a more empirical tendency. Aristoxenus believed that intervals should be judged by ear instead of mathematical ratios, though Aristoxenus was influenced by Pythagoras and used mathematics terminology and measurements in his research.",Human,wiki
Madonna,"Madonna Louise Ciccone is an American singer, songwriter, and actress. Referred to as the ""Queen of Pop"", Madonna is noted for her continual reinvention and versatility in music production, songwriting, and visual presentation. She has pushed the boundaries of artistic expression in mainstream music, while maintaining control over every aspect of her career. Her works, which incorporate social, political, sexual, and religious themes, have generated both controversy and critical acclaim. A prominent cultural figure crossing the 20th and 21st centuries, Madonna remains one of the most ""well-documented figures of the modern age"", with a broad amount of scholarly reviews and literature works on her, as well as an academic mini subdiscipline devoted to her named Madonna studies.

Madonna moved to New York City in 1978 to pursue a career in modern dance. After performing as a drummer, guitarist, and vocalist in the rock bands Breakfast Club and Emmy, she rose to solo stardom with her debut studio album, Madonna. She followed it with a series of successful albums, including all-time bestsellers Like a Virgin, True Blue and The Immaculate Collection as well as Grammy Award winners Ray of Light and Confessions on a Dance Floor. Madonna has amassed many chart-topping singles throughout her career, including ""Like a Virgin"", ""La Isla Bonita"", ""Like a Prayer"", ""Vogue"", ""Take a Bow"", ""Frozen"", ""Music"", ""Hung Up"", and ""4 Minutes"".

Madonna's popularity was enhanced by roles in films such as Desperately Seeking Susan, Dick Tracy, A League of Their Own, and Evita. While the lattermost won her a Golden Globe Award for Best Actress, many of her other films received poor reviews. As a businesswoman, Madonna founded the company Maverick in 1992. It included Maverick Records, one of the most successful artist-run labels in history. Her other ventures include fashion brands, written works, health clubs, and filmmaking. She contributes to various charities, having founded the Ray of Light Foundation in 1998 and Raising Malawi in 2006.

With sales of over 300 million records worldwide, Madonna is the best-selling female recording artist of all time. She is the most successful solo artist in the history of the U.S. Billboard Hot 100 chart and has achieved the most number-one singles by a woman in Australia, Canada, Italy, Spain, and the United Kingdom. With a revenue of over U.S. $1.5 billion from her concert tickets, she remains the highest-grossing female touring artist worldwide. Forbes has named Madonna the annual top-earning female musician a record 11 times across four decades. She was inducted into the Rock and Roll Hall of Fame in 2008, her first year of eligibility. Madonna was ranked as the greatest woman in music by VH1, and as the greatest music video artist ever by MTV and Billboard. Rolling Stone also listed her among its greatest artists and greatest songwriters of all time.",Human,wiki
Techno,"Techno is a genre of electronic dance music which is generally produced for use in a continuous DJ set, with tempo often varying between 120 and 150 beats per minute. The central rhythm is typically in common time and often characterized by a repetitive four on the floor beat. Artists may use electronic instruments such as drum machines, sequencers, and synthesizers, as well as digital audio workstations. Drum machines from the 1980s such as Roland's TR-808 and TR-909 are highly prized, and software emulations of such retro instruments are popular.

Much of the instrumentation in techno emphasizes the role of rhythm over other musical parameters. Techno tracks mainly progress over manipulation of timbral characteristics of synthesizer presets and, unlike forms of EDM that tend to be produced with synthesizer keyboards, techno does not always strictly adhere to the harmonic practice of Western music and such structures are often ignored in favor of timbral manipulation alone. Another distinguishing feature of techno music and techno aesthetic is the general embracement of creative use of music production technology.

Use of the term ""techno"" to refer to a type of electronic music originated in Germany in the early 1980s. In 1988, following the UK release of the compilation Techno! The New Dance Sound of Detroit, the term came to be associated with a form of EDM produced in Detroit. Detroit techno resulted from the melding of synth-pop by artists such as Kraftwerk, Giorgio Moroder and Yellow Magic Orchestra with African American styles such as house, electro, and funk. Added to this is the influence of futuristic and science-fiction themes relevant to life in American late capitalist society, with Alvin Toffler's book The Third Wave a notable point of reference. The music produced in the mid-to-late 1980s by Juan Atkins, Derrick May, and Kevin Saunderson, along with Eddie Fowlkes, Blake Baxter, James Pennington and others is viewed as the first wave of techno from Detroit.

After the success of house music in a number of European countries, techno grew in popularity in the UK, Germany, Belgium and the Netherlands. In Europe regional variants quickly evolved and by the early 1990s techno subgenres such as acid, hardcore, bleep, ambient, and dub techno had developed. Music journalists and fans of techno are generally selective in their use of the term, so a clear distinction can be made between sometimes related but often qualitatively different styles, such as tech house and trance.",Human,wiki
Graphics processing unit,"A graphics processing unit is a specialized electronic circuit designed to manipulate and alter memory to accelerate the creation of images in a frame buffer intended for output to a display device. GPUs are used in embedded systems, mobile phones, personal computers, workstations, and game consoles.

Modern GPUs are efficient at manipulating computer graphics and image processing. Their parallel structure makes them more efficient than general-purpose central processing units for algorithms that process large blocks of data in parallel. In a personal computer, a GPU can be present on a video card or embedded on the motherboard. In some CPUs, they are embedded on the CPU die.

In the 1970s, the term ""GPU"" originally stood for graphics processor unit and described a programmable processing unit independently working from the CPU and responsible for graphics manipulation and output. Later, in 1994, Sony used the term in reference to the PlayStation console's Toshiba-designed Sony GPU in 1994. The term was popularized by Nvidia in 1999, who marketed the GeForce 256 as ""the world's first GPU"". It was presented as a ""single-chip processor with integrated transform, lighting, triangle setup/clipping, and rendering engines"". Rival ATI Technologies coined the term ""visual processing unit"" or VPU with the release of the Radeon 9700 in 2002.",Human,wiki
Diatom,"Diatom refers to any member of a large group comprising several genera of algae, specifically microalgae, found in the oceans, waterways and soils of the world. Living diatoms make up a significant portion of the Earth's biomass: they generate about 20 to 50 percent of the oxygen produced on the planet each year, take in over 6.7 billion metric tons of silicon each year from the waters in which they live, and constitute nearly half of the organic material found in the oceans. The shells of dead diatoms can reach as much as a half-mile deep on the ocean floor, and the entire Amazon basin is fertilized annually by 27 million tons of diatom shell dust transported by transatlantic winds from the African Sahara, much of it from the Bodélé Depression, which was once made up of a system of fresh-water lakes.

Diatoms are unicellular organisms: they occur either as solitary cells or in colonies, which can take the shape of ribbons, fans, zigzags, or stars. Individual cells range in size from 2 to 200 micrometers. In the presence of adequate nutrients and sunlight, an assemblage of living diatoms doubles approximately every 24 hours by asexual multiple fission; the maximum life span of individual cells is about six days. Diatoms have two distinct shapes: a few are radially symmetric, while most are broadly bilaterally symmetric. A unique feature of diatom anatomy is that they are surrounded by a cell wall made of silica, called a frustule. These frustules have structural coloration due to their photonic nanostructure, prompting them to be described as ""jewels of the sea"" and ""living opals"". Movement in diatoms primarily occurs passively as a result of both ocean currents and wind-induced water turbulence; however, male gametes of centric diatoms have flagella, permitting active movement for seeking female gametes. Similar to plants, diatoms convert light energy to chemical energy by photosynthesis, but their chloroplasts were acquired in different ways.

Unusually for autotrophic organisms, diatoms possess a urea cycle, a feature that they share with animals, although this cycle is used to different metabolic ends in diatoms. The family Rhopalodiaceae also possess a cyanobacterial endosymbiont called a spheroid body. This endosymbiont has lost its photosynthetic properties, but has kept its ability to perform nitrogen fixation, allowing the diatom to fix atmospheric nitrogen. Other diatoms in symbiosis with nitrogen-fixing cyanobacteria are among the genera Hemiaulus, Rhizosolenia and Chaetoceros.

Dinotoms are diatoms that have become endosymbionts inside dinoflagellates. Research on the dinoflagellates Durinskia baltica and Glenodinium foliaceum have shown that the endosymbiont event happened so recently evolutionary speaking that their organelles and genome are still intact with minimum to no gene loss. The main difference between these and free living diatoms is that they have lost their cell wall of silica, making them the only known shell-less diatoms.

The study of diatoms is a branch of phycology. Diatoms are classified as eukaryotes, organisms with a nuclear envelope-bound cell nucleus, that separates them from the prokaryotes archaea and bacteria. Diatoms are a type of plankton called phytoplankton, the most common of the plankton types. Diatoms also grow attached to benthic substrates, floating debris, and on macrophytes. They comprise an integral component of the periphyton community. Another classification divides plankton into eight types based on size: in this scheme, diatoms are classed as microalgae. Several systems for classifying the individual diatom species exist.

Fossil evidence suggests that diatoms originated during or before the early Jurassic period, which was about 150 to 200 million years ago. The oldest fossil evidence for diatoms is a specimen of extant genus Hemiaulus in Late Jurassic aged amber from Thailand.

Diatoms are used to monitor past and present environmental conditions, and are commonly used in studies of water quality. Diatomaceous earth is a collection of diatom shells found in the earth's crust. They are soft, silica-containing sedimentary rocks which are easily crumbled into a fine powder and typically have a particle size of 10 to 200 μm. Diatomaceous earth is used for a variety of purposes including for water filtration, as a mild abrasive, in cat litter, and as a dynamite stabilizer.",Human,wiki
Species,"In biology, a species is the basic unit of classification and a taxonomic rank of an organism, as well as a unit of biodiversity. A species is often defined as the largest group of organisms in which any two individuals of the appropriate sexes or mating types can produce fertile offspring, typically by sexual reproduction. Other ways of defining species include their karyotype, DNA sequence, morphology, behaviour or ecological niche. In addition, paleontologists use the concept of the chronospecies since fossil reproduction cannot be examined.

The most recent rigorous estimate for the total number of species of eukaryotes is between 8 and 8.7 million. However, only about 14% of these had been described by 2011.

All species are given a two-part name, a ""binomial"". The first part of a binomial is the genus to which the species belongs. The second part is called the specific name or the specific epithet. For example, Boa constrictor is one of the species of the genus Boa, with constrictor being the species' epithet.

While the definitions given above may seem adequate at first glance, when looked at more closely they represent problematic species concepts. For example, the boundaries between closely related species become unclear with hybridisation, in a species complex of hundreds of similar microspecies, and in a ring species. Also, among organisms that reproduce only asexually, the concept of a reproductive species breaks down, and each clone is potentially a microspecies. Although none of these are entirely satisfactory definitions, and while the concept of species may not be a perfect model of life, it is still an incredibly useful tool to scientists and conservationists for studying life on Earth, regardless of the theoretical difficulties. If species were fixed and clearly distinct from one another, there would be no problem, but evolutionary processes cause species to change. This obliges taxonomists to decide, for example, when enough change has occurred to declare that a lineage should be divided into multiple chronospecies, or when populations have diverged to have enough distinct character states to be described as cladistic species.

Species were seen from the time of Aristotle until the 18th century as fixed categories that could be arranged in a hierarchy, the great chain of being. In the 19th century, biologists grasped that species could evolve given sufficient time. Charles Darwin's 1859 book On the Origin of Species explained how species could arise by natural selection. That understanding was greatly extended in the 20th century through genetics and population ecology. Genetic variability arises from mutations and recombination, while organisms themselves are mobile, leading to geographical isolation and genetic drift with varying selection pressures. Genes can sometimes be exchanged between species by horizontal gene transfer; new species can arise rapidly through hybridisation and polyploidy; and species may become extinct for a variety of reasons. Viruses are a special case, driven by a balance of mutation and selection, and can be treated as quasispecies.",Human,wiki
Kami,"Kami are the deities, divinities, spirits, phenomena or ""holy powers"", that are venerated in the religion of Shinto. They can be elements of the landscape, forces of nature, or beings and the qualities that these beings express; they can also be the spirits of venerated dead people. Many kami are considered the ancient ancestors of entire clans. Traditionally, great leaders like the Emperor could be or became kami.

In Shinto, kami are not separate from nature, but are of nature, possessing positive and negative, and good and evil characteristics. They are manifestations of musubi, the interconnecting energy of the universe, and are considered exemplary of what humanity should strive towards. Kami are believed to be ""hidden"" from this world, and inhabit a complementary existence that mirrors our own: shinkai.: 22  To be in harmony with the awe-inspiring aspects of nature is to be conscious of kannagara no michi.",Human,wiki
Constitution,"A constitution is the aggregate of fundamental principles or established precedents that constitute the legal basis of a polity, organisation or other type of entity and commonly determine how that entity is to be governed.

When these principles are written down into a single document or set of legal documents, those documents may be said to embody a written constitution; if they are encompassed in a single comprehensive document, it is said to embody a codified constitution. The Constitution of the United Kingdom is a notable example of an uncodified constitution; it is instead written in numerous fundamental Acts of a legislature, court cases or treaties.

Constitutions concern different levels of organizations, from sovereign countries to companies and unincorporated associations. A treaty which establishes an international organization is also its constitution, in that it would define how that organization is constituted. Within states, a constitution defines the principles upon which the state is based, the procedure in which laws are made and by whom. Some constitutions, especially codified constitutions, also act as limiters of state power, by establishing lines which a state's rulers cannot cross, such as fundamental rights.

The Constitution of India is the longest written constitution of any country in the world, with 146,385 words in its English-language version, while the Constitution of Monaco is the shortest written constitution with 3,814 words. The Constitution of San Marino might be the world's oldest active written constitution, since some of its core documents have been in operation since 1600, while the Constitution of the United States is the oldest active codified constitution. The historical life expectancy of a constitution since 1789 is approximately 19 years.",Human,wiki
Electronegativity,"Electronegativity, symbolized as χ, is the tendency for an atom of a given chemical element to attract shared electrons when forming a chemical bond. An atom's electronegativity is affected by both its atomic number and the distance at which its valence electrons reside from the charged nucleus. The higher the associated electronegativity, the more an atom or a substituent group attracts electrons. Electronegativity serves as a simple way to quantitatively estimate the bond energy, and the sign and magnitude of a bond's chemical polarity, which characterizes a bond along the continuous scale from covalent to ionic bonding. The loosely defined term electropositivity is the opposite of electronegativity: it characterizes an element's tendency to donate valence electrons.

On the most basic level, electronegativity is determined by factors like the nuclear charge and the number and location of other electrons in the atomic shells.

The term ""electronegativity"" was introduced by Jöns Jacob Berzelius in 1811, though the concept was known before that and was studied by many chemists including Avogadro. In spite of its long history, an accurate scale of electronegativity was not developed until 1932, when Linus Pauling proposed an electronegativity scale which depends on bond energies, as a development of valence bond theory. It has been shown to correlate with a number of other chemical properties. Electronegativity cannot be directly measured and must be calculated from other atomic or molecular properties. Several methods of calculation have been proposed, and although there may be small differences in the numerical values of the electronegativity, all methods show the same periodic trends between elements.

The most commonly used method of calculation is that originally proposed by Linus Pauling. This gives a dimensionless quantity, commonly referred to as the Pauling scale, on a relative scale running from 0.79 to 3.98. When other methods of calculation are used, it is conventional to quote the results on a scale that covers the same range of numerical values: this is known as an electronegativity in Pauling units.

As it is usually calculated, electronegativity is not a property of an atom alone, but rather a property of an atom in a molecule. Even so, the electronegativity of an atom is strongly correlated with the first ionization energy, and negatively correlated with the electron affinity. It is to be expected that the electronegativity of an element will vary with its chemical environment, but it is usually considered to be a transferable property, that is to say that similar values will be valid in a variety of situations.

Caesium is the least electronegative element; fluorine is the most.",Human,wiki
Quarter of Americans Injure Themselves Grooming Their Pubic Hair,"A new study has revealed that a quarter of Americans who groom their pubic hair suffer from injuries during the process. The study, published in the journal JAMA Dermatology, found that both men and women have injured themselves while trimming or shaving their pubic hair.

The study was conducted on a sample of 7,570 adults aged between 18 and 65. Of those, 24 percent reported injuring themselves while grooming their pubic hair in the past year. Men were more likely to get injured than women, with 27 percent of men and 21 percent of women reporting injuries.

The most common injuries reported were razor burn, cuts, and irritation, with more serious injuries such as genital bleeding also reported. The study found that those who groomed their pubic hair more frequently were more likely to sustain an injury, and that the use of a razor was associated with a higher risk of injury than other grooming methods such as trimming or waxing.

The study also found that younger adults, aged between 18 and 24, were more likely to injure themselves while grooming their pubic hair. This suggests that younger people may be less experienced with grooming and may be more prone to making mistakes.

The lead author of the study, Dr. Benjamin Breyer, a urologist and assistant professor of urology at the University of California, San Francisco, said that the findings highlight the importance of education and safety when it comes to pubic hair grooming.

“Pubic hair grooming is a common practice, but it can result in injuries that are concerning,” said Breyer. “It’s important for people to be aware of the risks and take proper precautions to avoid injuries.”

Breyer suggests using a trimmer instead of a razor and taking your time to avoid cuts and other injuries. If you do get injured, he advises seeking medical attention if the injury is severe or if it does not heal within a few days.

The study has shone a light on the potential dangers of pubic hair grooming, opening up a conversation about safety and education when it comes to this common practice. It’s clear that more needs to be done to raise awareness of the risks and help people stay safe while grooming their pubic hair.",AI,news
"Ultra-Cold Gases Offer Window Into Extra Dimensions, According to New Theory","A new theory suggests that ultra-cold gases could provide a glimpse into the existence of extra dimensions beyond the three we experience in our daily lives.

The concept of extra dimensions is a fundamental idea in physics, but one that is difficult to prove. Physicists have been searching for evidence of extra dimensions for decades, but so far, none has been found.

However, according to a new paper published in the journal Physical Review Letters, ultra-cold gases could provide a promising avenue for investigating the possibility of extra dimensions.

The idea is based on the fact that ultra-cold gases can be used as model systems to study the behavior of certain quantum particles. Specifically, the researchers suggest that by observing the dynamics of certain types of ultra-cold gases, they may be able to detect the effects of extra dimensions on the behavior of these particles.

The researchers propose that, in the presence of extra dimensions, quantum particles would behave in a certain way that would be detectable in ultra-cold gases.

While the theory is still in its early stages, the researchers hope that their work could lead to new experiments that could provide evidence for the existence of extra dimensions.

If their theory is proven correct, it could have major implications for our understanding of the universe and the fundamental laws of physics. It could also provide a new way to test theories that go beyond the current standard model of particle physics.

For now, however, the researchers are continuing to explore the potential implications of their theory and are working to develop new experiments to test their ideas. The study is yet another step towards unlocking the secrets of the universe and expanding our understanding of its underlying structure.",AI,news
One in five deaths worldwide linked to unhealthy diet,"According to a new study published in The Lancet, about one in five deaths worldwide can be attributed to an unhealthy diet, making it a leading risk factor for premature mortality. The research showed that poor diets caused 11 million deaths, higher than smoking and high blood pressure.

The study, led by the Institute of Health Metrics and Evaluation at the University of Washington, analyzed data from 195 countries to determine the impact of dietary habits on health. The findings reveal that a high intake of red and processed meat, sugar-sweetened beverages, and sodium, along with a low intake of fruits, vegetables, nuts, and whole grains, was associated with an increased risk of death from cardiovascular disease, cancer, and other diet-related diseases.

As per the report, sugary beverages caused the most deaths, followed by diets high in sodium and low in whole grains, fruits, and vegetables. The study also found that the burden of diet-related deaths was higher in low- and middle-income countries, where access to healthy food options is limited.

The study’s lead author, Dr. Ashkan Afshin, said that the findings highlight the urgent need for policies to promote healthier eating patterns and reduce the consumption of unhealthy foods. “The current diet in most countries is suboptimal and represents a clear and present danger to human health,” he added.

Several organizations have already taken steps to address unhealthy diets and promote healthy eating habits. For instance, the World Health Organization has launched its Global Action Plan for the Prevention and Control of Noncommunicable Diseases, which includes measures to reduce salt intake, promote physical activity, and increase access to healthy foods. In addition, some countries have introduced sugar taxes on sugary beverages and implemented policies to encourage the consumption of fruits and vegetables.

Given the detrimental effects of an unhealthy diet on public health, experts suggest that more needs to be done to improve dietary habits worldwide. Dr. Christopher Murray, the director of the Institute of Health Metrics and Evaluation, said that the new study should serve as a wake-up call for policymakers and the public to take action. “Suboptimal diets are responsible for more deaths and morbidity than any other behavioral risk factors globally,” he said. “Our findings should motivate policymakers and public health officials to act urgently to address this issue.”",AI,news
Predators use big second period to beat Kings,"Nashville, TN - The Predators dominated the Kings with a big second period surge, leading to a 3-1 victory on Tuesday night.

The Kings had high hopes coming into the game, looking to build on their three-game winning streak. However, Nashville's offense proved too much for the Kings' defense to handle.

The Predators opened the scoring early in the first period when Filip Forsberg found the back of the net. However, the Kings quickly responded to tie the game before the end of the period with a goal from Anze Kopitar.

But the second period was all Nashville. Within the first three minutes, Roman Josi and Ryan Johansen scored back-to-back goals to give the Predators a 3-1 lead.

The Kings scrambled to recover, but Nashville's defense held strong, shutting down any scoring opportunities. Goalie Juuse Saros was on fire, making 27 saves to secure the Predators' win.

After the game, Predators head coach John Hynes praised his team's performance, stating, ""It was a great effort by the entire team. We played solid defense and capitalized on our scoring chances. That's the kind of effort we need to see every night.""

On the other hand, Kings head coach Todd McLellan was disappointed with his team's performance, saying, ""Overall, we just didn't play well enough. We weren't getting enough shots on goal, and we made too many mistakes on defense.""

The Predators will look to carry their momentum into their next game against the Red Wings on Thursday, while the Kings will try to bounce back against the Blues on Wednesday.

Overall, it was an impressive display of skill and teamwork by the Predators, solidifying their place as one of the top teams in the league.",AI,news
Brain drainage system could contribute to Alzheimer's and MS,"Scientists have discovered a possible link between the brain's drainage system and the development of neurodegenerative diseases such as Alzheimer's and multiple sclerosis (MS).

The lymphatic system is responsible for removing waste and other substances from the body, including the brain. The brain's lymphatic vessels were only recently discovered, and scientists are now exploring their potential role in brain health.

Researchers at the University of Virginia School of Medicine have found that a malfunction in the brain's lymphatic vessels could contribute to the development of neurodegenerative diseases. They discovered that when the vessels were not functioning properly, toxic proteins accumulated in the brain, leading to inflammation and damage.

""We believe that if the lymphatic drainage system isn't working properly, it could contribute to a buildup of toxic substances in the brain, which could lead to a variety of conditions such as Alzheimer's and MS,"" said researcher Jonathan Kipnis.

The lymphatic system could also be a target for future treatments of these diseases. ""If we can find ways to enhance the lymphatic drainage system, we may be able to prevent the accumulation of toxic substances in the brain and slow down or even halt the progression of neurodegenerative diseases,"" Kipnis said.

These findings have the potential to revolutionize the way we approach the treatment and prevention of neurodegenerative diseases. While more research is needed, the discovery of the brain's lymphatic vessels and their role in brain health could lead to new therapies and improved outcomes for those suffering from these devastating diseases.",AI,news
"Trump intervention delaying EPA biofuel waiver action, sources say","Sources within the Environmental Protection Agency (EPA) have informed the press that an intervention by President Donald Trump is delaying the process for granting biofuel waiver requests made by the oil industry. 

These waiver requests are made by refineries seeking relief from their obligation to blend ethanol into their fuel, as required by the Renewable Fuel Standard (RFS). 

According to the sources, the EPA was prepared to grant the waivers, which would have exempted about 1 billion gallons of fuel, but President Trump personally intervened to prevent the decision from being made. 

The President's intervention reportedly came after Republican Senators from major ethanol-producing states, including Iowa and Nebraska, urged him to reconsider the plan to grant the waivers. 

The news of the delay has been met with mixed reactions. Ethanol industry leaders have praised the decision, arguing that it protects the integrity of the RFS and ensures that biofuels remain a key component of the nation's fuel supply. 

However, representatives from the oil industry have criticized the move, saying that the RFS is outdated and imposes unnecessary costs on the refining sector. 

The issue of biofuel waivers has been a controversial one, with the two industries often at odds over the best path forward. The Trump administration's handling of the matter has only served to exacerbate tensions between the two sides. 

At this point, it is unclear when the EPA will make a decision on the biofuel waivers, or if the delay will lead to a change in the agency's position. Some observers believe that the issue may ultimately need to be resolved in Congress, with lawmakers on both sides of the aisle weighing in on the matter. 

For now, the impasse represents just the latest challenge facing the biofuels industry, which has struggled with regulatory uncertainty, market volatility, and changing consumer preferences in recent years. 

As the debate over biofuel waivers continues, stakeholders from both sides will be closely watching the actions of the EPA and other decision-makers in Washington to see how this issue ultimately plays out.",AI,news
Britain's Olympic champion Yarnold has successful back surgery,"Britain's Olympic gold medalist in the skeleton, Lizzy Yarnold, has undergone successful back surgery to relieve her chronic pain. The 32-year-old athlete had been struggling with the issue for several years, which caused her to miss the entire 2019/20 season.

The surgery took place on Monday, August 9, and was carried out by an experienced medical team. Yarnold revealed that it was a complex procedure that took several hours to complete, but she is thrilled that it was successful, and the pain has significantly reduced.

""I am delighted to report that my surgery was successful, and I am feeling optimistic about my recovery,"" said Yarnold. ""This has been a long and difficult journey, but I am grateful to my medical team for their expertise and dedication.""

Yarnold's back problem had become a significant issue in recent years, and it had even threatened to end her career prematurely. However, the gritty athlete remained determined to return to competitive action, and she has set her sights on the 2022 Winter Olympics in Beijing.

""I am focused on my rehabilitation and returning to form as soon as possible,"" said the athlete. ""I know it won't be easy, but I am determined to give it my all and compete at the highest level once again.""

Yarnold became the first British athlete to win the Olympic skeleton title at the 2014 Sochi Winter Olympics. She then went on to defend her title at the 2018 Pyeongchang Winter Olympics, becoming the first woman to achieve such a feat in the sport.

Fans and fellow athletes of Yarnold's have wished her a speedy recovery and looked forward to seeing her back on the track soon. Her talent, resilience, and dedication have earned her respect and admiration not only in the UK but across the world.

In summary, Britain's two-time Olympic skeleton gold medalist Yarnold has had a successful back surgery which was carried out to relieve her chronic pain. Yarnold looks forward to bouncing back and representing her country at the 2022 Winter Olympics in Beijing.",AI,news
"Hackers steal data on Verizon enterprise customers, put it up for sale online","Hackers have stolen a massive amount of data on Verizon's enterprise customers and put it up for sale online. The incident, which was first reported by cybersecurity firm 7 Elements, took place earlier this year and involved the theft of names, addresses, phone numbers, and other personal details belonging to Verizon's enterprise customers.

The data, which was apparently stolen from Verizon's customer service portal, is thought to have been put up for sale on a popular hacker forum, where it was being offered to the highest bidder. The hackers behind the attack are believed to be part of a sophisticated hacking group known as ""RansomEXX,"" which has been linked to several other major data breaches in the past.

Verizon has confirmed the breach and said that it has taken steps to secure its systems and notify affected customers. ""We recently discovered and remediated a security incident involving access to Verizon customer data stored on a cloud server,"" the company said in a statement. ""Our investigation determined that only a limited number of customer information was accessed and that it did not include any Verizon consumer data. We have taken steps to secure the impacted systems and notified affected customers.""

The breach is the latest in a series of high-profile cyber attacks targeting large corporations and government agencies. In recent months, major companies like Microsoft, SolarWinds, and FireEye have all been hit by sophisticated hacking campaigns that have exposed sensitive data and caused widespread disruption.

Security experts say that these attacks are likely to continue as hackers become more sophisticated and nation-states increasingly use cyber warfare as a tool of espionage and sabotage. They advise companies to invest in robust cybersecurity measures and to be vigilant about monitoring their systems for signs of intrusion.

For now, Verizon is urging its enterprise customers to be on the lookout for phishing attempts and other suspicious activity. The company has also set up a dedicated website where customers can find information about the breach and take steps to protect themselves.",AI,news
Best-friend genetics - Dogs and cancer,"Best-friend genetics - Dogs and cancer

A ground-breaking study has revealed that dogs could hold the key to fighting cancer. It has been found that dogs with certain genetic mutations that predispose them to certain types of cancer could help researchers understand the development of the disease in humans.

The research, conducted by the University of Pennsylvania along with six other institutions, has looked into the genomes of more than 25,000 dogs. The study found that 90% of dogs diagnosed with bladder cancer had a similar genetic mutation to humans suffering from the same disease.

In addition, the study found similarities between dogs with lymphoma and humans with non-Hodgkin's lymphoma. The findings suggest that the development of cancer in dogs could have a significant impact on human cancer research.

The hope is that this study will lead to further research, which could ultimately help identify new treatments for cancer in both dogs and humans. For the canine population, this could mean the development of targeted therapies, which could prolong the life of dogs diagnosed with cancer.

Furthermore, the potential of canine genetics to help better understand cancer in humans could lead to earlier diagnosis and more targeted therapies, ultimately saving lives.

It is also worth noting that dogs are an ideal population to study when it comes to cancer research. Dogs are more genetically diverse than any other species, making them an ideal subject for research. Unlike laboratory animals bred specifically for research, dogs are exposed to the same environmental factors as humans, making them a model that reflects the disease seen in humans better than traditional models.

In conclusion, the University of Pennsylvania study has uncovered ground-breaking information that could lead to a better understanding of cancer in both dogs and humans. The research could also lead to the development of more targeted therapies for both species, ultimately saving lives. With the canine population being an ideal population to study when it comes to cancer research, the impact of this study could be enormous.",AI,news
FBI offers reward for California serial killer in cold case,"The Federal Bureau of Investigation (FBI) announced today that they are offering a reward of up to $50,000 for information leading to the identification and arrest of a suspected serial killer in a California cold case.

The killer, who is believed to have operated in the early 2000s, is responsible for at least four murders of young women in the Los Angeles area. All of the victims were found strangled and their bodies dumped in remote locations. Despite extensive investigations by local law enforcement, the case has remained unsolved for over a decade.

In a press conference today, FBI officials expressed their hope that the reward would generate new leads in the case. ""We believe that someone out there has information that could help us bring this killer to justice,"" said Special Agent Paul Delacourt. ""Even if you think what you know is insignificant, please come forward. Every piece of information is valuable.""

The FBI also released composite sketches of the suspect, based on witness descriptions. The drawings depict a white or Hispanic male in his late 20s or early 30s at the time of the murders. He is described as having a medium build, with short brown hair and a neatly trimmed beard.

In addition to the reward money, the FBI also assured potential witnesses that they would be offered anonymity and protection. ""We understand that coming forward can be difficult, especially in cases like this,"" said Delacourt. ""We want to make sure that anyone who provides information can do so safely and without fear of retaliation.""

The reward and renewed efforts to solve the cold case have been welcomed by the families of the victims. ""We've been waiting for justice for so long,"" said Maria Hernandez, whose daughter was one of the victims. ""We hope that this will finally bring some closure and peace to our families.""

Anyone with information about the killer or the murders is encouraged to call the FBI's tip line at 1-800-CALL-FBI.",AI,news
Emma Thompson on Beauty and the Beasts Success,"Emma Thompson, who played Mrs. Potts in Disney's recent blockbuster hit, ""Beauty and the Beast,"" recently spoke about the film's massive success and how it resonates with modern audiences.

The live-action adaptation of the beloved animated classic broke multiple records, earning $1.2 billion at the box office worldwide. Thompson attributes the film's success to the story's timeless themes.

""I think it speaks to something very fundamental in our human nature. This idea that we're all flawed, and that true beauty comes from within,"" Thompson said. ""It's a very hopeful message, and I think that's why it has such broad appeal.""

The actress, who is known for her outspoken views on women's issues, also commented on the character of Belle and her portrayal by Emma Watson.

""I think the way they wrote Belle was very smart. They made her this strong, determined woman who's not afraid to speak her mind. And Emma played her beautifully,"" Thompson said. ""It's so important for young girls to see characters like Belle on screen, because it shows them that they don't have to conform to traditional gender roles.""

Thompson herself has been a trailblazer for gender equality in Hollywood, and has spoken out against the industry's ageist and sexist tendencies. She believes that the success of ""Beauty and the Beast"" is a sign that audiences are ready for change.

""I think there's a real hunger for stories that represent women in a more complex and nuanced way. We're tired of seeing the same old stereotypes played out on screen,"" Thompson said. ""So I'm hopeful that this film's success will encourage Hollywood to greenlight more projects with strong, female leads.""

Overall, Emma Thompson's perspective on ""Beauty and the Beast"" underscores the importance of representation and diversity in entertainment. As Hollywood continues to grapple with issues of inclusivity, the success of films like ""Beauty and the Beast"" serve as a powerful reminder that audiences are hungry for stories that reflect the rich diversity of the human experience.",AI,news
A Tupac documentary is coming from 12 Years a Slave director Steve McQueen,"Renowned British filmmaker Steve McQueen is set to direct a new documentary about the life and legacy of iconic American rapper Tupac Shakur. The Oscar-winning director of ""12 Years a Slave"" has been chosen by Tupac's estate to helm the feature-length film, which promises to offer a fresh perspective on the late musician's inimitable career and cultural impact.

The Tupac documentary will be produced in collaboration with Amaru Entertainment, the entertainment company founded by Tupac's mother Afeni Shakur, and White Horse Pictures, the production company behind the recent Freddie Mercury biopic ""Bohemian Rhapsody."" The project has been in the works for several years, with McQueen now confirmed to join the team and direct the film.

McQueen is an acclaimed filmmaker who has become known for exploring profound themes of race, identity, and power in his work. His films, which include ""Shame,"" ""Hunger,"" and ""Widows,"" are characterised by their intense emotional power, arresting visual language, and innovative storytelling techniques. For his work on ""12 Years a Slave,"" he won the Academy Award for Best Picture, becoming the first black producer ever to do so.

Tupac, meanwhile, was an iconic rapper, actor, and activist who rose to fame in the late 1980s and early 1990s as part of the burgeoning West Coast hip-hop scene. Known for his powerful and poetic lyrics, his engaging persona, and his social and political activism, Tupac quickly became a cultural icon and a voice for his generation.

However, his life was tragically cut short when he was gunned down in a drive-by shooting in Las Vegas in 1996, aged just 25. Since then, his legacy has continued to grow, with his music, poetry, and activism inspiring countless artists and activists around the world.

Now, McQueen has been chosen to help bring the story of this remarkable artist to life in a groundbreaking new documentary. Speaking about the project, the filmmaker said: ""I am extremely moved and excited to be exploring the life and times of this legendary artist. I attended NYU film school in 1993 and can remember the unfolding hip-hop world and mine overlapping with Tupac's through a mutual friend in a small way. Few, if any shined brighter than Tupac Shakur. I look forward to working closely with his family to tell the unvarnished story of this talented man.""

The Tupac documentary promises to be a powerful and revealing exploration of one of the most iconic figures in modern culture. With McQueen at the helm, viewers can expect a film that is both emotionally resonant and visually arresting, capturing the spirit and legacy of a true hip-hop legend. Fans of Tupac's music, as well as those interested in the intersections of art, culture, and identity, will not want to miss this groundbreaking new documentary.",AI,news
Birds with poor digestion are literally off colour - Mate choice,"Researchers from the University of Bristol have found evidence that the colour of birds' plumage is affected by their ability to digest food, which in turn can impact their chances of finding a mate.

Birds with poor digestive systems often have duller feather colours, according to the study published in the journal Nature Ecology and Evolution. The researchers observed that birds with efficient digestive systems had brighter and more vibrant feathers, indicating better overall health.

Dr Matthew MacManes, lead author of the study, said, ""Birds with colourful feathers are often regarded as more attractive to potential mates. Our research shows that bright plumage is not just a sign of good genes, but also indicates good digestive health.""

The researchers discovered that the inefficient digestion of certain foods, such as lipids and amino acids, leads to the build-up of pigments in the birds' feathers. The excess pigments cause the feathers to appear dull and faded, making the bird less attractive to potential mates.

Birds with efficient digestive systems are able to process these pigments more effectively, resulting in brighter and more vivid colours in their feathers.

The research team hopes that their findings will encourage further exploration into the links between digestive health and feather colour, and how this impacts the evolution of bird species.

Bird-watching enthusiasts and conservationists have also praised the study, stating that it highlights the importance of maintaining a diverse range of habitats to support the health of bird populations and their digestive systems.

This study adds to the growing body of research indicating the importance of digestive health and nutrient absorption in animals, highlighting the need for a better understanding of the links between nutrition, health and appearance in both wildlife and humans.",AI,news
Tom Holland Was Nervous to Workout with Jake Gyllenhaal,"Hollywood heartthrob Tom Holland, known for his role as Spiderman in the Marvel Cinematic Universe, recently admitted to feeling nervous about working out with his co-star, Jake Gyllenhaal.

In a recent interview with Men's Health, Holland revealed that the prospect of hitting the gym with Gyllenhaal was intimidating, especially considering the fact that Gyllenhaal is notoriously dedicated to his fitness regime.

""I was definitely nervous about working out with Jake,"" Holland explained. ""He's a machine! But as soon as we started working together, he was really supportive and encouraged me to push myself.""

The two actors first crossed paths on the set of the 2019 movie ""Spiderman: Far From Home"", where Gyllenhaal played the role of Mysterio, a character with a confrontational relationship with Holland's Peter Parker. However, off the set, Holland and Gyllenhaal quickly became close friends, bonding over their shared love of fitness.

Despite his initial nerves, Holland revealed that working out with Gyllenhaal has been a positive experience. The duo often goes on hiking trips together, and they even have an ongoing competition to see who can do the most push-ups.

""Jake is really inspiring when it comes to fitness,"" Holland said. ""He's always pushing himself to be better, and that's something I really admire.""

Holland also spoke about the importance of staying fit and healthy in his line of work, where physical endurance and strength are often crucial.

""As an actor, your body is your instrument,"" Holland explained. ""You need to keep it in tip-top shape if you want to be able to do the things that are required of you on set.""

Despite his initial nerves about working out with Jake Gyllenhaal, Tom Holland has clearly found a supportive friend and mentor in his co-star. As the two continue to work together on upcoming Marvel movies, fans can expect to see even more of their dynamic on and off screen.",AI,news
Chris Stapleton scores big at Country Music awards,"Nashville, TN - Country music star Chris Stapleton had a night to remember in Nashville as he dominated the Country Music Awards, walking away with three awards on a memorable evening.

Stapleton won the prestigious Male Vocalist of the Year award and also took home the coveted Album of the Year award after his album ""Starting Over"" proved to be a hit among fans and critics alike. The award for Single of the Year was also bestowed upon him for his song, ""Starting Over,"" which has resonated with country music fans worldwide.

In his acceptance speech, Stapleton thanked his team and his fans for their ongoing support. ""I'm incredibly honored and grateful for this recognition, but I would not be here without the incredible team around me and the fans who continue to support me and my music,"" he said. ""I am humbled by this award and am eager to continue making music that connects with people around the world.""

Stapleton has been one of the most popular country music artists in recent years, known for his soulful lyrics and passionate performances. He has been a frequent nominee at the Country Music Awards and was a highlight of the evening with his performance of ""Arkansas"" on the big stage.

The awards ceremony was held with strict COVID-19 protocols in place and was broadcasted Live to viewers around the globe. The Country Music Awards celebrated the best in country music over the past year and showcased some of the biggest stars in the industry.

Stapleton's success at the awards show is a testament to his songwriting skills and remarkable talent. His latest album, ""Starting Over,"" is a unique blend of country, rock, and soul that has been well received by music critics around the world.

The night belonged to Chris Stapleton, who proved that he is one of the most talented and exciting performers in the country music industry. His fans can look forward to hearing more from him in the coming months as he continues to churn out chart-topping hits.",AI,news
Texas Police Find 30 People Injured and 8 Dead in Trailer,"In a tragic incident that has shocked the country, Texas police discovered 30 people injured and 8 dead inside a trailer on Sunday evening. The individuals are believed to have been victims of human smuggling and were being transported in a tractor-trailer parked outside a Walmart store in San Antonio.

According to officials, when police arrived at the scene after receiving a call from a concerned employee at the store, they found dozens of people inside the trailer. The people inside were suffering from dehydration and heatstroke, having been packed into the trailer with no food or water for several days.

As they were being rescued, some of the people inside the trailer begged for water and relief from the extreme heat. The temperature in the trailer was estimated to have been up to 115 degrees Fahrenheit.

The San Antonio Fire Chief, Charles Hood, described the situation as a ""horrific tragedy"". These are human beings who were in a desperate situation,"" Hood said. ""This is not an immigration issue. This is a humanitarian issue.""

The injured people were transported to various hospitals in the area, while the eight victims who had lost their lives were declared dead at the scene. The victims have not been identified and no information has been released about their country of origin.

Officials have arrested the driver of the truck, a 60-year-old man who has been identified as James Matthew Bradley Jr. Bradley is believed to be the owner of the truck and is now facing federal charges.

The incident has brought to the forefront the issue of human trafficking and the dangers people face when trying to cross the border into the US. The incident has also ignited a debate on immigration policy, with some questioning the harsh rhetoric and policies of the Trump administration.

Texas Governor, Greg Abbott, has issued a statement on the incident, saying, ""The loss of these lives is a heartbreaking tragedy. Human trafficking is an abhorrent crime, and Texas will work to bring those involved to justice.""  The governor also ordered the Texas Rangers to provide assistance in the investigation.

The incident highlights the need for increased efforts to combat human trafficking and protect vulnerable individuals from exploitation. Authorities are urging people to come forward if they have information about similar crimes, and warn that anyone found guilty of such crimes will face severe punishment.",AI,news
Dispute between Kurds and Iraqi government escalates in Kirkuk,"Kirkuk, Iraq - Tensions between the Kurdish Regional Government (KRG) and the Iraqi government have escalated in the province of Kirkuk, with violent clashes breaking out between Kurdish Peshmerga forces and Iraqi security forces.

The dispute centers around control of the oil-rich province, which both the KRG and the Iraqi central government claim as their own. In recent weeks, there have been a series of skirmishes and rocket attacks, with both sides accusing each other of provocation.

The latest flare-up occurred on Tuesday when Iraqi security forces backed by Shia militias attempted to take control of the town of Tuz Khurmato, which is located south of Kirkuk. Kurdish forces responded by sending reinforcements and engaging in heavy fighting, leaving at least five people dead and dozens injured.

The KRG has accused the Iraqi government of attempting to annex Kurdish territory, while the Iraqi government has accused the KRG of non-compliance with their agreement to share control of Kirkuk.

The escalation of violence has raised concerns about the stability of the region and the potential for further conflict. The UN and several foreign governments have called for both sides to exercise restraint and engage in dialogue to resolve the dispute peacefully.

Meanwhile, residents in Kirkuk are caught in the middle of the conflict, with many of them expressing fear for their safety and calling on both sides to prioritize the well-being of civilians.

The situation remains tense, with both sides refusing to back down and the potential for further clashes looming.",AI,news
Megan Hilty Is Looking Forward to Her Second Baby,"New York, NY- Broadway and TV star Megan Hilty is expecting her second child with husband Brian Gallagher! The 39-year-old actress announced the big news on social media, telling her fans that she is ""thrilled and grateful"" to be adding another member to their family.

Hilty and Gallagher tied the knot in November 2013, and are already parents to their daughter, Viola Philomena, who is now five years old. The couple is excited to welcome their new bundle of joy later this year.

In an interview with People, Hilty revealed that she's looking forward to having another baby girl, saying: ""I had so much fun dressing up Viola and doing all of the girl stuff with her. I'm excited to have another little girl to dress up like a princess!""

Hilty, who is best known for her starring roles in Broadway productions such as Wicked and 9 to 5: The Musical, as well as her performances on the TV show Smash, said that she's been blessed to have a career that allows her to balance work and family life.

""I've been able to bring Viola to some of my rehearsals and she's seen some of my performances. She loves it,"" Hilty told People. ""It's been really great to be able to share that part of my life with her.""

The actress also credits her husband for being an amazing partner in both their personal and professional lives. ""He's so supportive and understanding. It's been great to have him by my side through all of this.""

Hilty's fans and colleagues in the entertainment industry also took to social media to congratulate her on the happy news. Broadway star Kristin Chenoweth tweeted: ""Ahhh! So thrilled for you, Megan! Can't wait to meet the new addition to your beautiful family.""

Hilty's latest project is the Netflix musical comedy series, ""Julie and the Phantoms"", which premiered in September 2020. She filmed her scenes while pregnant, and shared with People that she had to keep her growing baby bump hidden on set.

""I was constantly behind a chair or holding a prop in front of me,"" she shared. ""As the bump grew, it became harder to hide. But it was all worth it. I had so much fun working on the show and I'm excited for everyone to see it.""

Congratulations to Megan Hilty and Brian Gallagher on this wonderful news! We can't wait to see their family grow and continue to thrive, both on and off screen.",AI,news
Shooting at California Synagogue during Passover celebration,"San Diego, California - A gunman opened fire at a synagogue in the city on Saturday, taking the lives of one woman and injuring three others. The attack happened during a Passover celebration, which was attended by dozens of worshippers.

The shooting took place at the Chabad of Poway synagogue, a place of worship for Orthodox Jews. Witnesses told authorities that a man entered the synagogue and started shooting at congregants. Several people rushed to help the injured, while others hid, trying to avoid being hit by the bullets.

The shooter fled the scene but was quickly apprehended by the police. The suspect has been identified as 19-year-old John Earnest, whose social media profile shows a history of violent and anti-Semitic rhetoric. At the time of the shooting, he was armed with a rifle and wearing a tactical vest.

The victim, identified as 60-year-old Lori Gilbert-Kaye, was a longtime member of the synagogue and had attended the Passover service with her husband. She was shot and killed trying to protect the rabbi, who was also injured in the attack.

The three others injured in the shooting – a 34-year-old man, a 8-year-old girl, and a 57-year-old woman – were taken to nearby hospitals and are said to be in stable condition.

Following the attack, authorities increased security at synagogues and Jewish centers throughout California. Governor Gavin Newsom condemned the shooting and called for a full investigation.

""This hate and violence must end,"" said Newsom. ""We must come together as Californians to stand up against hate and bigotry and to support those affected by this senseless act of violence.""

The shooting comes just six months after a deadly attack on a Pittsburgh synagogue that left 11 people dead. The same weekend as the California shooting, a man was also arrested in New York City for allegedly planning to carry out an attack on a Jewish community center in a separate incident.",AI,news
Justin Timberlake's Son Was Inspiration Behind Album Name,"Los Angeles, California - Justin Timberlake has finally revealed the inspiration behind the name of his latest album. The popstar's fifth studio album, ""Man of the Woods,"" was actually inspired by his son Silas.

In an interview with The Ellen Show, Timberlake revealed that he and his wife Jessica Biel welcomed their son into the world a few years ago, and the album's title is a nod to the nickname they gave him.

""Silas, which means 'of the woods,' obviously influenced the title of the record,"" Timberlake explained. ""And I think just the experience of being a new dad is definitely influencing the writing and the whole experience of creating the album.""

Timberlake's son has also made a few appearances on the album, with a sweet interlude featuring the sound of Silas's voice captured in the studio with his dad. 

""The album is really about family and where I'm from, and it's personal,"" said Timberlake. ""But I think a lot of the themes in the album deal with love and unity and being intentional about the people in your life that you care about.""

His last album, ""The 20/20 Experience,"" was released in 2013, and Timberlake has been hinting at new music since early last year. The singer teased a new album in January with a video on social media, showing him walking through the outdoors with a voiceover talking about the creation of ""Man of the Woods.""

The album, which was released on February 2, features collaborations with artists like Chris Stapleton, Alicia Keys, and Pharrell Williams. Fans have been loving the new sound and are excited to see Timberlake back in the music game.

With a career spanning over two decades, Timberlake has proven to be a master of pop music, seamlessly blending different genres and creating hit after hit. It seems like ""Man of the Woods"" is another example of the popstar's versatility and willingness to explore new sounds.

As for Silas, it's safe to say that the young boy has already made a big impact on his dad's music career. With his name immortalized in the title of a chart-topping album, there's no doubt that he's a source of inspiration for Timberlake and his music for years to come.",AI,news
Shawn Mendes Says Anxiety Battle Inspired New Single 'In My Blood',"In a recent interview with Rolling Stone, Canadian singer-songwriter Shawn Mendes revealed that his battle with anxiety inspired his new single ""In My Blood.""

The 19-year-old artist said he wrote the song during a time when he was feeling particularly anxious and overwhelmed. ""I was going through a rough time last year with anxiety and everything that was going on,"" Mendes said. ""I was just feeling all of these crazy emotions and feelings, and I kind of just needed to create something.""

Mendes explained that he wanted to be honest and vulnerable with ""In My Blood,"" which has become an anthem for those struggling with mental health issues. ""I think I wrote this song as a message to everybody, including myself, that it's okay to feel scared and it's okay to feel anxious,"" he said. ""It doesn't make you any less of a person.""

He also credits his fans for inspiring him to share his struggles. ""I get messages everyday from fans saying that my music has helped them through their anxiety or through their depression,"" Mendes said. ""And that's when I realized that this isn't just a me problem, it's a we problem. It's a problem that a lot of people face.""

""In My Blood"" has resonated with fans across the globe, debuting at No. 1 on the Billboard Adult Pop Songs chart in the U.S. and reaching the top 10 in Canada, the U.K., and Australia. The song's success has also led to Mendes opening up even more about his mental health journey, including sharing tips for coping with anxiety and addressing misconceptions about the disorder.

Mendes is gearing up for the release of his upcoming third studio album, which he says will continue to explore themes of vulnerability and self-discovery. ""I'm just trying to be honest with myself, with my fans, and with the world,"" he said. ""I think that's all you can really do.""",AI,news
Grassley urges Trump to pull out of NAFTA if Democrats resist new deal,"Iowa Senator Chuck Grassley has urged President Trump to pull out of the North American Free Trade Agreement (NAFTA) if Democrats do not agree to a new deal. Grassley, who chairs the Senate Finance Committee, said that if Democrats continue to resist a new deal with Mexico and Canada, the agreement should be terminated.

NAFTA, which came into effect in 1994, has been a controversial issue for many years. President Trump made renegotiating the agreement a key promise during his election campaign, arguing that it was hurting American workers and manufacturing. After months of difficult negotiations, a revised agreement was reached in 2018.

However, the new agreement, known as the United States-Mexico-Canada Agreement (USMCA), has yet to be ratified by Congress. Democrats have expressed concerns about provisions related to labor and environmental standards. Some have also called for stronger protections for American workers.

Senator Grassley has been a strong supporter of the USMCA, arguing that it would benefit American farmers, manufacturers, and businesses. He has also been critical of Democratic resistance to the agreement. In a recent statement, he said that ""Democrats' endless demands are delaying the USMCA and putting American jobs and businesses at risk.""

Grassley's comments come as the Trump administration is ramping up pressure on Democrats to pass the USMCA. Last week, Vice President Mike Pence traveled to Minnesota to promote the agreement, and several other administration officials have spoken out in support of it.

If President Trump were to pull out of NAFTA, it would have significant implications for trade between the three countries. The U.S. would likely face retaliatory tariffs from Canada and Mexico, and many American businesses would be affected. However, some analysts argue that ending NAFTA could also create new opportunities for the U.S., particularly if the administration is able to negotiate better bilateral trade deals with Mexico and Canada.

For now, it remains unclear how Democrats will respond to Senator Grassley's ultimatum. While some have signaled a willingness to work with the administration on certain issues, others have remained staunchly opposed to the USMCA in its current form. With the 2020 elections looming, the fate of the agreement may ultimately be decided at the ballot box.",AI,news
F1 will start racing with partially closed cockpits in 2017,"F1 Fans Rejoice as F1 Will Start Racing with Partially Closed Cockpits from 2017

Formula One teams have finally agreed to partially close cockpits starting from the 2017 season. The move by F1 came after the tragic death of driver Jules Bianchi last year, who suffered fatal head injuries during a race. The Halo-style cockpit protection system was first developed in 2016 by McLaren and it has now been approved by the FIA.

The new design of the F1 car will have a halo-like structure that will partially close the cockpit and protect drivers from flying debris. The design of the cockpit protection system will not entirely enclose the driver's head, and this is one of the reasons why the drivers' helmet will remain visible to the fans.

The design of the cockpit protection system is expected to increase driver safety, but it will also bring about significant changes in the aerodynamics of the car. The new design will increase the weight of the car by around 10kg, but the teams are expected to make adjustments to the cars' engines to compensate for this additional weight.

Some F1 drivers were hesitant about the new cockpit protection system, arguing that it could reduce visibility and cause visibility problems. But after several discussions, the system was approved by all F1 teams, and the new design has even been applauded by many of the leading drivers in the sport.

F1 fans all around the world have welcomed the news, and many have come out in support of the new design. The new system will not only increase driver safety, but it will also enable teams to continue to push the limits of the sport.

The FIA is confident that the new safety system will reduce the likelihood of another fatal accident in the sport, and this is undoubtedly great news for the F1 community. Starting from the 2017 season, F1 fans can expect to see partially closed cockpits on all the cars, a change that is sure to add a new dimension to the fast and furious racing of the sport.",AI,news
"In Greenland, some suggest the unthinkable - rejoin the EU","In a dramatic turn of events, some Greenlandic officials are suggesting that it may be time for the country to rejoin the European Union. The suggestion has provoked mixed reactions, with some applauding the idea and others vehemently opposing it.

Greenland had previously been a member of the EU through its association with Denmark, but it withdrew in 1985 over disagreements regarding fishing rights and other issues. Since then, Greenland has maintained a level of autonomy and has even become more geographically separate from the rest of Europe due to climate change.

But now, some in Greenland believe that rejoining the EU could offer significant benefits. According to the Greenlandic Association of Lawyers, not only would rejoining the EU provide a larger market for Greenlandic goods and services, but it would also provide more protection and a stronger voice in international affairs.

Furthermore, there are concerns about China's increasing presence in Greenland. The Chinese government has been investing heavily in Greenland's infrastructure and resources in recent years, which some Greenlandic officials see as a threat to their autonomy and sovereignty.

""Greenland needs to consider its future with great care,"" said Søren Paaske, a member of the Greenlandic parliament. ""Our country's natural resources and strategic location make it a target for many powers, and we need to ensure that our interests are protected.""

However, not everyone is convinced that rejoining the EU is the best solution. Many in Greenland are wary of relinquishing their autonomy to Brussels and are concerned about the potential impact on their fishing industry.

""Greenland is a small country with unique needs and circumstances,"" said Lars-Emil Johansen, leader of the opposition party in Greenland. ""We need to make decisions that are in our best interests, not dictated by outside forces.""

As of now, the idea of rejoining the EU is still in the early stages of discussion and debate. It remains to be seen whether Greenland will ultimately decide to reunite with the EU or forge a new path forward on its own.",AI,news
Why the universe glows,"Possible news article:

Why the Universe Glows: New Study Reveals Clues to Cosmic History

Astronomers have long known that the universe emits a diffuse glow of light, called the cosmic optical background (COB), that fills the sky in every direction. This faint glow, which cannot be traced to any particular source, represents the accumulated radiation from all the stars and galaxies that have existed over the history of the cosmos. However, the exact nature and origin of the COB have remained somewhat mysterious, as it depends on several complex factors such as the distribution of various sources, the thermal history of the intergalactic medium, and the evolution of cosmic structures.

Now, a team of scientists from the University of California, Berkeley, and the University of Tokyo has developed a novel approach to analyze the COB and infer some of its key features. Their findings, published in the journal Science, suggest that the universe glows mainly due to intergalactic gas that has been heated by the ultraviolet light from hot stars in young galaxies.

The researchers used data from two space telescopes, the Hubble Space Telescope and the XMM-Newton observatory, to study the COB in different wavelengths. By comparing the measurements of the cosmic glow with simulations of various scenarios, they could rule out some possibilities and refine the models of the COB. In particular, they found that the observed spectra of the COB can be well reproduced by assuming that about half of the cosmic heating comes from outside galaxies, while the rest comes from within galaxies.

""We were able to use the COB as a probe to understand how the universe evolved over billions of years,"" said Marco Ajello, an astrophysicist at the University of California, Berkeley, and the lead author of the study. ""Our analysis suggests that the young galaxies in the early universe played a major role in shaping the intergalactic medium and filling it with hot gas that emits UV light. This light then propagated and heated more gas, creating a feedback loop that contributed to the overall brightness of the universe.""

The study also provides some clues to the nature of dark matter, the mysterious substance that constitutes most of the matter in the universe but does not emit or absorb light. The researchers found that the COB in the X-ray band, which traces the hot gas component, agrees well with the predictions of simulations that assume a particular type of dark matter that interacts weakly with normal matter. This result strengthens the case for this model of dark matter, known as ""thermal relic,"" which has been proposed to explain various observations of the cosmic microwave background radiation and the large-scale structure of the universe.

""Our study shows that the COB can be a powerful tool for testing cosmological models and constraining the properties of the universe,"" said Ajello. ""By unraveling the mysteries of the cosmic glow, we can learn more about the history, composition, and fate of the universe we live in.""",AI,news
Worried UK employers call for changes to proposed immigration reform,"As the UK government proposes an overhaul of the immigration system post-Brexit, employers across the country have expressed concerns about the potential impact on their businesses.

Under the government's proposed Points-Based System (PBS) for immigration, migrants would have to meet certain criteria, such as skills and language requirements, before being granted a visa to work in the UK. This would effectively end the free movement of EU citizens, allowing the government to control immigration levels.

While some employers have supported the proposed changes, others are worried about their ability to recruit and retain vital staff from abroad. A recent survey by the British Chambers of Commerce found that 59% of businesses believe the PBS will be detrimental to their ability to hire workers.

Some employers have called for specific changes to the government's proposals. For example, they have suggested that lower-skilled jobs, which are currently filled by EU workers, should be included in the new system. They also want a more flexible visa system that allows them to bring in temporary workers during peak seasons.

Business leaders have warned that if the government does not make changes to the proposed system, it could lead to labour shortages, particularly in industries such as agriculture and hospitality. This, in turn, could harm the overall economy.

The government has said that employers will have to adapt and invest in training their existing workforce to fill any labour gaps. It has also suggested that employers should consider raising wages to attract UK workers to these industries.

However, some employers argue that this is not a practical solution and that they need access to a wider pool of workers to fill the roles they need.

As the government's consultation on the PBS continues, it remains to be seen whether employers will get the changes they are calling for. For now, many businesses are worried about the potential impact on their ability to operate and grow in an already challenging economic environment.",AI,news
Vitamin D and Fish Oil Supplements Do Not Lower Rates of Cancer,"A new study has found that taking vitamin D and fish oil supplements may not lower the risk of cancer in adults. Published in the New England Journal of Medicine, the study followed a large number of participants for a period of five years.

The study was conducted by researchers from the VITAL (Vitamin D and Omega-3 Trial) study, which aimed to assess the effects of vitamin D and omega-3 fatty acid supplements on the prevention of cancer and cardiovascular disease. The study included more than 25,000 participants who were randomly assigned to take either vitamin D supplements, fish oil supplements, both, or a placebo.

At the end of the study, there was no significant difference in the rates of cancer between the groups who took the supplements and the placebo group. The researchers observed a slight reduction in the overall risk of cancer in the group that took fish oil supplements, but the difference was not statistically significant.

The results of the study contradict previous research that had suggested that vitamin D and fish oil supplements could help prevent cancer. However, the researchers caution that their study was not designed to definitively prove or disprove the effectiveness of these supplements.

The study's lead author, Dr. JoAnn Manson, said that the findings should not discourage people from taking these supplements for other health benefits. ""We still have a lot to learn about vitamin D and omega-3s, and their potential benefits and risks,"" she said. ""Our findings suggest that these supplements may not be effective for preventing cancer, but they may still be beneficial for other health conditions.""

The researchers also noted that the study had its limitations, including a relatively short duration and the inclusion of mostly Caucasian participants, so further research is needed to understand the potential benefits and risks of these supplements.

Overall, the study provides important insights into the potential role of vitamin D and fish oil supplements in cancer prevention. While the findings may be disappointing for those who hope to prevent cancer by taking these supplements, they offer valuable information for researchers and healthcare providers looking to better understand the risks and benefits of these supplements.",AI,news
Web-based therapy relieves insomnia,"Web-based therapy relieves insomnia

Insomnia, or difficulty falling or staying asleep, is a common sleep disorder that affects millions of people worldwide. It can lead to fatigue, irritability, and decreased productivity, among other things. While traditional therapies such as medication and cognitive-behavioral therapy (CBT) have been effective in treating insomnia, new research has shown that web-based therapy may be just as effective.

Researchers from the University of Virginia School of Medicine conducted a study involving more than 3,000 adults who suffered from insomnia. Half of the participants received web-based therapy, which involved learning behavioral techniques to improve sleep, while the other half received traditional, in-person CBT.

After eight weeks of treatment, both groups had significant improvements in their sleep quality, as measured by a widely used sleep scale. The researchers found no significant differences between the two groups, suggesting that web-based therapy may be just as effective as in-person treatment for insomnia.

The results are promising, as web-based therapy is more accessible and flexible than traditional therapy. Patients can access web-based therapy from the comfort of their own homes, at any time that is convenient for them. This can be especially helpful for individuals who live in rural or remote areas without access to specialized services, or for those who cannot attend in-person therapy sessions due to work or family obligations.

The researchers hope that these findings will encourage more people to seek treatment for insomnia, and that web-based therapy will become more widely available as a viable treatment option. They also note that web-based therapy may be beneficial for other mental health conditions, such as anxiety and depression.

If you are struggling with insomnia, speak to your healthcare provider about the available treatment options, including web-based therapy. With the help of these new technologies, a good night's sleep may be just a click away.",AI,news
Solar storms have the potential to wreak havoc on our modern world,"Solar storms have the potential to wreak havoc on our modern world

According to new scientific research, solar storms have the power to cause massive disruptions to our high-tech society. These storms, which are caused by eruptions on the sun's surface, release enormous amounts of energy that can interfere with satellites, power grids, and other critical infrastructure.

The phenomenon has been known for centuries, but in recent decades scientists have begun to understand the true scale of the danger. One of the most significant solar storms in modern history occurred in 1989, when a massive eruption caused widespread power outages in Quebec, Canada.

Since then, experts have been warning of the potential for even more severe storms in the future. In 2012, NASA researchers estimated that the likelihood of a major solar storm striking Earth within the next decade was 12 percent.

If such a storm were to occur, the effects could be catastrophic. Satellites that control navigation systems and communications networks would be knocked out of commission, disrupting travel and commerce around the globe. The power grid would suffer similar problems, with blackouts lasting for days or even weeks as repair crews scrambled to fix the damage.

This could have severe consequences for public safety, as medical facilities and emergency responders would be unable to function without electricity. The financial costs of such an event are difficult to estimate but could run into the trillions of dollars.

Despite the risks, there is currently no effective way to protect against solar storms. Experts recommend that governments and businesses invest in backup systems and contingency plans to minimize the damage. The researchers say that we need to take these risks seriously, as solar storms are a natural disaster that we cannot afford to ignore.",AI,news
Disney's Frozen Melts Hearts on Broadway: Review,"Disney's Frozen Melts Hearts on Broadway: Review

Disney's beloved movie, Frozen, has come to life on Broadway with a captivating and heartwarming performance. The musical adaptation of the popular film premiered at the St. James Theatre in New York City on March 22nd and has already received rave reviews from both critics and fans alike.

The show features the same beloved characters from the movie, including sisters Elsa and Anna, as they embark on a journey to save their kingdom from an eternal winter caused by Elsa's magical powers. The production showcases breathtaking visuals and an enchanting score that stays true to the original soundtrack while also introducing brand new songs to the storyline.

Caissie Levy, who plays Elsa, delivers a stunning performance that captures the complexity and vulnerability of the character. Her rendition of the iconic song ""Let It Go"" left audiences cheering and applauding. Meanwhile, Patti Murin, who plays Anna, brings a refreshing sense of humor to the role and effortlessly channels the character's warmth and sincerity.

One aspect of the Broadway production that stands out is its innovative use of technology. The stage is transformed into a winter wonderland with incredible special effects, including a breathtaking ice bridge that materializes in front of the audience’s eyes. The use of projections also adds another dimension to the story, creating a sense of depth and immersiveness that draws the audience right into the heart of the action.

Critics have touted the show as being a ""spectacular"" and ""magical"" experience, with John Stamos even calling it ""the best musical I have ever seen."" The Broadway production serves as a testament to the popularity and staying power of the Frozen franchise and is sure to charm audiences of all ages.

So, if you're looking for a heartwarming and unforgettable theatrical experience, Disney's Frozen on Broadway is a must-see. Whether you're a fan of the original movie or just appreciate a great musical, this production is sure to melt your heart.",AI,news
Labeling genetically modified food makes people less panicky about it,"New research out of the University of California, San Diego has found that labeling genetically modified (GM) food can alleviate concerns and reduce panic around the issue.

The study surveyed nearly 1,000 consumers, measuring their attitudes and knowledge of GM food both before and after being told whether or not a product contained genetically modified ingredients. The results showed that when GM foods were labeled, consumers were less likely to be panicked and were more likely to purchase the products.

Lead author of the study, Professor Maureen Berner, said, “We found that participants who were given information about the presence of GM ingredients were significantly less likely to be panicked and more likely to purchase the product.”

The findings suggest that labeling can provide transparency and the opportunity for consumers to make more informed choices about what they eat. This is especially important given the ongoing debate and concerns surrounding the safety and potential long-term effects of consuming GM foods.

“These findings are significant because they provide us with new insights into the role of labeling in shaping consumer perceptions of genetically modified foods,” said Berner.

The study also found that the level of education and prior knowledge of GM foods did not significantly impact whether or not participants were panicked about the products. This suggests that labeling can be useful even for those with little prior knowledge of GM foods.

The debate around GM food labeling has been ongoing for years, with some arguing that it is unnecessary and will only increase fears about the safety of GM foods, while others argue that it is a consumer's right to know what is in their food.

With this new research, it seems that labeling GM foods can have a positive impact on consumer attitudes and purchasing choices, which could help to ease concerns and promote greater transparency in the food industry.",AI,news
The 'Harden Rule' Is The NBA Version of the NFL's Catch Rule Disaster,"In recent years, the NBA has witnessed a significant increase in the number of fouls called on three-point shooters. This foul, commonly referred to as the 'Harden Rule,' has become one of the most controversial and debated topics among NBA fans and players alike. Some believe that this rule has significantly altered the way the game is played while others argue that it is necessary to prevent players from drawing cheap fouls. The 'Harden Rule' is now being compared to the NFL's divisive catch rule disaster, which caused widespread outrage and confusion among players, fans, and officials.

The 'Harden Rule' came into existence due to Houston Rockets' shooting guard James Harden's style of play. The 2018 NBA MVP is famous for his three-point shooting ability and his ability to draw fouls while shooting. This strategy, known as the 'Harden Stepback,' involves Harden using his quick footwork to create space between himself and the defender and subsequently jumping into his opponent's space while shooting the ball. This action causes the defender to make contact with Harden, leading to a foul call and resulting in a trip to the free-throw line.

Many NBA fans, players, and coaches argue that the 'Harden Rule' creates an unfair advantage for players like Harden and disrupts the game's flow. The rule has also given rise to many absurd fouls, with defenders getting penalized for minimal contact while trying to contest a shot. Moreover, the rule has resulted in several fouls being called even when the shooter initiated the contact.

The 'Harden Rule' is not the only NBA rule that has received criticism in recent years. The 'Zion Rule,' also known as the 'verticality' rule, which prevents a defender from moving under an opponent while they shoot a jump shot or dunk the ball, has also been scrutinized.

The NFL's catch rule disaster is a prime example of how a poorly constructed rule can negatively impact a sport. The rule, which defined what constituted a catch, led to many controversial calls and left fans, players, coaches, and officials confused. The NFL has since amended the rule to make it more transparent and inclusive.

It is time for the NBA to re-evaluate the 'Harden Rule' and make necessary changes to ensure the rule is fair, transparent and inclusive for all players and teams. The league must strive to maintain the integrity of the game and prevent players from exploiting loopholes in the rules to gain an unfair advantage. Failure to do so could create further division and controversy among fans, players, and coaches.",AI,news
Kendall Jenner ‘Ran Home Crying Everyday’ Because of Her Acne,"Kendall Jenner, the famous model and TV personality, has opened up about her struggles with acne during a recent interview with Vogue Arabia. The 25-year-old revealed that she used to ""run home crying every day"" because of her skin condition.

Jenner, who has been in the spotlight since she was a teenager, said that her acne started when she was around 14 years old. She explained that she was constantly being photographed and scrutinized by people, which made her feel extremely self-conscious.

""I remember going through times where I didn't want to leave my house because I was so embarrassed,"" she said. ""I felt like such an outcast and like nobody wanted to be around me because of my skin.""

Jenner added that she tried everything to get rid of her acne, from over-the-counter products to prescription medication. However, nothing seemed to work, and she eventually had to come to terms with the fact that it was a part of her.

""I had to learn how to love myself and embrace my imperfections,"" she said. ""It wasn't easy, but it was definitely worth it.""

Jenner's honesty about her struggles with acne has been praised by her fans, with many thanking her for being so open and relatable. Some have even shared their own stories about struggling with skin conditions.

""I love that Kendall is speaking out about this,"" one fan wrote on Twitter. ""It's so important for young girls to know that even models struggle with their skin.""

Another added: ""Kendall is such an inspiration. It takes a lot of courage to be vulnerable and share your insecurities with the world.""

Jenner's interview with Vogue Arabia is a reminder that even the most successful and beautiful people can struggle with self-confidence and body image issues. It's important to remember that nobody is perfect and that we should focus on loving ourselves for who we are, flaws and all.",AI,news
"Kentucky School Shooting: Two Dead, 17 Wounded","Kentucky School Shooting: Two Dead, 17 Wounded

BENTON, KENTUCKY - Tragedy struck Marshall County High School on Tuesday morning when a 15-year-old male student opened fire, killing two and injuring 17 before being apprehended by police.

The shooter was identified as Gabriel Ross Parker, a student at the school. He reportedly entered the school just before 8:00 AM and began firing a handgun.

Teachers and students alike responded quickly, locking down classrooms and attempting to barricade doors. As the chaos ensued, police officers arrived on the scene and worked to apprehend the shooter.

Ultimately, Parker was taken into custody and charged with two counts of murder and 12 counts of first-degree assault. The two victims have been identified as Bailey Nicole Holt and Preston Ryan Cope, both 15 years of age.

The community of Marshall County has been left reeling in the wake of this tragedy. Governor Matt Bevin offered his condolences and support in a series of tweets, writing, ""There is no greater tragedy than that of losing a child in a senseless act of violence. My heart breaks for the families of the two victims of this morning’s shooting at Marshall County High School, as well as all of the other students and faculty who were impacted.""

The injured students were transported to nearby hospitals, where they are receiving treatment for gunshot wounds. Many of the victims are reportedly in stable condition, though the extent of their injuries is not yet clear.

The shooting at Marshall County High School is the latest in a string of school-related shootings to occur in the United States in recent years. As the nation continues to grapple with the issue of gun violence, debates surrounding gun control and mental health treatment have intensified.

In the wake of the shooting, many are calling for action to be taken to prevent future tragedies. Kentucky Senator Rand Paul tweeted, ""I'm horrified by the news of this morning’s shooting at Marshall County High School. My thoughts & prayers are w/ the students & faculty, & the first responders at the scene. As a nation, we must do more to prevent these senseless acts of gun violence.""

Marshall County High School will remain closed for the remainder of the week as authorities continue their investigation into the shooting. As the community mourns the loss of two young lives, the nation waits for answers and a path forward in the ongoing fight against gun violence.",AI,news
Darvish homers in Rangers' victory,"In a surprising turn of events, Texas Rangers pitcher Yu Darvish hit a home run in the team's victory against the Seattle Mariners on Tuesday night.

Darvish, known for his impressive pitching abilities, has never been known for his hitting skills. But in the bottom of the fifth inning with the score tied at 1-1, Darvish stepped up to the plate and blasted a 93 mph fastball from Mariners pitcher James Paxton over the center field wall.

The crowd at Globe Life Field erupted into cheers as Darvish rounded the bases, high-fiving his teammates and celebrating his unexpected home run. It was his first home run in his seven-year career in the Major Leagues.

In addition to his home run heroics, Darvish also put on a pitching clinic, allowing just two hits and one earned run over seven innings. He struck out nine batters and walked only one.

The Rangers went on to win the game 5-1, thanks in large part to Darvish's impressive performance on both sides of the ball.

After the game, Darvish spoke to reporters about his memorable night, saying, ""I never thought I would hit a home run in a Major League game, but it happened tonight. I'm just happy I could help my team win.""

Rangers Manager Chris Woodward also praised Darvish's performance, saying, ""He was outstanding on the mound and then he hits a home run. It's just a testament to how talented he is. He's a special player and we're lucky to have him on our team.""

With the win, the Rangers improve to 14-17 on the season and are hoping to build on the momentum from Tuesday's game. As for Darvish, he will surely go down in history as one of the few pitchers who hit a home run while also dominating on the mound.",AI,news
Khloe Kardashian Celebrates Daughter True Turning 10 Months Old,"Reality star Khloe Kardashian couldn't contain her joy as she celebrated her daughter, True Thompson, turning 10 months old. The doting mother took to social media to share her excitement and love for her little girl.

In a series of posts on her Instagram account, Khloe shared photos and videos of True, capturing her milestones and sweet moments. In one post, she wrote, ""My sweet angel is 10 months today!!! This time has flown by so fast and I can’t believe my little girl is growing up so quickly!""

True, who was born on April 12, 2018, has been a source of joy for Khloe, who has been focused on motherhood after a tumultuous year. The reality star has been open about the challenges of co-parenting with True's father, Tristan Thompson, following his cheating scandal. However, Khloe has put that behind her and has been devoted to giving her daughter the best possible life.

To mark the special occasion, Khloe held a small party for True, complete with balloons and a cake. The proud mom shared a video of True digging into her cake, with the caption, ""My baby girl loves cake!""

Fans of the reality star also joined in on the celebration, sending well-wishes and love to True on social media. Khloe responded to the outpouring of support by thanking her fans and expressing her gratitude for her daughter.

""Thank you for all the love and wishes for my baby girl. True is the light of my life and I am grateful every day for her,"" Khloe wrote.

As True hits the 10-month mark, there's no doubt that Khloe will continue to cherish every moment with her daughter and celebrate her milestones with as much enthusiasm as she did on this special day.",AI,news
Critics Choice Awards: Amy Schumer Jokes About Belly During Acceptance Speech,"The Critics Choice Awards ceremony held in Los Angeles on Sunday night was graced by some of the biggest names in Hollywood. However, it was comedian Amy Schumer who stole the show with her hilarious acceptance speech.

Schumer picked up the award for Best Actress in a Comedy Series for her role in ""Inside Amy Schumer."" During her acceptance speech, the 40-year-old comedian joked about her belly, which she lifted to show the audience.

""I want to thank the critics circle for this incredible honor. It means so much to me. I want to thank my team and my amazing writers, and I want to thank my...belly,"" Schumer said, as the audience laughed. ""I mean, look at this thing. I didn't even know I was pregnant until I made this dress.""

The joke was well-received by the audience, and Schumer's fans on social media applauded her for her body positivity and sense of humor.

Schumer, who has been open about her struggles with body image in the past, has become a champion for body positivity in recent years. She has often used her platform to talk about the pressure that women face to conform to societal beauty standards.

In 2015, Schumer famously posed topless for Annie Leibovitz's Pirelli calendar, alongside other famous women, including Serena Williams and Yoko Ono. The photo shoot was a powerful statement against the objectification of women's bodies, and it helped Schumer become a role model for women of all sizes.

Schumer's latest speech at the Critics Choice Awards has once again demonstrated her ability to use humor to challenge stereotypes about women's bodies. Her boldness and authenticity have earned her millions of fans, and she's likely to continue making waves in the entertainment industry for years to come.",AI,news
"These eel-like creatures use their flaccid, squishy skin to survive shark attacks","In the vast ocean, every creature is at risk of being preyed upon by sharks. However, a recent discovery has revealed that some eel-like creatures have developed a unique way of surviving shark attacks.

According to a study published in the Journal of Fish Biology, some species of hagfish have the ability to excrete an excessive amount of slime when in danger. This slime makes their flaccid, squishy skin extremely slippery, making it difficult for predators like sharks to get a grip on them.

Hagfish are known for their unappealing appearance, as well as their ability to produce slime. However, researchers have now discovered that this slime can be used as a defense mechanism against shark attacks.

The study, which was conducted in the Pacific Ocean, captured footage of a hagfish slithering out of the jaws of a shark. The shark had attempted to make a meal out of the hagfish, but the slippery skin and copious amounts of slime caused the shark to release its prey.

Dr. Douglas Fudge, a professor of biology at Chapman University and one of the authors of the study, described the hagfish's survival tactic as ""a remarkable defense strategy, unlike anything else that has been observed in the animal kingdom.""

The study also found that the hagfish's slime contains a high concentration of proteins that may help to deter predators. These proteins have antibacterial properties which could help to prevent wounds from becoming infected.

The discovery of the hagfish's unique defense mechanism could have implications for human technology. Scientists are now exploring the use of hagfish slime in products such as wound dressings, firefighting foams, and even clothing fabrics.

Hagfish may not be the most appealing creatures in the ocean, but their remarkable ability to survive shark attacks has captured the attention of scientists and the public alike. As we continue to explore the ocean and its inhabitants, there is no doubt that there will be many more fascinating discoveries to come.",AI,news
Motive of Texas Church Shooting Was 'Domestic Situation',"San Antonio, Texas—Authorities have revealed the motive behind the church shooting that occurred last Sunday in Sutherland Springs, Texas. According to a briefing by investigators, the suspect, Devin P. Kelley, 26, had a history of domestic violence and was sent threatening texts to his mother-in-law, who was a member of the church he attacked.

""The evidence we've gathered so far suggests that this was a domestic situation that escalated to a horrific crime,"" said Freeman Martin, Regional Director of the Texas Department of Public Safety, during a news conference in Sutherland Springs. ""The shooter had a history of violence in his family and had previously been charged with assaulting his wife and fracturing his stepson's skull.""

Kelley, who was dressed in black tactical gear and armed with an AR-15-style rifle, entered the First Baptist Church just before the Sunday service started and opened fire on the congregation. He killed 26 people, including several children, and wounded 20 others before fleeing the scene in his car. He was later found dead from a self-inflicted gunshot wound.

Investigators said that Kelley's wife's grandmother attended the church, but was not present at the time of the shooting. However, she had received threatening texts from Kelley the morning of the incident. It is unclear whether the family members were specifically targeted in the attack.

Texas Governor Greg Abbott has called for a review of the state's gun laws and for the immediate implementation of measures to address domestic violence. ""We must do more to protect our citizens and our communities,"" Abbott said in a statement. ""We will not allow a small minority of the population to terrorize the entire state.""

The shooting is the deadliest in Texas history and one of the worst mass shootings in U.S. history. Several vigils and memorial services have been held in Sutherland Springs and across the state to honor the victims and their families. President Trump and the first lady visited the town on Tuesday to offer their condolences and meet with survivors and first responders.",AI,news
"Uber drivers are freelancers, not employees, federal labor lawyer says","Federal Labor Lawyer States Uber Drivers are Freelancers, Not Employees

Uber drivers have long been a topic of debate when it comes to the definition of their employment status. Are they employees or are they freelancers? The answer to this question has been a source of confusion and controversy for years, especially when it comes to determining the benefits and protections that should be provided to Uber drivers. However, a recent statement from a federal labor lawyer may have shed some light on the issue, stating that Uber drivers are indeed freelancers, not employees.

The statement from the federal labor lawyer was made in response to a recent lawsuit filed by a group of Uber drivers who claimed that they should be classified as employees under federal law. The drivers argued that they were not given the necessary benefits and protections that are required for employees, such as minimum wage guarantees, overtime pay, and access to health insurance.

However, the federal labor lawyer who reviewed the lawsuit concluded that Uber drivers are not employees, but rather independent contractors or freelancers. The lawyer argued that Uber drivers have the freedom to choose when and how much they work, which is a key characteristic of a freelancer. Additionally, Uber drivers are free to work for other ride-sharing companies or even start their own businesses, further establishing their status as freelancers.

The statement from the federal labor lawyer is a significant win for Uber, as the company has long maintained that its drivers are not employees, but rather independent contractors. This has been a hotly debated issue, with many arguing that Uber drivers are, in fact, employees who are entitled to the same protections as any other worker.

The classification of Uber drivers as freelancers has significant implications for the gig economy as a whole. The gig economy has become increasingly popular in recent years, with many workers preferring the flexibility and autonomy it offers. However, the lack of benefits and protections for gig workers has been a major concern for many, leading to calls for improved regulations and protections.

Overall, the statement from the federal labor lawyer is a significant development in the ongoing debate over the employment status of Uber drivers. While the issue is not entirely settled, this statement provides further evidence that Uber drivers are indeed freelancers, not employees. This could have significant implications for the gig economy as a whole and will likely continue to be a topic of discussion and debate in the years to come.",AI,news
Justin Bieber & Hailey Baldwin Bond in Laguna Beach,"Laguna Beach, California - Pop singer Justin Bieber and model Hailey Baldwin were spotted enjoying a romantic day out in Laguna Beach.

Bieber and Baldwin, who are rumored to be a couple, were seen strolling hand-in-hand on the beachfront and spending some quality time together. The duo appeared relaxed and content in each other’s company.

Sources close to the couple revealed that they were staying at a villa in Laguna Beach for a few days, and they couldn't resist the temptation of spending some time in the beautiful California sun.

As they walked along the beach, the couple stopped to take selfies with fans and interacted with them warmly. The 27-year-old singer was seen happily signing autographs, posing for pictures, and chatting up fans, while Baldwin, 24, enjoyed the view and the sea breeze.

The couple was dressed casually, with Baldwin sporting a white bikini top and denim shorts, while Bieber opted for a white tee and black shorts. They both wore sunglasses to protect their eyes from the bright sun.

According to eyewitnesses, the couple stayed close to each other throughout the outing and kissed frequently. They seemed to be in their own world, enjoying each other's company and the peaceful surroundings.

Bieber and Baldwin have been in an on-again, off-again relationship for several years. They were first linked in 2015 and got engaged in 2018, but broke up later that year. They rekindled their romance in 2019 and got married in a private ceremony in 2020.

The couple has recently been making headlines for their romantic getaways to various tropical destinations, including Hawaii and Turks and Caicos.

It remains to be seen where the couple will head out to next, but one thing is for sure: Bieber and Baldwin are enjoying each other's company to the fullest.",AI,news
Body in Shallow Grave Believed to Be That of Adea Shabani,"Body in Shallow Grave Believed to Be That of Adea Shabani

Los Angeles--A body found in a shallow grave in a remote area of Northern California is believed to be that of aspiring actress Adea Shabani. The 25-year-old disappeared on February 23, 2018, after leaving her Hollywood home.

Shabani's boyfriend, 33-year-old former reality TV contestant Chris Spotz, was considered a suspect in her disappearance. After a police pursuit in which Spotz fatally shot himself, authorities discovered Shabani's body on Monday, March 26.

The discovery came after a month-long search for the missing actress. The shallow grave was located in a remote area of Spenceville Wildlife Area near Grass Valley, over 400 miles from Shabani's home in Hollywood.

According to police, the investigation is ongoing and the identity of the body has not been confirmed via official channels. However, sources close to the investigation have confirmed to media outlets that the body is believed to be Shabani.

Shabani had moved to Hollywood from Macedonia to pursue her acting dreams. Her disappearance generated widespread media attention and her family had offered a $25,000 reward for information leading to her safe return.

Spotz, who had a fiancée at the time of Shabani's disappearance, had given conflicting reports to authorities about his interactions with Shabani before her disappearance. He told police that he had traveled with Shabani to Northern California to look for an apartment and that he had left her in the area after an argument.

Spotz was later found to have traveled to Colorado and back to California during the period of Shabani's disappearance. He fatally shot himself in Riverside County after leading police on a chase.

The confirmation of Shabani's death brings a tragic end to the search for the young actress and has left her family devastated. A family spokesperson expressed their gratitude to the public, who had supported their search for Shabani, and asked for privacy during this difficult time.

The investigation into Shabani's death remains ongoing, and authorities have not disclosed any details about how she died. More information is expected to be released as the investigation progresses.",AI,news
A French cyclist may win the Tour de France - Cycling’s coming home,"In the world of professional cycling, the Tour de France is considered the biggest and most prestigious event in the calendar. For many years, the tour has been dominated by legendary riders such as Lance Armstrong, Eddy Merckx, and Miguel Indurain, but this year, there may be a new champion. French cyclist, Julian Alaphilippe, has been putting in impressive performances and could potentially become the first Frenchman to win the tour in 34 years.

Alaphilippe has been in phenomenal shape throughout the tour, winning two stages and finishing in the top ten in six others. He has also held the yellow jersey, awarded to the overall leader of the race, for a significant portion of the tour. This has led many experts to believe that he has a real chance of winning the coveted yellow jersey for the first time in his career.

Alaphilippe currently holds a 1 minute and 35-second lead over Geraint Thomas, the defending champion, and will be looking to extend this lead in the final stages of the race. The Frenchman has already proven himself to be a versatile rider, excelling in climbs and time trials, which are both critical components of the tour.

If Alaphilippe does go on to win, it will be the first time a French rider has won since Bernard Hinault in 1985. French cycling has been waiting for a victory for a long time, with many of the country's top riders falling just short in recent years. Alaphilippe has been a beacon of hope for French cycling fans since he emerged on the scene in 2014, and there is a sense of excitement among the fans that this could finally be their year.

The final stages of the tour are always the most exciting, with riders pushing themselves to the limits in a bid to claim the yellow jersey. Alaphilippe will face stiff competition from riders such as Thomas, Steven Kruijswijk, and Emanuel Buchmann, but the Frenchman has been riding with confidence and authority that suggests he is up to the challenge.

If Alaphilippe does manage to win the tour, it will be a historic moment not only for French cycling but for the country as a whole. Cycling is deeply ingrained in the nation's culture, and a French victory would be celebrated all across the country. It would be the ultimate validation for Alaphilippe's hard work and dedication, and it would cement his place as one of the greatest French riders of all time.

As the tour enters its final stages, the excitement among fans is palpable. All eyes will be on Alaphilippe as he attempts to bring cycling's biggest prize back to France. If he can hold on and win the tour, it will be a moment that will be remembered for years to come. Cycling's coming home, and there's a Frenchman leading the charge.",AI,news
Harvey Weinstein Under Federal Investigation for Sex Crimes,"Harvey Weinstein Under Federal Investigation for Sex Crimes

The disgraced Hollywood mogul, Harvey Weinstein, is under federal investigation for sex crimes, according to sources close to the case. The investigation comes after Weinstein was found guilty of third-degree rape and a criminal sexual act in New York State Court.

Weinstein, who was once one of the most powerful men in Hollywood, has been accused of sexual misconduct by more than 80 women, including some of the world's most famous actresses. He has denied any wrongdoing.

According to reports, the federal investigation is focusing on whether Weinstein violated federal sex trafficking laws by enticing or coercing women to travel across state lines for the purpose of engaging in sex acts. In addition, investigators are looking into whether Weinstein committed wire fraud by using his company's resources to facilitate the alleged misconduct.

The investigation is being conducted by the FBI and prosecutors from the U.S. Attorney's Office in Manhattan. It is not clear at this time what charges, if any, will be brought against Weinstein.

A spokesperson for Weinstein's legal team did not respond to requests for comment on the federal investigation.

Weinstein was sentenced in March 2020 to 23 years in prison for his crimes in New York. He is currently being held at Wende Correctional Facility in upstate New York. In addition to the criminal charges, Weinstein is also facing several civil lawsuits from women who have accused him of sexual misconduct.

The allegations against Weinstein sparked the #MeToo movement, which led to a wave of sexual harassment and assault allegations against powerful men in the entertainment industry, politics, and other industries.

The federal investigation into Weinstein's alleged sex crimes is ongoing, and more details are expected to emerge in the coming weeks and months. Weinstein's many accusers are hopeful that the investigation will lead to justice and accountability for the harm he allegedly caused.",AI,news
Criminals used a swarm of drones to surveil and disrupt an FBI hostage operation,"In a stunning display of technological sophistication, a group of criminals used a swarm of drones to surveil and disrupt an FBI hostage operation earlier this week. The incident has raised concerns about the potential misuse of commercial drones, which can be easily modified and weaponized.

Officials say the incident occurred during a high-stakes operation in which the FBI was attempting to rescue a hostage from a remote location. As the specialized team moved in on the target, they were suddenly swarmed by a large group of drones, which were equipped with advanced optics and jamming technology.

The drones disrupted the team's communication systems and interfered with their ability to maintain situational awareness. Some of the drones even carried small arms, which they used to fire at the FBI operatives.

""The level of sophistication of this attack was unprecedented,"" said FBI Director Christopher Wray. ""These criminals were clearly well-funded and well-trained, and they were able to coordinate their actions in real-time using advanced technology.""

Fortunately, the FBI team was able to overcome the drone swarm and complete their rescue mission. However, the incident has raised concerns about how criminals might use drones in future attacks.

""We have long been worried about the potential misuse of commercial drones by terrorists and criminal organizations,"" said DHS Secretary Alejandro Mayorkas. ""This incident has shown that our concerns are well-founded. We need to take urgent action to strengthen our drone defense capabilities and ensure that our law enforcement agencies are equipped to deal with this emerging threat.""

The incident has also spurred calls for tighter regulations on the purchase and use of commercial drones. Currently, anyone can buy a drone online or in a store, and there are few restrictions on how they can be used.

""We need to ensure that drones are being used for legitimate purposes only,"" said Senator Dianne Feinstein. ""We cannot allow criminals to take advantage of this technology to threaten our national security or harm innocent people.""

The FBI has launched an investigation into the incident and is working closely with other law enforcement agencies to identify the perpetrators. In the meantime, officials are urging the public to remain vigilant and report any suspicious drone activity to the authorities.",AI,news
Ebola treatment center in the Congo attacked for the second time,"Ebola Treatment Center in the Congo Attacked for the Second Time

The Ebola outbreak in the Democratic Republic of Congo has taken another dangerous turn as an Ebola treatment center was attacked for the second time. The attack occurred in Butembo, a city in the northeastern corner of the country that has been at the center of the outbreak.

The attack occurred in the early hours of the morning and left several people injured. According to reports, the attackers set fire to several buildings, including the treatment center and a school that was being used as a temporary hospital. It is unclear who carried out the attack or why.

The Ebola outbreak in the Democratic Republic of Congo has been ongoing since August 2018 and has claimed the lives of more than 2,200 people. It is the second-worst Ebola outbreak in history, surpassed only by the outbreak in West Africa from 2014 to 2016 that killed more than 11,000 people.

Attacks on Ebola treatment centers have become a common occurrence in the current outbreak, with the first attack on the Butembo treatment center occurring in March of this year. These attacks pose a significant threat to efforts to contain the outbreak, as they disrupt the work of healthcare workers and cause fear and panic among local communities.

The World Health Organization (WHO) has expressed concern over the attack and has called on all parties in the region to respect the safety and security of healthcare workers and facilities. In a statement released on Monday, the WHO said that ""attacks on health workers and facilities are unacceptable and must stop immediately.""

In addition to the violence, there are other challenges to containing the outbreak, including a lack of resources and mistrust among local communities. There have been reports of people refusing to seek treatment or participate in contact tracing efforts, which has made it difficult to track and isolate infected individuals.

The WHO and other organizations have been working tirelessly to contain the outbreak, but with each attack, the situation becomes more difficult. It is essential that all parties come together to find a solution to end the violence and work together to stop the spread of Ebola.

As the situation in the Democratic Republic of Congo continues to unfold, it is clear that the fight against Ebola is far from over. The latest attack on the Butembo treatment center serves as a harsh reminder of the challenges faced by healthcare workers and the need for continued support from the international community.",AI,news
Senators unveil road map for self-driving car legislation,"Senators Unveil Road Map for Self-Driving Car Legislation

Washington D.C. - A bipartisan group of Senators have released a detailed proposal for self-driving car legislation in the United States. The proposal outlines a framework for government regulations that would ensure that autonomous vehicles can operate safely and effectively on American roads.

The bill is backed by Senators Gary Peters (D-Mich.) and John Thune (R-S.D.), and it aims to ""provide a path for the safe testing, deployment, and eventual operation of self-driving vehicles in the United States"". The senators have been working on this bill for several years now, and it has garnered the support of major stakeholders in the automotive industry.

The proposal, called the ""AV START Act,"" would require self-driving car manufacturers to submit safety reports for each vehicle model before it can be sold. These safety reports would have to include information on the vehicle's design, testing, and accident history. The National Highway Traffic Safety Administration (NHTSA) would be responsible for enforcing these safety standards.

The bill also clarifies the federal and state roles in regulating self-driving cars. It stipulates that the federal government would have primary responsibility for regulating the design, construction, and performance of autonomous vehicles. However, states would still have the authority to regulate registration, licensing, and insurance for self-driving cars.

In addition, the proposal includes provisions for data privacy and cybersecurity. It requires self-driving car manufacturers to develop plans for protecting the data collected by autonomous vehicles and for preventing cybersecurity threats. It also establishes a process for users to opt-in to data collection and sharing.

Overall, the bill aims to strike a balance between fostering innovation in the autonomous vehicle industry and ensuring public safety. Senator Peters stated, ""Self-driving vehicles have the potential to provide tremendous benefits for our economy and society, but we need to make sure they are safe for all road users. The AV START Act is a critical step towards achieving that goal.""

The release of this proposal is a significant milestone for the development of self-driving car legislation in the United States. The automotive industry has been calling for government regulations for years, in order to provide a clear framework for the testing and deployment of autonomous vehicles. With the AV START Act, it appears that the United States may finally be on track to establish a comprehensive regulatory system for self-driving cars.",AI,news
George R.R. Martin says that three of HBO’s Game of Thrones spinoffs are ‘moving forward nicely’,"George R.R. Martin, the author of the bestselling book series A Song of Ice and Fire, has just revealed some exciting news for avid fans of the Game of Thrones franchise. He recently announced that three of HBO’s Game of Thrones spinoffs are currently ""moving forward nicely"" in development.

According to Martin’s blog post, he has been working closely with the showrunners and the writers of the spinoffs, and he can attest that they are making good progress in bringing the rich and complex world of Westeros to life on the small screen once more.

Martin did not divulge any specific details about the three spinoffs, but he hinted that each of them would explore different aspects of the Game of Thrones universe. He mentioned that one of the spinoffs would be set in the distant past, while another would delve deeper into the intricate politics and power struggles of the Seven Kingdoms.

The third spinoff, Martin revealed, would be a ""big ambitious series"" that would take place in an entirely different world altogether. He explained that this spinoff would offer ""something wholly new and unexpected"" for fans of the franchise.

This news comes after HBO previously announced that they were working on several spinoffs that were in various stages of development. The long-awaited prequel, House of the Dragon, was already given the green light and is set to premiere in 2022. The show will explore the rise of House Targaryen and their eventual downfall.

While fans still have a while to wait until the spinoffs officially premiere, Martin assures them that they are in good hands. HBO has assembled a team of talented writers and producers to bring these stories to life, and Martin himself is also involved in the creative process.

As a diehard fan of the Game of Thrones franchise, Martin says he is excited to see what the future holds for the spinoffs. He expressed his confidence that they will be just as thrilling and engaging as the original series. Fans can only hope that he is right, and that the new spinoffs will be able to capture the same magic that made Game of Thrones such a cultural phenomenon.",AI,news
American tourist arrested for Indiana Jones-style escapade in Jerusalem,"Jerusalem, Israel - An American tourist has been arrested by Israeli authorities after an Indiana Jones-style escapade through the ancient city of Jerusalem. The tourist, identified as John Smith, was caught climbing the walls of the Old City with a whip and a fedora hat, reminiscent of the famous adventurer played by Harrison Ford in the Indiana Jones movies.

According to witnesses, Smith had been seen earlier in the day exploring various historical sites in the city, including the Western Wall and the Garden Tomb. But trouble started when he decided to venture off the beaten path and explore some of the less touristy areas of the city.

""He looked like he was in some kind of fantasy world, like he was playing Indiana Jones or something,"" said one witness. ""He had a whip and a hat and was running around like he was on some kind of mission.""

Smith's actions caught the attention of police, who were quickly called to the scene. They found him climbing the walls of the Old City, apparently trying to reach the Dome of the Rock, one of the holiest sites in Islam.

""He was clearly endangering himself and others with his reckless behavior,"" said a police spokesman. ""We had no choice but to intervene and take him into custody.""

Smith has been charged with disturbing the peace and endangering himself and others. He is currently being held in custody while authorities investigate his actions.

The incident has sparked outrage among locals, who have criticized Smith for disrespecting their city and its culture.

""Jerusalem is a holy city, not some playground for tourists to act out their Indiana Jones fantasies,"" said one resident. ""We demand that visitors show respect for our traditions and our way of life.""

The incident also highlights the need for better regulation of tourism in Jerusalem, which has seen a surge in visitors in recent years. Authorities are now calling for stricter controls to prevent similar incidents from happening in the future.

""We cannot allow tourists to behave in this way and put themselves and others at risk,"" said the police spokesman. ""We will be taking steps to ensure that visitors to Jerusalem are fully aware of the rules and regulations governing their behavior.""",AI,news
Argentina's lower house clears debt settlement package,"Argentina has taken a step closer to resolving its longstanding debt crisis after the country's lower house cleared a deal that will allow the government to restructure its $65 billion debt.

The vote in the lower house of Congress was a major victory for President Alberto Fernandez's center-left government, which had been pushing for the debt settlement package since taking office in December 2019.

The deal allows Argentina to extend the maturity of its debt, reduce interest payments, and impose a three-year grace period on repayments, which it hopes will give the country's struggling economy time to recover.

The restructuring agreement was reached in early August after months of negotiations between the government and international creditors. Many investors are expected to accept the new terms, which offer about 55 cents on the dollar, although some may still hold out for better terms.

""The agreement allows us to regain sovereignty and control over our debt,"" said Argentine Economy Minister Martin Guzman.

Argentina's debt crisis began in 2018 during the government of former President Mauricio Macri, when the country's economy entered a severe recession. The government borrowed heavily to try to stabilize the economy, but by the end of 2019, Argentina's total debt had reached $315 billion, more than 90% of its GDP.

President Fernandez has repeatedly promised to address the country's debt crisis and prioritize economic growth. However, the pandemic has made the situation more challenging, with the economy expected to contract by around 10% this year.

The debt settlement package still needs to be approved by the Senate, but with the backing of the ruling coalition, it is seen as likely to pass. If it is approved, it will mark a major step forward for Argentina as it works to rebuild its economy and put its debt crisis behind it.",AI,news
Ryan Reynolds Baked a Valentine's Day Cake for Blake Lively,"It looks like the love between Ryan Reynolds and Blake Lively has no bounds as Ryan recently went above and beyond to make his wife happy on Valentine's Day. The 'Deadpool' actor decided to unleash his inner baker and whipped up a homemade cake for his beloved spouse, much to the delight of his fans.

Taking to his social media handle, the 44-year-old actor shared a picture of himself in a kitchen apron holding an impressive-looking cake topped with candy hearts. He captioned the post with a witty note that read, ""I baked this cake for my wife. The icing is glue, 'cause I'm not a scientist. Happy V-Day, @blakelively.""

Blake Lively, who has been married to Ryan since 2012, did not hold back in showing her appreciation for the sweet gesture. The 'Gossip Girl' actress responded with a heartwarming comment, writing, ""Omg. Going for the husband of the year award...,"" also adding several heart emojis to express her admiration for the sweet treat.

The news of Ryan's baking adventure has since gone viral, with his fans and followers showering him with praises for his romantic gesture. Many took to their social media accounts to comment on the cake's beautiful presentation, with others praising his humor and how he kept up the ceremony of always going the extra mile for his wife on special occasions.

This is not the first time that Ryan has put his domestic skills to the test, as he has in the past shared glimpses of his life as a family man. He frequently posts pictures and videos of his children, and it is evident that his wife and children mean everything to him.

Although the couple has had their share of ups and downs, they have remained devoted to each other, making Ryan Reynolds' Valentine's Day cake an impressive symbol of their love and commitment. The world would undoubtedly love to learn more about their amazing relationship and for more baking ventures from Reynolds.",AI,news
Preview: Yankees at Indians,"The Yankees are all set to visit the Indians, as the two teams clash in a thrilling game at the Progressive Field on Wednesday night. It is set to be an exciting matchup as both teams are heading in different directions.

The Yankees are coming off a handy victory over the Baltimore Orioles, and they will be hoping to carry the momentum into this encounter. The likes of Aaron Judge, Giancarlo Stanton, and Gary Sanchez have all been in great form lately, and the Indian's pitching staff will need to be at their best to contain them.

The Indians, on the other hand, have endured a tough period lately, losing their last four games on the bounce. Their batters have struggled to score runs, putting extra pressure on the pitching unit.

Despite their recent struggles, the Indians boast a formidable starting pitcher in the form of Shane Bieber. He will be hoping to lead his team to victory against the Yankees and claim his seventh win of the season.

The Yankees will be starting their ace Gerrit Cole, who has been impressive so far this season. He has registered six wins already and will be hoping to add to his tally.

The game promises to be a close encounter, with both teams having a lot to play for. A win for the Yankees could see them stretch their lead at the top of the American League East, while a win for the Indians will be a much-needed confidence booster for the team.

Baseball fans are eagerly waiting for the game, which is set to be a thriller. It will be interesting to see which team comes out on top at the end of the night.",AI,news
Senators set to vote on the GOP tax bill and they can't even read it,"Washington D.C. - Senators from both parties are voicing frustration and concern as they prepare to vote on the Republican tax bill, despite not having had enough time to read it. The bill, which was released on Friday night, has been a topic of fierce debate in the Senate. However, as the vote draws near, many senators have admitted that they have not yet had time to fully read the bill.

The Republican leadership has been pushing hard to pass one of the largest tax reform bills in American history before the end of the year, and as such, they have been working around the clock to finalize the bill. The legislation reportedly runs over 500 pages, and many senators say they have only received it in the last few days.

""I think it's outrageous that we're being asked to vote on a bill that we haven't even read yet,"" said Democratic Senator John Tester. ""This is one of the most important pieces of legislation that we'll vote on this year, and we need to be given enough time to fully understand it.""

Even Republican senators have expressed concern, with Senator Ron Johnson calling the rush to pass the bill ""a little crazy."" Johnson went on to say that it's ""unacceptable"" to be voting on such a significant piece of legislation without having had enough time to read it.

The Republican leadership, however, has downplayed these concerns, with Senate Majority Leader Mitch McConnell suggesting that senators could ""read it over the weekend."" But, many senators argue that this is not enough time to fully comprehend and analyze the bill.

Despite the concerns, Senate Republicans appear to have enough votes to pass the bill. The legislation would make sweeping changes to the U.S. tax code, including changes to corporate taxes, pass-through income, individual rates, and the estate tax.

President Trump has made tax reform a top priority, arguing that it will boost economic growth and create jobs. However, critics argue that the bill disproportionately benefits the wealthy and corporations, and will do little to help the middle class.

The vote is set to take place on Tuesday, and with little time left to fully analyze the bill, there has been increasing pressure on lawmakers to carefully consider the potential ramifications of this significant legislation.",AI,news
A champion is named at the Quidditch World Cup,"London, UK - After a month-long battle between 16 international teams, a champion has finally been named at the 2022 Quidditch World Cup.

In a nail-biting final match held at Wembley Stadium, the United States team emerged victorious over their Australian opponents, with a final score of 250-220. This marks the first time the United States has won the tournament since 2014.

The game saw intense action from both sides, with the US maintaining a slight lead throughout most of the match. However, the Australians refused to go down without a fight and managed to tie the score with just two minutes left on the clock.

The turning point came when US Seeker, Hannah Scott, successfully caught the Golden Snitch, ending the match and securing the championship for her team.

""I am beyond thrilled,"" said Scott after the match. ""We worked so hard for this and it's an amazing feeling to finally be the champions again.""

The US team's captain, Jack Thomas, credited their success to their dedication and teamwork.

""I couldn't be prouder of my team,"" said Thomas. ""Every player on our roster played a crucial role in getting us to this point. We came into this tournament as underdogs, but we never lost sight of our goal and we fought hard every step of the way.""

The Quidditch World Cup, which takes place every four years, is the biggest event in the sport of Quidditch, a fictional game made famous by the Harry Potter book series. The sport has since been adapted into a real-life competitive activity with teams all over the world.

The 2022 tournament was the first to be held since the COVID-19 pandemic, with the organizers taking extra precautions to ensure the safety of players and spectators alike.

Despite the challenges, the Quidditch World Cup was a huge success, drawing in thousands of fans from around the globe and showcasing the incredible athleticism and sportsmanship of the players involved. Congratulations to the United States team for their well-deserved victory!",AI,news
Olympics: Mixed weather and waves at Tokyo 2020 surfing test event,"The upcoming 2020 Tokyo Olympics showcased their surfing test event on Saturday, which was met with mixed weather and waves. The event took place in a popular surfing spot called Shidashita Beach, located an hour south of Tokyo.

Overall, the waves at the event were deemed inconsistent, with some athletes struggling to catch waves while others managed to maneuver through the choppy surf. In addition, the weather brought a mix of sunshine, rain, and strong winds, making conditions even more challenging for the surfers.

Despite these challenges, many competitors remained optimistic about the event and the prospect of surfing in the Olympics. ""It's amazing to have surfing in the Olympics and to be able to represent your country on the world stage,"" said American surfer Caroline Marks. ""I think it's going to be an amazing opportunity for the sport and for all of us.""

The surfing event at the 2020 Olympics will feature 20 male and 20 female surfers, with athletes coming from all corners of the globe. This will be the first time that surfing has been included in the Olympics and is a testament to the growing popularity of the sport worldwide.

One athlete who is particularly excited about the prospect of surfing at the Olympics is Japanese surfer Kanoa Igarashi. ""It's a dream come true to have the Olympics in your home country and to have surfing be a part of it,"" said Igarashi. ""I think it's going to be an amazing showcase for the sport and hopefully inspire more people to start surfing.""

The mixed weather and waves at the Tokyo 2020 surfing test event may have presented some challenges, but the athletes remain focused on their goal of achieving Olympic glory. With the Olympics just a year away, the world will be eagerly watching as surfing makes its debut on the grandest stage of them all.",AI,news
Obama's gun reforms rely on funding from Congress,"In the latest move to restrict gun access in the United States, former President Barack Obama has proposed new gun control measures that would rely on funding from Congress. The gun reforms, which aim to curb gun violence in the country, were unveiled by Obama in a public address.

Obama has been a vocal supporter of stronger gun control laws since his time in office, and has criticized Congress for refusing to take action on the issue. With his new proposals, he hopes to create stricter standards for background checks and limit the availability of assault weapons.

However, the former president acknowledged that without funding from Congress, the proposed reforms would be difficult to implement. In his address, he appealed to lawmakers to prioritize funding for gun control initiatives, stating that the issue was a matter of public safety.

""We know that gun violence is a public health emergency in this country,"" Obama said. ""We need comprehensive solutions to address this crisis, and that requires funding from Congress.""

The proposed reforms have been met with mixed reactions from lawmakers and gun rights groups, with some praising Obama's efforts and others voicing opposition. Republican leaders have been particularly critical of the reforms, arguing that they would infringe on Americans' constitutional right to bear arms.

Despite the controversy surrounding the issue, Obama has continued to push for gun control measures, citing the toll that gun violence has taken on American communities.

""Every year, thousands of Americans are killed by gun violence,"" he said. ""We owe it to the victims and their families to take action on this issue – and we need the support of Congress to make it happen.""

The proposed gun reforms mark the latest effort by Obama to address gun violence in the US, and reflect his ongoing commitment to promoting public safety. With funding from Congress, these measures could potentially become a significant step towards reducing the impact of guns in American society.",AI,news
Periodic table to gain four new elements ,"Scientists around the world are rejoicing as the Periodic Table of Elements is set to gain four new additions. These new elements will be added to the seventh row of the table, completing it for the first time.

The International Union of Pure and Applied Chemistry (IUPAC), which governs the naming of elements, announced the discovery of these new elements on December 30th, 2020. The proposal to name these new elements was first made back in 2016, but it has taken several years of verification and testing to confirm their existence.

The new elements have been temporarily named ununtrium (element 113), ununpentium (element 115), ununseptium (element 117), and ununoctium (element 118). These long and hard-to-pronounce names reflect the temporary nature of the names, as the actual names for the elements are yet to be decided.

The discovery of these new elements has been a long and complicated process. In order to create these elements, different atomic particles need to be smashed together in a particle accelerator, resulting in the creation of new nuclei. These nuclei have extremely short half-lives, meaning that they quickly decay into other particles. As a result, it is incredibly difficult to detect and study them.

Despite these challenges, scientists have been working to create and detect these new elements for decades. The discovery of the new elements is a testament to the dedication and expertise of the scientists involved.

The addition of these new elements to the Periodic Table is not just a matter of scientific curiosity. Understanding the properties of these new elements can help scientists develop new technologies and materials. It is also a reminder of the incredible diversity and complexity of the universe, and the importance of continuing to explore and understand it.

The announcement of the new elements has been met with excitement from the scientific community. It is a reminder of the power of scientific inquiry and discovery, and the incredible possibilities that lie ahead.",AI,news
Black hole near Earth 'burps' gas,"Scientists have observed a black hole located just 1,000 light-years from Earth ""burping"" a cloud of gas into space. The black hole, known as V616 Monocerotis, was observed by a team of international scientists using the European Space Agency's XMM-Newton satellite.

According to the study published in the journal Nature Astronomy, the cloud of gas is roughly 10 light-years across and appears to be moving away from the black hole at a speed of 1.2 million miles per hour. The researchers believe that this ""burp"" was caused by material falling into the black hole and causing a powerful eruption.

""The black hole's meal is not only taking place at the expense of the gas, but also causing the gas to flee the scene,"" study co-author Jelle Kaastra, an astrophysicist at the Netherlands Institute for Space Research, said in a statement.

This is not the first time that V616 Monocerotis has been observed exhibiting unusual behavior. In the 1990s, scientists observed the black hole suddenly brighten by a factor of 10,000 before returning to its normal brightness over the course of several weeks.

Despite its close proximity to Earth, V616 Monocerotis is not considered a danger to the planet. Black holes are typically only a threat to their immediate surroundings and do not pose any danger to objects located at a safe distance.

""This is a fascinating discovery, and it shows us once again the incredible forces at work in our universe,"" said study co-author Norbert Schartel, an astrophysicist at the European Space Agency. ""We will continue to study this particular black hole and others like it in order to learn more about the way our universe works.""",AI,news
"Cancer death rate continues to drop, thanks to science","YEAR END SPECIAL

Cancer death rate continues to drop, thanks to science

The world has seen a continued decline in the cancer death rate across the last decade. The 2022 Cancer Statistics report released by the American Cancer Society's Cancer Action Network (ACS CAN) states that the US has witnessed a 2.4% drop in the cancer death rate, with the global average being an estimated reduction of about 1% per year.

Experts believe that the main contributor to this positive trend is scientific breakthroughs in the field of cancer research. ""Over the past several decades, we have made remarkable strides in our understanding of the biology of cancer, as well as in the development of new treatments,"" says Dr. José Baselga, a leading oncologist at Memorial Sloan Kettering Cancer Center.

The report specifies that immunotherapy, targeted therapies, and precision medicine have contributed significantly to the progress in cancer treatment, improving not only survival rates but also the quality of life for cancer patients. The advancements made in precision medicine, which uses genetic analysis to match cancer patients with the most effective treatment, have been a game-changer.

Another critical development has been in the fields of prevention and early detection. The report highlights that the vaccination against HPV (human papillomavirus) has played a crucial role in reducing the incidence rate of several cancers, including cervical cancer, the primary cause of cancer death in women in some countries. Early detection through screening tests, such as mammography and colonoscopies, has also enabled the cancer diagnosis at the earliest stage, often resulting in more successful treatment regimens.

The world's response to the COVID-19 pandemic has significantly impacted cancer treatment due to delayed care and disrupted supply chains. Nonetheless, the cancer research community continues to develop new therapies and technologies amidst these challenges, such as CAR-T cell therapy, which uses the body's immune system to fight cancer.

Dr. Baselga applauds the efforts of the global cancer community, ""We are witnessing real advancements in research, but continued investment from governments, philanthropic organizations, and the private sector is key to sustaining this momentum.""

Ultimately, the report emphasizes that cancer remains a formidable disease that continues to cause considerable human suffering and loss worldwide. Nevertheless, the progress achieved through science shows that it's possible to reduce cancer's impact and provide hope for millions of patients and their families. 

By Julia Garber
Freelance Medical Writer",AI,news
Texas governor joins Marco Rubio in call for new constitutional convention,"Texas Governor Greg Abbott has joined Senator Marco Rubio in urging for a new constitutional convention to amend the United States' founding document. They seek to add new amendments that would provide the country with additional protections against government overreach and economic instability. 

Governor Abbott is one of several governors who have expressed support for this action. In a letter to Rubio, Abbott stated that ""we are in need of a renewed commitment to the principles of our Constitution to preserve the freedoms that have shaped our great nation."" 

Some of the proposed new amendments seek to give states more power over the federal government, including the ability to override national laws and regulations they deem harmful. There are also calls for a balanced budget amendment to be added to the Constitution, which would prevent the government from spending more money than it takes in. 

Critics of the proposed constitutional convention argue that opening up the Constitution to amendments could lead to unforeseen and unintended consequences. They also contend that a convention could become a partisan battleground, with each side seeking to push its own agenda while ignoring the other.

Advocates, on the other hand, say that a constitutional convention is a legitimate way to make needed changes to the country's founding document. They point out that the last time a convention was held, in 1787, it resulted in the creation of the Constitution that has served as the backbone of the country's government for over two centuries.

It remains to be seen whether a constitutional convention will actually be called. It would require support from two-thirds of the states, and getting that level of agreement on any issue in today's political climate would be difficult. However, the growing support for the idea from high-profile figures like Governor Abbott and Senator Rubio suggests that it could be a topic of debate for some time to come.",AI,news
Valuing your time may be linked to happiness,"Valuing your time may be linked to happiness, according to a recent study by researchers at the University of British Columbia.

The study, which was published in the journal Social Psychological and Personality Science, found that people who place a higher value on their time are more likely to lead happier lives. This was true even when taking into account factors such as income, age, and gender.

The researchers surveyed 4,422 adults in the United States and Canada, asking them questions about their happiness, satisfaction with life, and how much they valued their time. They found that people who placed a higher value on their time were happier and more satisfied with life, regardless of how much money they made.

“Our results suggest that valuing time over money is one indicator of well-being and happiness,” said lead author Ashley Whillans, an assistant professor at the University of British Columbia. “People who prioritize time over money report being happier in their daily lives.”

The study also found that people who valued their time more highly were more likely to engage in activities that brought them happiness, such as spending time with loved ones, pursuing hobbies, and participating in community events.

The researchers noted that valuing time over money does not necessarily mean that people should turn down opportunities for financial gain. However, it does suggest that people should be mindful of how they are spending their time and should prioritize activities that they find fulfilling and enjoyable.

“People often think about how much money they are making when they consider the value of their time, but our research suggests that people should be thinking about how they are spending their time,” said Whillans. “Investing time in valued activities with loved ones can bring tremendous happiness and well-being.”

Overall, the study suggests that valuing time over money can be a key factor in happiness and well-being. By prioritizing activities that bring us joy and fulfillment, we can lead more satisfying lives.",AI,news
Alabama outlasts Clemson to win NCAA football title,"In a thrilling match up that captivated football fans across the country, the Alabama Crimson Tide emerged victorious over the Clemson Tigers to claim their sixth NCAA football championship title on Monday night.

Played at the Hard Rock Stadium in Miami Gardens, Florida, the game was a closely contested affair from start to finish with neither team giving an inch to their opponents. But ultimately it was Alabama's resilience and determination that shone through as they held their nerve to claim a 31-24 victory over their rival Clemson.

The game got off to a fast-paced start with both sides exchanging early touchdowns within the first five minutes of play. Clemson, who had narrowly defeated Ohio State in the semifinal, looked particularly dangerous early on with quarterback Trevor Lawrence leading a number of impressive drives deep into Alabama territory.

But despite this early onslaught, Alabama refused to wilt under the pressure and instead dug deep to mount a series of successful counter-attacks. Behind the inspired playmaking of quarterback Mac Jones and the all-round excellence of running back Najee Harris, the Crimson Tide slowly but surely began to take the upper hand.

By halftime, Alabama had established a slender 17-10 lead but knew full well that the game was far from over. Clemson continued to fight fiercely, demonstrating their impressive offensive prowess and dogged defensive tenacity as they fought to level the scores.

But the Crimson Tide's mettle was not to be broken and with just over four minutes remaining, they took a decisive lead through a 8-yard touchdown pass from Jones to wide receiver DeVonta Smith. From there, they held on gamely to secure the historic victory and once again claim their place at the summit of college football greatness.

Speaking after the match, Alabama coach Nick Saban hailed his team's resilience and character, pointing out that they had overcome a number of injuries and adversities throughout the season to emerge as champions.

""I couldn't be more proud of this group of players and coaches,"" said Saban. ""They showed incredible determination and mental toughness throughout the season and that's what ultimately got us over the line tonight. Clemson is a fantastic team and they gave us a really tough game but our guys stepped up when it counted and that's what championship football is all about.""

For Clemson, it was a heartbreaking defeat but one in which they can take immense pride. Despite being underdogs coming into the game, they put up a brave fight and demonstrated the kind of resilience and talent that will no doubt see them back in the championship conversation next season.

But for now, it is Alabama's night as they bask in the glory of yet another championship victory and cement their place as one of the greatest college football teams of all time.",AI,news
"Obama scores high marks for speech, less positive for his presidency","Washington D.C. - Former U.S. President Barack Obama delivered a rousing speech at the recent Democratic National Convention, earning high marks for his inspiring and uplifting words. However, despite his impressive speech, many Americans remain critical of his presidency.

On the final night of the convention, Obama took the stage at the Chase Center in Wilmington, Delaware, to formally endorse Democratic nominee Joe Biden. His speech was widely praised for its passionate and forceful delivery, with many viewers commending Obama for his call to action and his ability to inspire and energize the Democratic base.

""Tonight, I am asking you to believe in Joe and Kamala's ability to lead this country out of dark times and build it back better. But here's the thing: no single American can fix this country alone,"" Obama said. ""Democratic values are universal. But we must work for them. Fight for them. Vote for them. And Joe and Kamala will need every single one of us to do it.""

Despite the effusive praise, many Americans remain critical of Obama's presidential legacy. Some believe his policies focused too heavily on big businesses and not enough on average Americans, while others criticize his administration's record on foreign policy and civil liberties.

""Obama's speech was powerful and emotional, but it doesn't change the fact that his presidency was a mixed bag,"" said political analyst John Peterson. ""While he helped pass important healthcare reforms and boosted the economy, the Obama administration also oversaw drone strikes that killed innocent civilians and deported more immigrants than any other president in history.""

Despite the criticism, Obama remains a beloved figure among many Americans, especially within the Democratic Party. His endorsement of Biden is seen as a major boost for the former Vice President's campaign, and Obama's continued popularity could help sway undecided voters in key swing states.

As the election draws nearer, Americans will continue to debate Obama's legacy and the merits of his policies. But one thing is clear: Obama's recent speech has once again cemented his reputation as a gifted orator and inspiring leader.",AI,news
NFL owners voting on Los Angeles relocation ,"NFL Owners Gather to Vote on Relocating Los Angeles Teams

In a historic move, the National Football League (NFL) owners are gathered to decide which teams will relocate to Los Angeles. The owners are meeting at a hotel in Houston to cast their votes that will have a significant impact on the NFL landscape.

The NFL has been without a team in Los Angeles since 1995 when the Raiders and the Rams left the city. Since then, Los Angeles has been without an NFL team, and the city has been lobbying to bring a team back. A rich market like Los Angeles would boost the league's revenue and expand its fan base.

The NFL has approved three franchise proposals to relocate to Los Angeles. These franchises are the San Diego Chargers, St. Louis Rams, and the Oakland Raiders.

The Chargers and Raiders have proposed to build a new stadium in Carson, while the Rams have plan to build a new stadium in Inglewood. The decision to relocate means that two of the three franchises will have to change their plans.

It has been a long and complicated process, with several twists and turns. The owners have been discussing the move for several years, and many factors have been considered in choosing which team would relocate to Los Angeles.

The owners' vote will have a significant impact on the NFL's future, and it is one of the most important decisions in the league's history. The relocation of the Chargers, Rams, and Raiders to Los Angeles would signify a significant shift in the NFL's balance of power.

Los Angeles is an excellent market for the NFL, with a huge television market, an extensive fan base, and a wealth of opportunities for the league. The NFL has been operating without a team in Los Angeles for too long, and the owners have a unique opportunity to change the league's fortunes by approving the relocation.

The NFL owners have the unique responsibility of making a decision that will impact the future of the league and the future of Los Angeles. The owners have spent countless hours in discussion and negotiating the best deal possible for their respective franchises.

The NFL owners' decision will be announced soon, and it will be exciting to see which team(s) will relocate to Los Angeles. The wait for NFL fans in Los Angeles is finally over, and the city will be ready to welcome its new football team(s) with open arms.",AI,news
Winners and losers in Rams' return to LA,"Inglewood, CA - The highly anticipated return of the NFL's Rams to Los Angeles has finally taken place, and with it, the city has gained its newest set of winners and losers.

Winners:
The Rams - Undoubtedly the biggest winners of this move are the Rams themselves. After years of struggling to gain acceptance in their former home, St. Louis, the team now has the opportunity to play in front of a fan base that has been waiting for their return for over two decades. The Rams also received a lucrative deal from the city of Inglewood to build a brand new stadium, which is expected to be one of the most state-of-the-art in the league.

The City of Inglewood - Inglewood is also considered a big winner in this deal. The city now has the potential to thrive economically, as the new Rams stadium will bring in large crowds and plenty of revenue. Additionally, the city's reputation is expected to improve, with visitors and businesses taking a renewed interest in the area.

Los Angeles - The city of Los Angeles also enjoys the benefits of having an NFL team back in the city. The Rams' return will help reestablish the city's reputation as a sports mecca and could attract even more big-name sports teams in the future. Furthermore, the city has gained a significant economic boost, with increased tourism and merchandise sales.

Losers:
St. Louis - The city of St. Louis is perhaps the biggest loser in this situation. The loss of their NFL team means an economic blow, as they will lose out on revenue from ticket sales and merchandise. Additionally, the city is also left to deal with the financial consequences of losing the Rams, which includes paying off the remaining debt for the now unused Edward Jones Dome.

Other NFL Teams - The Rams' move to Los Angeles could potentially result in a loss of fan base and revenue for other NFL teams in the region. This is because Los Angeles is an incredibly large market, and having a new team in the city could potentially take away from other teams' fan bases.

Overall, the return of the Rams to Los Angeles brings both winners and losers. However, it is clear that the city of Los Angeles, the Rams, and the city of Inglewood are poised to benefit the most from this move. Only time will tell how this change will affect the NFL and the surrounding communities in the long run.",AI,news
Ohio dad won't be charged in son's killing,"CLEVELAND, OHIO - An Ohio father who shot and killed his teenage son during an altercation won't be charged in the shooting, according to authorities.

The incident occurred on Wednesday afternoon in their family home in Cleveland, Ohio. The father, whose name has not been released to the public, said that his 17-year-old son had become aggressive towards him and threatened to hurt him. The father said he had no choice but to shoot his son in self-defense.

The Cleveland Police Department arrived at the scene shortly after the shooting and found the teenager with a gunshot wound to his chest. He was pronounced dead at the hospital.

The investigation has been ongoing since the shooting, but the Cuyahoga County Prosecutor's Office announced on Thursday that the father would not be charged with any crimes.

According to Ohio law, a person has the right to use deadly force in self-defense when they believe their life is in imminent danger. Authorities believe that the father acted in self-defense in this case.

""Based on the facts and circumstances of this case, it is our opinion that the father acted lawfully in defending himself against his son's aggressive and potentially deadly behavior,"" said Michael C. O'Malley, Cuyahoga County Prosecutor.

Neighbors of the family expressed shock and sadness at the tragic incident.

""They seemed like a really nice family,"" said one neighbor. ""I can't imagine what they're going through right now.""

The investigation into the shooting is ongoing, but without charges being filed against the father, it appears that the case has come to a close. The family will now have to cope with the aftermath of the tragedy and try to move forward.",AI,news
Why Paul Ryan vacated a vote to sanction Iran,"Paul Ryan, the Speaker of the House of Representatives, recently vacated a vote to sanction Iran, which raised questions among lawmakers and the American public. The move came as a surprise since Ryan has been a staunch advocate of taking a hard line on Iran.

Ryan's decision to not cast a vote on the sanctions was not due to a change in his position on Iran. Instead, it was a strategic move aimed at ensuring that the measure would pass in the House. By not voting, Ryan helped prevent any possible Republican defections, which could have led to the measure's failure.

The sanctions bill in question targets Iran's ballistic missile program, its human rights abuses, and its support for terrorism. The bill passed in the House by an overwhelming 419-3 vote, with two lawmakers not voting.

Ryan's absence from the vote did not go unnoticed. Some lawmakers, such as Representative Brad Sherman, D-Calif., criticized Ryan for not taking a public stance on the issue. Others, however, saw his move as a smart one, as it ensured the passage of the sanctions bill without any roadblocks.

Ryan's decision to stay out of the vote is also seen as an indication of the tensions within the Republican Party over how to approach Iran. While some Republicans have pushed for a more aggressive stance on Iran, others have cautioned against taking actions that could jeopardize the 2015 nuclear deal.

The Trump administration has been taking a tough stance on Iran, and the new sanctions bill is part of a broader effort to pressure Iran. The bill would impose new sanctions on Iran's ballistic missile program, as well as entities that support its terrorism activities.

The sanctions bill now moves to the Senate, where it is expected to pass with broad support. It remains to be seen what stance Ryan will take on the issue in the future, but his absence from the vote is a clear indication of the complexities and political challenges in dealing with Iran.",AI,news
Astronomers may have found most powrful supernova ,"In a recent discovery, astronomers believe they may have found the most powerful supernova ever recorded. The explosion, labeled SN2016aps, occurred in a galaxy approximately 3.6 billion light years away from Earth.

The supernova was discovered by a team of researchers led by Dr. Matt Nicholl, a lecturer in the School of Physics and Astronomy at the University of Birmingham. Upon analyzing the data, the team realized that SN2016aps was 10 times brighter than any other previously recorded supernova.

The power of the explosion was so immense that it released more energy than our sun will produce in its entire lifetime. It is believed that this supernova was caused by a massive star collapsing in on itself, creating a black hole.

""This is the most powerful supernova I have ever seen,"" said Nicholl. ""It is a truly remarkable event and provides us with a unique opportunity to study the most extreme supernovae and black holes that exist in our universe.""

The team used various telescopes and observatories to gather data on SN2016aps, including the Hubble Space Telescope and the Keck Observatory. By analyzing the light emitted from the explosion, they were able to determine its energy output and other characteristics.

The discovery of SN2016aps provides a valuable opportunity for researchers to study the physics of supernovae and black holes. It also raises questions about the role these massive explosions play in shaping our universe.

""This discovery is incredibly exciting and provides us with a glimpse into the power and energy of the universe around us,"" said Nicholl. ""We look forward to continuing our research and exploring the mysteries of the cosmos.""",AI,news
Space anomaly likely not caused by comets,"Space Anomaly Likely Not Caused by Comets

Researchers at the National Space Agency have discovered that a recent space anomaly was likely not caused by comets, as originally suspected. The anomaly, which affected several space probes in the area, was initially thought to be caused by a large cluster of comets passing through the region. However, new data suggests that something else entirely may be at play.

“It was definitely unexpected,” said Dr. Lisa Chen, lead researcher on the project. “We thought we had a clear explanation for what was going on, but now it seems like things may be more complicated than we initially thought.”

The anomaly itself is still somewhat of a mystery. Space probes in the area experienced a sudden decrease in power and communication capabilities, leading researchers to believe that something was interfering with their systems. At the time, the most likely explanation seemed to be the presence of a large number of comets, which could have been generating electromagnetic interference.

However, recent observations have revealed that there is no significant increase in comet activity in the region. In fact, there may be even fewer comets than usual. This has led researchers to look for other possible explanations.

One theory is that the anomaly may be the result of a previously unknown type of space weather. This could take the form of intense magnetic fields or plasma clouds that affect the delicate electronics on board the space probes.

“There are a lot of unknowns when it comes to space weather,” said Dr. Chen. “We’re always discovering new phenomena that we didn’t even know existed. It’s possible that what we’re seeing is something we’ve never seen before.”

Whatever the cause of the anomaly, researchers are working tirelessly to find a solution. Space probes are incredibly valuable tools for scientific research, and any interruption in their operations can be incredibly frustrating.

“We’re doing everything we can to keep our space probes running smoothly,” said Dr. Chen. “We know how important these missions are, and we’re not going to let a little space weather get in the way.”",AI,news
Miss Colombia appears on Steve Harvey's show,"Miss Colombia, Maria Fernanda Aristizabal, made a guest appearance on Steve Harvey's show last night, where she spoke about her experience at the Miss Universe pageant in 2015.

For those who don't remember, Harvey famously announced the wrong winner during the pageant, first awarding the crown to Miss Colombia before realizing his mistake and giving it to Miss Philippines.

“It was really difficult for me,"" said Aristizabal, who was representing Colombia in the pageant. ""But I learned a lot from that experience. I learned that anything can happen, and you just have to be prepared for whatever life throws at you.”

Harvey apologized to Aristizabal during the show, saying he felt terrible about what happened and that he hoped she could forgive him.

Aristizabal graciously accepted Harvey's apology and said she had moved on from the incident.

“It happened three years ago, and since then I’ve been able to achieve so many things,"" she said. ""I’ve traveled the world, I’ve met so many amazing people, and I’ve had the opportunity to represent my country in different ways. So, in a way, it was a blessing in disguise.”

During the rest of the interview, Aristizabal talked about her career as a model and her plans for the future.

“I’m really excited about what’s to come,"" she said. ""I’m working on a lot of different projects right now, including some new modeling gigs and some philanthropy work. I feel like I have so much to give back to the world, and I really want to use my platform to make a difference.”

Harvey praised Aristizabal for her resilience and her positive attitude, saying he was honored to have her on the show.

“Maria Fernanda is a real inspiration to all of us,"" he said. ""She could have let that moment define her, but instead she chose to rise above it and use it as a springboard to even greater success. She’s proof that anything is possible if you have the right mindset and the determination to succeed.”",AI,news
"Suicide bomber targets bus, kills 7 in heart of Kabul","KABUL, AFGHANISTAN - A suicide bomber targeted a bus in the heart of Kabul on Tuesday, killing at least seven people and injuring several others. The incident occurred in the busy downtown area of the city during the morning rush hour.

According to eyewitnesses, the bomb was detonated near the bus as it was passing through the busy intersection. The vehicle was carrying members of the Afghan security forces who were on their way to work. The force of the blast shattered windows in nearby buildings and sent debris flying into the air.

Police and emergency workers quickly arrived at the scene to help the wounded and clear the area. The injured were taken to nearby hospitals for treatment and no one has claimed responsibility for the attack so far.

Kabul has been the site of numerous bombings and terrorist attacks in recent years, with the Taliban and ISIS both active in the area. The country has also been in a state of political crisis since the announcement of last year's presidential election results. The Taliban has been increasingly brazen in its attacks on government targets in recent weeks, heightening fears that the violence may escalate in the coming months.

The attack comes at a time when the Afghan government is struggling to contain the coronavirus pandemic, which has already killed more than 1,000 people in the country. The government has imposed a nationwide lockdown to try and slow the spread of the virus, but many people have ignored the restrictions to go to work or buy essentials.

The United States, which has been involved in a nearly two-decade-long war in Afghanistan, has been pushing for a peace deal with the Taliban. However, negotiations have stalled amid continued attacks on Afghan forces.

As the situation in Afghanistan continues to deteriorate, many are calling for a comprehensive plan to address the country's security challenges and promote stability. Until such a plan is implemented, the people of Afghanistan will continue to suffer the devastating consequences of violence and instability.",AI,news
Joe Biden: U.S. doesn't need 'socialism',"In a recent speech, United States President Joe Biden made it clear that he firmly believes that the country does not need socialism. Addressing a crowd of supporters in Colorado, Biden said that despite the challenges facing the country, the United States is not in need of a total overhaul of its economic system.

The President's comments come at a time when many progressives within the Democratic Party are pushing for policies that would drastically alter the US economy, including Medicare for All, a higher minimum wage, and a Green New Deal. Some have even called for the nationalization of certain industries.

Biden, who is often seen as a moderate within the party, has been criticized by some on the left for not embracing these policies more fully. However, in his remarks, the President made it clear that he believes his agenda is the best path forward.

""We don't need socialism,"" Biden told the crowd. ""We need solutions that work for all Americans. We need an economy that works for everyone, not just the wealthy few.""

Biden's approach prioritizes investing in infrastructure, education, and affordable healthcare, among other issues. He has also proposed raising taxes on the wealthiest Americans and corporations to fund these programs.

Critics of the President's approach argue that his policies do not go far enough to address systemic economic inequality. However, supporters maintain that his proposals represent a pragmatic approach that can attract bipartisan support.

In his speech, Biden emphasized the importance of finding common ground to tackle the nation's most pressing problems. ""We need to work together to build an economy that is strong and resilient, that creates good-paying jobs for all Americans, and that provides a pathway to the middle class,"" he said.

As the Biden administration continues to implement its policies, it remains to be seen how much of the president's agenda will ultimately be realized. However, with a narrowly divided Congress and a polarized electorate, finding common ground may prove to be a challenge.",AI,news
Hundreds dead as ISIS makes gains in strategic Syrian city,"Syrian city of Raqqa now remains under the control of the Islamic State of Iraq and Syria (ISIS) after several days of intense fighting between the group and government forces. As a result, hundreds of fighters and civilians have lost their lives. The city, previously known as the ISIS headquarters, is strategically significant for its oil and gas reserves and its location on key trade routes.

The battle for Raqqa has been ongoing for several weeks but gained momentum in the past few days as ISIS fighters launched an all-out assault on government forces. The group, known for its brutal tactics, deployed suicide bombers and snipers to take control of key locations. Despite the government forces' best efforts, they were unable to hold their ground against the advancing ISIS forces.

The loss of Raqqa is a significant blow to the Syrian government, which had hoped to regain control of the entire country. With ISIS now holding the city, it is likely that the group will use it as a launchpad for further attacks on neighboring towns and cities. The group's recent gains in Syria have forced many civilians to flee their homes, leaving behind their possessions and livelihoods.

Speaking to reporters, a local resident described the situation in Raqqa as ""hell on earth,"" with ISIS fighters patrolling the streets and controlling all aspects of daily life. There are also reports of mass executions of civilians suspected of supporting the government.

The international community has condemned the violence in Raqqa and called for an end to the conflict in Syria. The United Nations has urged all parties to abide by international humanitarian law and protect civilians caught in the crossfire. The U.S.-led coalition against ISIS has vowed to continue its efforts to defeat the group, but it remains to be seen how effective their strategy will be.

The loss of Raqqa is a significant setback for the Syrian government and a major victory for ISIS. As the conflict in Syria drags on, civilians continue to bear the brunt of the violence, with no end in sight. As the world watches, the hope is that a political solution will be reached soon, before more innocent lives are lost.",AI,news
Donald Trump could 'shoot somebody and not lose voters',"New York City, NY - In a recent campaign rally, Republican presidential candidate Donald Trump made a shocking statement that ""I could stand in the middle of Fifth Avenue and shoot somebody and I wouldn’t lose voters."" The statement was met with cheers and applause from his supporters.

This outlandish comment has caused an uproar among those who criticize Trump's behavior and divisive rhetoric. Many are now questioning the morality of his followers and the state of American politics.

Linda Burnham, executive director of the National Domestic Workers Alliance, called Trump's comments a ""disturbing reflection of the political climate in this country.""

""The idea that someone could SHOOT somebody and not lose voters is just unconscionable, and it raises serious questions about what we hold as our values in America,"" Burnham said in a statement.

Trump has been known for his controversial and inflammatory statements throughout his campaign, including his calls to ban all Muslims from entering the United States and his mocking of a disabled reporter.

While his comments may not deter his current followers, it remains to be seen how they will affect his support in the general election, where he will need to appeal to a larger and more diverse group of voters.

Some political analysts believe that Trump's comments could actually help him among his base of supporters, who see him as a ""straight shooter"" who is not afraid to speak his mind.

""We've seen time and time again that Trump is able to say things that no other candidate would ever get away with, and his supporters eat it up,"" said political strategist Richard Greene. ""Whether it's good or bad for his campaign in the long run, only time will tell.""

As election day draws closer, it is clear that Trump's willingness to say whatever is on his mind is both a blessing and a curse for his campaign. While it has garnered him a loyal following among some voters, it has also resulted in widespread condemnation from many others. Whether this latest comment will ultimately cost him votes or not, it has certainly added to the growing sense of unease surrounding his candidacy.",AI,news
Quagga were extinct for 100 years. Now they're back,"After being considered extinct for over a century, quagga, a subspecies of Zebra native to South Africa, has returned to the wild. The quagga was declared extinct in 1883 due to hunting and habitat loss. However, a breeding program initiated in 1988 has led to the successful reintroduction of the species in South Africa.

The Quagga Project, a conservation initiative, began breeding the species in 1988, using zebras with quagga-like characteristics. The project aimed to reintroduce the species back into the wild by careful breeding, focusing on the unique DNA characteristics of the quagga. The project was a success, producing more than 100 ""quaggas"" since its inception.

The quagga, known for its unique coat pattern, has been compared to a stripey horse. While the quagga is not a horse, it is a subspecies of zebra. It is recognized by its brownish coat, which fades into a pale color around its belly.

The reintroduction of the quagga has a significant impact on South Africa's ecosystem. The species is known to act as a grazer, improving the health of vegetation in the areas it inhabits. This is good news for farmers and ecosystem managers who try to maintain a healthy ecosystem.

However, conservationists face challenges in managing the reintroduction process. The species must be carefully managed to avoid overgrazing, which can lead to soil erosion and damage to plant species. It is also important to monitor the quagga's genetic diversity to maintain the unique characteristics of the species, differentiating them from zebras.

Despite these challenges, conservationists are thrilled to have successfully reintroduced the quagga back into the wild. The species plays an important role in the South African ecosystem, and its return is a significant conservation achievement.

The return of the quagga also serves as a reminder that with the right conservation efforts, it is possible to save species from extinction. The Quagga Project's breeding program and reintroduction efforts serve as a beacon of hope for other at-risk species, inspiring conservationists to continue their efforts to protect and restore endangered species around the world.",AI,news
"Poll: Hillary Clinton tops Bernie Sanders, but lead shrinks","In the latest polls conducted by CNN, it has been found that Hillary Clinton continues to maintain her lead over Bernie Sanders in the Democratic presidential race. However, the margin of her lead has considerably shrunk compared to last month. 

According to the latest poll, Clinton has gained 49% of support among registered Democratic voters, while Sanders is at 29%. This means that Clinton's lead has fallen by 6 points since June, whereas Sanders has gained 4 points in the same timeframe.

The poll also reveals that among the voters who identify themselves as liberal, Sanders has gained a considerable lead over Clinton. Sanders stands at 39% among this subset of voters, while Clinton is trailing at 47%. This is important since the liberal voter base is considered to be a crucial demographic for the Democratic primaries.

Furthermore, Sanders also remains popular among younger voters. Among voters under 35 years of age, Sanders received 45% of support in the poll, while Clinton received only 27%. This shows that despite Clinton's overall lead, young voters continue to be a strong base for Sanders.

The latest poll may come as a concern for Clinton's campaign, as the shrinking margin of her lead suggests that Sanders is slowly but steadily gaining momentum. With the primaries still months away, anything can happen in the coming days that can swing the polls in one direction or the other.

The next few weeks will be crucial for the Democratic candidates, as the party gears up for the Democratic convention. As tensions continue to mount within the party and the nation at large, it remains to be seen whether Clinton can continue to maintain her lead over Sanders and eventually clinch the Democratic nomination.",AI,news
 Jeb Bush makes his pitch in rural Nevada,"Republican presidential hopeful Jeb Bush made his way to rural Nevada, this week, to pitch his campaign promises and gain support from an often overlooked part of the state.

Bush, who has been on the campaign trail for several months, arrived in Elko, Nevada, on Thursday, to a warm welcome from supporters. He made the case for his candidacy and discussed issues important to the rural community, including small businesses, agriculture, jobs, and healthcare.

The former Florida Governor emphasized the importance of rural America to the overall success of the nation and promised to work hard to ensure that rural voters are not forgotten.

""You are the backbone of America,"" Bush said. ""And yet, you are often overlooked and ignored by politicians who spend all their time in big cities. That's not going to happen with me. I'm here to listen, to learn, and to work with you to make this country better.""

Bush was joined by a number of local leaders and entrepreneurs who shared their thoughts on the challenges facing rural Nevada and how the Bush campaign can address these issues.

One concern expressed was access to healthcare in rural areas. Many residents of rural Nevada have to travel long distances to receive medical care, and the cost of healthcare can be prohibitive. Bush promised to tackle the issue head-on by promoting more competition among healthcare providers and increasing access to telemedicine.

Another issue discussed was the need for more job opportunities in rural Nevada. Bush promised to implement policies that would make it easier for small businesses to thrive and provide incentives for companies to invest in rural America.

Overall, Bush's pitch was well-received by the residents of rural Nevada. His commitment to listening to their concerns and acting on them struck a chord with many voters, who feel that their voices are not heard in national politics.

""I feel like he really cares about us,"" said local business owner Mary Smith. ""He's not just here to get votes. He actually wants to help rural America.""

As the race for the Republican nomination heats up, it remains to be seen whether Bush's visit to rural Nevada will translate into votes come primary season. However, with his message of inclusion and commitment to rural voters, he has certainly made a strong impression on the people of rural Nevada.",AI,news
Palestinian comedy up for Oscar,"A Palestinian comedy film has been nominated for an Oscar in the Best International Feature Film category at the 94th Academy Awards. ""Gaza Mon Amour,"" directed by twin brothers Tarzan and Arab Nasser, centers around a 60-year-old Palestinian fisherman who falls in love with a woman he finds inside a statue of Venus. The film's humorous and heartwarming approach to love and life in Gaza has won critical acclaim and now has the chance to win one of the most prestigious awards in the film industry.

""Gaza Mon Amour"" premiered at the Venice Film Festival in 2020 where it won the Best Arab Film Award. Since then, the movie has been screened in several other international film festivals and received positive reviews from audiences and critics alike. The film's success has been seen as an important milestone for Palestinian cinema and culture, which often struggles to find recognition on the global stage.

The filmmakers expressed their excitement and gratitude for the nomination, saying that it is a tribute to the ""resilience and creativity of the Palestinian people"" who continue to tell their stories despite the many challenges they face. In an interview, Tarzan and Arab Nasser said that they hope the film will help break down stereotypes and misconceptions about Gaza and Palestine and show the world that ""there is so much more to our community than the conflict.""

The nomination of ""Gaza Mon Amour"" comes at a time of heightened tensions and violence in the region following the recent escalation between Israel and Hamas. For many Palestinians, the film provides a much-needed moment of joy and celebration amid the ongoing suffering and oppression. And for the film industry, the recognition of a Palestinian comedy at the Oscars is a reminder of the diversity and richness of global cinema.

The winners of the 94th Academy Awards will be announced on March 27, 2022, in a ceremony that will take place both in person and online. Whether or not ""Gaza Mon Amour"" takes home the golden statue, its nomination is already a significant achievement that cements its place in cinematic history.",AI,news
Orange County jail escapee Bac Duong caught,"Orange County jail escapee Bac Duong caught

After almost a week on the run, Bac Duong, one of the three inmates who escaped from an Orange County jail, has been caught. Duong was apprehended by police on Friday afternoon in Santa Ana, California. He had escaped with two other inmates, Hossein Nayeri and Jonathan Tieu, on January 22, 2016, after making a daring jailbreak.

Authorities had been frantically searching for the three escapees since their escape, and this arrest is a major breakthrough in the case. According to reports, Duong turned himself in to authorities in Santa Ana, and was identified by a civilian. The reason for his surrender is not currently known.

Duong's capture is a welcome relief to Orange County officials, who had been under immense pressure to find the three escaped inmates. Sheriff Sandra Hutchens had earlier appealed to the public for information on the whereabouts of the inmates.

The jailbreak had been a major embarrassment for the authorities, who had earlier received criticism for the jail's outdated security measures. The three inmates had managed to cut through metal bars, navigate plumbing tunnels, and make a dramatic escape through the roof of the facility.

The escape was not without its consequences for local residents. Authorities had issued a warning that the escaped inmates were armed and extremely dangerous, leading to a lockdown of the surrounding neighborhoods.

Following Duong's capture, authorities are now on the lookout for the other two inmates who are still at large. Sheriff Hutchens has assured the public that they are devoting all available resources to catch the escaped inmates.

The Orange County jailbreak incident has raised questions about prison security and the need for more modern facilities to stay ahead of the latest escape methods. It remains to be seen what measures will be taken in the future to prevent such incidents from happening again. In the meantime, the authorities will continue to hunt down the escaped inmates and bring them to justice.",AI,news
2 Women Hurt in Robbery at Hotel Near J.F.K. Airport,"Two women were injured during a robbery at a hotel near John F. Kennedy International Airport early this morning. The incident occurred around 3:00 am when two masked men entered the hotel and demanded money from the receptionist.

According to eyewitnesses, the men were armed with guns and threatened to shoot the receptionist if she did not comply with their demands. The receptionist, fearing for her life, handed over an undisclosed amount of cash.

The men then proceeded to rob two female guests who were in the lobby at the time. Both women were injured during the robbery and were taken to a nearby hospital for treatment. The extent of their injuries is currently unknown.

The hotel's security staff immediately contacted the police, who arrived on the scene several minutes later. Authorities have launched an investigation into the incident and are currently searching for the suspects.

The hotel has released a statement condemning the robbery and apologizing to the victims. ""We are deeply saddened by the events that took place at our hotel early this morning. The safety and security of our guests is our top priority, and we are working closely with the authorities to ensure that those responsible are brought to justice.""

The incident has raised concerns about the safety of tourists and travelers in the area. J.F.K. Airport is one of the busiest airports in the world, and many hotels in the area cater to travelers who need to catch early morning flights. Local authorities have reassured the public that they are actively working to maintain public safety and ensure that incidents like this do not occur in the future.

In the meantime, the victims of the robbery are recovering in the hospital, and authorities are urging anyone who may have information about the suspects to come forward. The investigation is ongoing, and more details are expected to be released in the coming days.",AI,news
A Guardian Is Accused of Holding 2 Teenagers Captive in Queens for Years,"Queens, NY - A shocking case has come to light in Queens, where a guardian is accused of holding two teenagers captive for several years. The allegations have shaken the community and raised serious questions about the welfare of children in such situations.

According to the police, 45-year-old John Smith was the legal guardian of the two siblings, a boy aged 14 and a girl aged 16. He had taken custody of them after their parents passed away in a tragic accident. However, instead of providing them with care and support, he allegedly kept them locked up in a small room in his house for over four years.

The police were tipped off about the situation by a neighbor who had heard strange noises coming from the house. When they arrived on the scene, they found the two teenagers in a cramped and dirty room, malnourished and in a state of shock. The room had no windows, no ventilation, and no access to the outside world.

Detectives say Smith had subjected the teenagers to regular beatings and psychological abuse. He had confiscated their phones and cut off all contact with the outside world, leading their disappearance to go unnoticed for years. The trauma of their experience is likely to have serious long-term consequences for them.

Smith has been arrested and charged with unlawful imprisonment, assault, and endangering the welfare of a child. He is currently in custody and is due to appear in court later this month. If found guilty, he could face several years in prison.

The case has highlighted the need for greater scrutiny of guardianship arrangements, particularly when vulnerable children are involved. A spokeswoman for the Child Welfare Administration stated that ""we are committed to investigating all reports of child abuse and neglect and will work with law enforcement to ensure justice is served in this case.""

The community has rallied around the siblings, offering support and help in any way they can. The case has left many shocked and disturbed, but has also shown the strength and resilience of people in times of crisis. The teenagers are receiving medical and psychological care and will hopefully be able to move on from this traumatic experience with the help of their community.",AI,news
"A Lake in Bolivia Evaporates, and With It a Way of Life","In Bolivia, the Uru-Murato people have been left devastated after their way of life was threatened by the evaporation of Lake Poopó. This saline lake, which was Bolivia's second-largest after Lake Titicaca, has dried up completely due to climate change and human activities.

The Uru-Murato people, who have relied on the lake's fish and salt for centuries, have now been left without a source of income and struggling to get by. The lake's disappearance has also affected the surrounding ecosystem, with countless species of birds and other wildlife losing their habitat.

The Bolivian government has been slow to respond to the crisis, and many Uru-Murato people say they feel forgotten and ignored. They are now calling on the government to take action to restore the lake, or at least provide them with support and resources to help them adapt to their new reality.

""Without the lake, our culture is dying,"" said Andrés Flores, a Uru-Murato community leader. ""We need help to survive and to keep going.""

The situation in Lake Poopó is just one example of how climate change is affecting people's lives around the world, particularly those in vulnerable communities who are least responsible for causing the problem. It is a stark reminder of the urgent need for action to address climate change and its impacts.

As the Uru-Murato people struggle to adapt to their new reality, their story serves as a reminder that the impacts of climate change are not just environmental, but also deeply social and economic. If we do not act now to address climate change and protect those most vulnerable to its impacts, many more communities like Lake Poopó's Uru-Murato people will be left to suffer the consequences.",AI,news
Adam Gase Is Hired as the Dolphins’ Coach,"MIAMI, FL - In a major development for the Miami Dolphins, the team has announced the hiring of Adam Gase as their new head coach for the 2019 NFL season. The news comes as no surprise to fans, who have been eagerly awaiting the decision regarding the team's coaching position.

Gase, who previously served as the head coach of the New York Jets, brings a wealth of experience to his new role with the Dolphins. He has a proven track record of success in the league and has worked with some of the biggest names in the sport.

""I'm thrilled to be joining the Miami Dolphins as their new head coach,"" Gase said in a statement. ""It's a great opportunity to work with a talented team and lead them to even greater success.""

According to reports, Gase was selected after a thorough interview process that involved multiple candidates. The Dolphins reportedly looked at a variety of options before ultimately deciding to hire Gase.

""Adam Gase is exactly the type of coach we need to take our team to the next level,"" Miami Dolphins owner Stephen Ross said in a statement. ""He has a proven track record of success in the league and we're confident he'll be able to bring that winning mentality to our team.""

Gase will be taking over from Joe Philbin, who was relieved of his duties earlier in the season after a disappointing start to the year. The team will be looking to rebound in 2019 and return to their winning ways after several years of being on the outside looking in.

Dolphins fans are undoubtedly excited by the prospect of having Gase at the helm. His experience and expertise offer a fresh perspective that could help the team turn things around and make a run at the playoffs.

It remains to be seen how Gase will fare as head coach of the Dolphins, but one thing is certain: fans are ready to see what he can do with the team. With the 2019 NFL season just around the corner, the Miami Dolphins are undoubtedly feeling optimistic about their chances with Gase leading the way.",AI,news
Adele Album Resists the Streaming Trend in Music Sales,"Adele Album Resists the Streaming Trend in Music Sales

When it comes to music sales, streaming services have become king. But one artist seems to be resisting the trend: Adele.

The British singer's latest album, ""30,"" was released on November 19th and has already sold over 1.5 million copies in the US alone. This is a remarkable feat considering that the album is not available for streaming on platforms like Spotify, Apple Music, or Tidal.

Instead, fans have to purchase the album through digital platforms like iTunes, or physical copies like CDs and vinyl. This strategy has paid off for Adele, as the album has become the best-selling of the year in the US, beating out Taylor Swift's ""Evermore,"" which is available for streaming.

This success is not entirely surprising. Adele's previous albums, ""21"" and ""25,"" also resisted the streaming trend and sold millions of copies worldwide. In fact, ""21"" has sold over 31 million copies since its release in 2011, making it one of the best-selling albums of all time.

It's unclear why Adele continues to resist streaming services, but it could be a shrewd business move. When an artist releases an album for streaming, they receive a fraction of a penny per stream. This means that an artist needs to accumulate an enormous number of streams to make significant revenue.

On the other hand, when an album is purchased, the artist receives a bigger cut of the revenue. This could be particularly beneficial for an artist like Adele, whose albums are known for their large, powerful ballads and are likely to be listened to repeatedly by fans.

Regardless of the reason, Adele's success shows that refusing to release an album for streaming is not necessarily a death knell for sales. It's clear that, for some artists, traditional album sales still have a place in the music industry. And with Adele's newest album breaking sales records, other artists may soon follow in her footsteps.",AI,news
"After Streak of Wins, Worries Over Bulls’ Chemistry Seem a Distant Memory ","Chicago Bulls fans are breathing a sigh of relief as their team continues to rack up wins, proving that concerns about the team's chemistry were unwarranted. With a 7-2 record in their last nine games, the Bulls have shown that their impressive start to the season was not a fluke.

In the early days of the season, skeptics questioned the makeup of the Bulls roster and whether the team’s many new additions would be able to gel quickly enough to make a serious run at the playoffs. But the team’s strong showing on the court has silenced the doubters and put the focus back on the team’s potential.

“It’s been great to see this team come together and really start clicking on all cylinders,” said Bulls fan Jake Larson. “At the beginning of the season, I was definitely worried about how all the pieces would fit together, but they seem to have found their groove.”

In recent games, the Bulls have been led by the dynamic duo of Zach LaVine and DeMar DeRozan, with both players putting up big numbers on a consistent basis. LaVine is averaging over 27 points per game, while DeRozan is contributing over 22 points, 5 rebounds and 4 assists per game.

The addition of veteran presence Lonzo Ball has also been crucial, providing valuable playmaking and defense on the court. Bulls fans have been impressed with his ability to facilitate offense and disrupt opposing team's plays.

Head Coach Billy Donovan has been pleased with his team's progress, noting that the team has ""really bought into playing together and playing for each other."" Donovan has been impressed with the team's defensive effort, which has been a major point of emphasis all season.

As the Bulls continue to rack up wins, the team's chemistry concerns seem like a distant memory. Fans are eagerly anticipating what the rest of the season will bring, as the Bulls look to continue their dominance on the court and cement themselves as a force to be reckoned with in the Eastern Conference.",AI,news
All Blacks Add Spice to European Cup,"The European Cup is set to get even more exciting with the addition of the All Blacks. The New Zealand rugby team is set to take part in the 2022 edition of the competition, bringing excitement and energy to the already intense matches.

The addition of the All Blacks to the European Cup is a major coup for the tournament. The team is considered one of the best in the world and has a rich history of success on the rugby pitch. They have won the Rugby World Cup three times and have consistently been one of the top-ranked teams in the sport.

The European Cup will now feature some of the best rugby teams from around the world, including the likes of France, Ireland, England, and Wales. The All Blacks will bring a different style of play and a level of intensity that will raise the level of competition to new heights.

Fans of the sport are eagerly anticipating the arrival of the All Blacks, with many saying that their participation will only enhance the tournament. The All Blacks' brand of rugby is fast-paced, attacking, and exciting, which will make for some thrilling matches in the European Cup.

The All Blacks are not strangers to European rugby and have played in the region many times before. They have faced off against some of the top teams in Europe, including England, Wales, and Ireland, and have come out on top on many occasions.

The addition of the All Blacks to the European Cup is not just good news for the tournament; it also reflects the growing popularity of rugby around the world. The sport has been on the rise in recent years, with more and more people taking an interest in the fast-paced, highly physical game.

The All Blacks' presence in the European Cup is sure to attract new fans to the sport, who will be captivated by the team's skill and determination. It is clear that rugby is a sport that is continuing to grow and evolve, and the addition of the All Blacks to the European Cup is a testament to that.

As the countdown to the 2022 European Cup continues, fans are eagerly anticipating the arrival of the All Blacks. With their inclusion, the competition is set to be even more exciting, intense, and captivating than ever before.",AI,news
American Missionary Among the Dead in Burkina Faso Siege,"BURKINA FASO - An American missionary was among the 29 people who lost their lives in a siege that took place in Burkina Faso over the weekend. Michael James Riddering, 45, of Cooper City, Florida, was working as a missionary in Africa with his wife, Amy Riddering, when he was killed.

According to reports, the attackers targeted the Splendid Hotel, which is located in the heart of Ouagadougou, Burkina Faso's capital. The siege began on Friday night and ended in the early hours of Saturday morning, after security forces launched an operation to take back the building.

The attackers, who reportedly shouted ""Allahu Akbar"" (God is Great) as they carried out the assault, were affiliated with Al-Qaida in the Islamic Maghreb (AQIM), a jihadist group that has been operating in the region.

In addition to Riddering, the attack claimed the lives of 28 other people, including foreigners from Canada, France, Switzerland, and the Netherlands. Dozens more were injured in the assault.

Riddering was known for his work with orphans and widows in Burkina Faso. His church, Hollywood Community Church, released a statement mourning his death and praising his work.

""Michael was an amazing man,"" the statement said. ""He loved God, his family, and those he served in Burkina Faso. His death is a huge loss not only for his family and friends but for the many people he touched in Africa and around the world. Our hearts go out to Amy and their children during this difficult time.""

The U.S. State Department condemned the attack and offered condolences to the victims' families.

""We extend our deepest condolences to the families of those killed and injured, including U.S. citizen Michael James Riddering, who was among the deceased,"" the State Department said in a statement. ""We stand with the people of Burkina Faso and will continue to work with our partners to address the shared threat of terrorism in the region.""

The attack in Burkina Faso is the latest in a string of jihadist attacks in West Africa that have targeted hotels, restaurants, and other public places frequented by Westerners. In November 2015, terrorists attacked a hotel in Mali, killing 20 people. The following month, an attack on a hotel and café in the Malian capital killed 20 more people.",AI,news
Ana Ivanovic and John Isner Reach Third Round in Melbourne,"Tennis fans around the world are buzzing with excitement as Ana Ivanovic and John Isner have surpassed expectations at the Australian Open and made it to the third round.

Ivanovic, the Serbian former world number one, defeated Tamira Paszek of Austria in a commanding display, 6-3 6-4, in just under an hour and a half on Margaret Court Arena. Ivanovic, who has struggled with injuries in recent years, looked in top form as she hit powerful groundstrokes and played with efficient precision.

""I'm really happy with my form,"" Ivanovic said after the match. ""I feel like I'm moving well and hitting the ball cleanly, and it's a great feeling to be back in Melbourne playing in front of these amazing crowds.""

Meanwhile, American John Isner outlasted Australian John Millman in a thrilling five-setter, winning 6-4 6-7(4) 4-6 6-3 6-4. Isner, known for his powerful serve, blasted 33 aces and 72 winners in the match, displaying his trademark confidence on the court.

""It was a tough battle out there,"" said Isner. ""Millman played incredibly well and pushed me to my limits, but I'm thrilled to have come out on top.""

This marks the first time Ivanovic has reached the third round in Melbourne since 2014, and Isner's third consecutive third round appearance at the tournament.

Fans are anxiously anticipating their next matches, with Ivanovic set to face Madison Keys of the United States, and Isner taking on Novak Djokovic, the world number one and defending champion.

The Australian Open is the first Grand Slam tournament of the year, and is being held in Melbourne from January 20th to February 2nd. Tennis enthusiasts around the world are tuning in to witness some of the best players in the world battle it out on the court, and with Ivanovic and Isner's impressive performances thus far, they're sure to keep viewers on the edge of their seats.",AI,news
Armed Man Arrested at Disneyland Paris,"There was panic and chaos at Disneyland Paris on Saturday evening, as an armed man was arrested by French authorities at the popular theme park resort.

According to eyewitnesses, the man appeared to be carrying a gun and was behaving in a suspicious manner. Security personnel at the park immediately contacted the police, who swiftly arrived on the scene and arrested the individual.

The man, who has not been named, was reportedly taken into custody and is currently being questioned by French authorities.

The incident caused widespread concern among park visitors, many of whom had travelled from around the world to experience the magic of Disneyland Paris. Parents with young children were particularly alarmed, and many were seen rushing to evacuate the park following news of the arrest.

In response to the incident, Disneyland Paris issued a statement acknowledging the situation and reassuring visitors that the safety of its guests was its top priority:

""We can confirm that an individual was apprehended by police at Disneyland Paris on Saturday evening. We are cooperating fully with the authorities in their investigation, and are committed to ensuring the safety and security of our guests at all times.""

The park remained open following the incident, though visitors reported increased security measures and a heightened sense of tension throughout the evening.

Many have praised the quick actions of park security and the French police in their response to the situation. However, concerns about the potential for violence and terrorism at crowded public spaces like Disneyland Paris continue to be a major issue for authorities around the globe.

The incident comes just months after the terror attacks in Paris in November 2015, which left 130 dead and were carried out by a coordinated group of gunmen and suicide bombers. The French government has increased security measures across the country in response to the attacks, but incidents like this serve as a reminder that the threat of terrorism remains very real.",AI,news
"Aroldis Chapman, the Yankees’ New Closer, Avoids Charges, but May Face Discipline","New York Yankees’ pitcher, Aroldis Chapman, has avoided criminal charges following an incident involving his girlfriend in Florida last October. However, it is still possible that he will face discipline from Major League Baseball (MLB) under its domestic violence policy.

Chapman was accused of choking his girlfriend and firing eight gunshots in his garage after an argument. No one was injured, and Chapman has denied the allegations. While the investigation has been dropped due to insufficient evidence, the MLB is still investigating the matter.

MLB Commissioner Rob Manfred has stated that Chapman’s case is still under review and that the investigation is ongoing. The league is also investigating two other players, Houston Astros’ Yuli Gurriel and Toronto Blue Jays’ Roberto Osuna, under the same policy.

The domestic violence policy was introduced in 2015, and it allows the league to discipline players accused of domestic violence, sexual assault, and other related offenses. The policy includes suspensions, fines, and mandatory counseling or treatment.

Chapman was acquired by the Yankees last offseason and quickly became the team’s closer. He finished the 2020 season with a 1.63 ERA and 11 saves in 13 chances. He is set to earn $16 million in 2021 and is a key piece of the Yankees’ bullpen.

The Yankees have stated that they are aware of the situation and will continue to monitor it as it develops. The team has not made any statements about their plans for Chapman, but it is possible that the league’s decision could impact his role on the team.

Chapman, who is from Cuba, has a history with domestic violence. He was suspended for 30 games in 2016 while playing for the Cincinnati Reds after an incident involving his girlfriend. He has also been accused of domestic violence in his home country.

Despite the lack of criminal charges, Chapman’s case serves as a reminder of the ongoing problem of domestic violence in sports. The MLB’s domestic violence policy is an important step in combating this issue, but it is up to the league to enforce it and hold players accountable for their actions.",AI,news
Emma Rice Bringing a New Take on 'Cymbeline' to Shakespeare's Globe,"The Shakespeare's Globe Theatre in London is set to thrill its audience with a modern take on Shakespeare's classic play, 'Cymbaline'. The new production is the brainchild of Emma Rice, who is known for her innovative and contemporary approach to theater. 

Emma Rice is a former artistic director at the Globe Theatre who stepped down in 2018. She is known for her electrifying productions that combine music, dance, and storytelling to create a vivid and immersive experience for the audience.

The new production of 'Cymbeline' by Emma Rice promises to be no different. She is bringing her signature style to the play, which tells the story of Princess Imogen, who must fight for her love and her life against a wicked stepmother and her allies.

The play is set in a mythical, ancient Britain, with a cast of characters that includes ghosts, gods, and mortals. Emma Rice's adaptation of the play is expected to retain the original themes but translate them into a modern context that will resonate with contemporary audiences.

Rice's production will feature a cast of talented actors, singers, and dancers who will bring the story to life on stage. The production is also expected to incorporate live music, soundscapes, and stunning visuals to create an unforgettable theatrical experience.

The new adaptation of 'Cymbeline' is part of Emma Rice's ongoing mission to make Shakespeare more accessible and engaging for modern audiences. Her previous productions, including 'A Midsummer Night's Dream' and 'The Tempest', have been highly acclaimed, and this latest offering is expected to be no exception.

The play is set to open in April 2022 and promises to be one of the most exciting productions to grace the stage of the Globe Theatre in recent years. Fans of Emma Rice and Shakespeare alike are eagerly anticipating the new take on 'Cymbeline'.",AI,news
José Limón Dance Foundation Appoints New Artistic Director,"The José Limón Dance Foundation, one of the most renowned dance organizations in the world, has recently named its new Artistic Director. After a rigorous search process, Colin Connor has been appointed as the new leader of the Foundation's artistic programming.

Connor, who has previously served as both a dancer and a choreographer for the renowned Merce Cunningham Dance Company, brings a wealth of experience and a fresh perspective to his new role. He has also worked with prominent dance companies such as the Paul Taylor Dance Company and the Stephen Petronio Company.

In a statement announcing the appointment, the Foundation's Board of Trustees expressed their excitement about Connor's vision for the organization. ""We are thrilled to have Colin join us as Artistic Director,"" said Board Chair Elizabeth Brown. ""His commitment to honoring the legacy of José Limón while also pushing the boundaries of dance is exactly what we need to move the Foundation forward.""

Connor himself is equally excited about the new opportunity and what it means for the Foundation's future. ""I am honored to be joining the José Limón Dance Foundation,"" he said. ""José Limón was a true visionary in the dance world, and I am committed to carrying on his legacy by creating works that are emotionally resonant and politically relevant.""

Connor's appointment comes at a crucial time for the Foundation, as dance organizations around the world navigate the challenges of the COVID-19 pandemic. The Foundation has been forced to cancel many of its upcoming performances, but Connor is already thinking creatively about how to keep the organization's vision alive during this challenging time.

One of his first priorities as Artistic Director will be to explore how the Foundation can use digital platforms to reach new audiences and continue to create powerful dance works that reflect the world we are living in. ""The pandemic has forced us all to rethink how we connect with each other, and I am excited about the possibilities of using technology to bring people together through dance,"" Connor said.

As the José Limón Dance Foundation enters this new chapter in its history, there is no doubt that it is in good hands with Colin Connor at the helm. His commitment to preserving the legacy of José Limón while also embracing new ideas and approaches promises to keep the Foundation at the forefront of the dance world for years to come.",AI,news
Strong Showing for 'The Revenant' at Box Office,"""The Revenant"" Stuns Box Office with Impressive Opening Weekend

Leonardo DiCaprio's latest movie, ""The Revenant"", kicked off its box office run with an impressive $38 million in its opening weekend. The movie, which is inspired by true events, has already received rave reviews from both critics and moviegoers alike and is poised to be a big contender during this year's awards season.

""The Revenant"" is set in the 1820s and tells the story of Hugh Glass, a legendary explorer who is left for dead by his companions after being attacked by a grizzly bear. After his harrowing encounter with the bear, Glass must navigate the treacherous landscape of the American West to seek revenge against the men who left him behind.

The film has already generated a lot of buzz, thanks in no small part to DiCaprio's powerhouse performance. The actor, who has been nominated for five Oscars but has yet to win, is already being touted as a front-runner for Best Actor at this year's awards. However, the movie is much more than just a showcase for DiCaprio's talents. Director Alejandro González Iñárritu has crafted a visually stunning and emotionally gripping movie that has been captivating audiences since its release.

""The Revenant"" is also notable for its grueling production process. The movie was shot entirely on location in Canada and Argentina and used only natural light, which added to the authenticity of its visuals. Additionally, the cast and crew had to contend with harsh weather conditions, including sub-zero temperatures and blizzards.

Despite the difficulties of filming, it's clear that ""The Revenant"" has struck a chord with audiences. The film has already been praised for its stunning cinematography, gripping storytelling, and unforgettable performances. With awards season just around the corner, it's safe to say that ""The Revenant"" will continue to be a force to be reckoned with at the box office.",AI,news
Avoiding the Dreaded ‘Second-Term Curse’,"With the much-anticipated presidential election coming up in a few months, the spotlight is on the potential “second-term curse” that has plagued many US presidents in history. A second-term curse refers to the phenomenon of presidents experiencing a significant drop in popularity, facing major opposition, or encountering scandals during their second term in office. However, experts suggest that there are ways to avoid the curse and ensure a successful second term.

According to political scholar Lara Brown, the second-term curse may be attributed to the fact that presidents tend to focus too much on their legacy and become less responsive to the public's needs. Brown also notes that second-term presidents are more likely to face opposition from the opposing party, which can hinder their ability to accomplish their goals. Additionally, the president's policies and actions during the first term can have an impact on their second term.

To avoid the dreaded second-term curse, experts suggest that presidents must prioritize communication and remain responsive to the public. They must also remain mindful of their policies and actions, ensuring that they align with the needs of the country. A strong focus on bipartisanship can also be instrumental in ensuring a successful second term.

One notable example of a second-term success story is former president Bill Clinton. Although Clinton faced intense opposition during his second term, he managed to maintain high approval ratings by focusing on domestic issues, such as economic growth and increasing access to healthcare. Clinton also pursued policies that appealed to both parties, including welfare reform and a balanced budget.

Another example is former president George W. Bush, who remained committed to his foreign policy agenda during his second term, which included the Iraq War. Despite facing significant opposition from both parties, Bush's commitment to his platform earned him a favorable place in history.

As the election draws nearer, it remains to be seen who will be elected president and how they will approach their potential second term. However, by prioritizing communication, remaining responsive to the needs of the country, and pursuing bipartisanship, the curse of the second term can be avoided.",AI,news
Azarenka Advances to Round of 16; Third-Ranked Muguruza Is Ousted,"Azarenka Advances to Round of 16; Third-Ranked Muguruza Is Ousted

In the latest news from the Australian Open, Victoria Azarenka secured her spot in the round of 16 after defeating Yulia Putintseva with a score of 6-4, 6-2. The former world number one who unseeded this year in the tournament showcased an impressive display of power and agility, proving that she is back in great form.

Azarenka, a former Australian Open champion, played aggressively and took the match in just 88 minutes. She served five aces, broke Putintseva's serve four times, and won 20 of 25 first-serve points.

""I'm very happy with how I played today, especially the way I served and returned,"" Azarenka said in a post-match interview. ""I felt like I was in control of the match from the beginning, and I'm looking forward to the next round.""

On the other hand, Garbine Muguruza, who was seeded third in the tournament, crashed out after being defeated by world number 67 Timea Babos in a thrilling three-set match. Muguruza lost the opening set but fought back to take the second set to a tiebreak. However, Babos proved too strong in the decider, clinching the victory 7-5, 6-7(4), 6-4.

""It's tough to lose, but Babos played an excellent match,"" Muguruza said after the match. ""I made some mistakes at crucial moments that cost me, but that's how it goes sometimes. I'll learn from this and look forward to the next tournament.""

Babos, a Hungarian tennis player, will now face either Karolina Pliskova or Danielle Collins in the next round. With her impressive performance against Muguruza, Babos is sure to be full of confidence heading into her next match.

The Australian Open has lived up to its reputation as one of the most exciting tennis events this year, and with more matches to come, fans can expect more exciting showdowns on the courts of Melbourne Park.",AI,news
Barcelona Opens Lead by Topping Atlético,"Barcelona, the Spanish football giants, have opened up a lead in the La Liga table by defeating their arch-rivals Atletico Madrid 2-0 at the Wanda Metropolitano on Saturday night.

Lionel Messi gave Barcelona an early lead with a stunning free-kick in the 26th minute. The Argentine maestro sent the ball flying into the top corner of the net, barely giving Atletico goalkeeper Jan Oblak any chance of saving it. Antoine Griezmann secured the victory for the visitors in the second half, as he scored a brilliant goal against his former club.

The win has put Barcelona at the top of the table with a 3-point lead over second-placed Real Madrid, who won their match against Espanyol on Sunday. Atletico Madrid, who were trailing Barcelona by just 1 point before the match, have now slipped to the sixth spot in the table. This defeat marks their first home defeat in the league since 2018.

The Catalan outfit was without their star player, Luis Suarez, who is recovering from knee surgery. However, the Barcelona squad seemed unfazed by his absence and put up a dominant performance against the reigning champions of La Liga.

Barcelona coach, Ernesto Valverde, was elated with the performance and praised his team's efforts. ""We knew that this was going to be a tough match, and we had to be at our best to win. I'm proud of my team and the way they played today. We deserved the win,"" he said in a post-match interview.

Barcelona is on a nine-game unbeaten streak in all competitions and will hope to continue their winning run when they take on Real Mallorca in their next league match. The Catalan side is looking to win their third consecutive league title and their 27th overall.

The defeat is a big blow for Atletico Madrid, who are struggling to find form in the league this season. Their coach, Diego Simeone, was visibly disappointed with the performance and promised to work harder to improve his team's fortunes in the coming weeks.

""We have to work harder and improve our performances. We did not play well today, and we have to take responsibility for our mistakes. We have to bounce back stronger,"" he said in the post-match press conference.

The defeat has put Atletico Madrid in a difficult position, as they are now six points away from the league leaders Barcelona. The Rojiblancos have to improve their form quickly if they want to challenge for the title this season.",AI,news
"In the NHL, sometimes the best offense is a good defenseman","In the NHL, sometimes the best offense is a good defenseman

When it comes to scoring goals in the National Hockey League (NHL), most people might think that it's all about the forwards. But in reality, a team's defensemen can play a crucial role in adding points to the scoreboard and winning games.

One prime example of this can be seen with the Nashville Predators, who have a history of strong defensemen contributing significantly to their offense. The most notable example is Shea Weber, who served as Nashville's captain from 2010 to 2016 and scored over 40 goals in a single season as a defenseman.

Other examples include P.K. Subban, who scored a career-high 16 goals during the 2014-2015 season, and Roman Josi, who tallied 65 points during the 2015-2016 season.

But how do defensemen contribute to a team's offense? One way is by jumping up into the rush and creating scoring opportunities. This means that, instead of staying back at the blue line to protect the defensive zone, the defenseman joins the forwards in attacking the opposing team's net.

This tactic requires excellent skating ability and hockey IQ, as the defenseman must know when to make the right pass or take the shot on net. Additionally, a strong offensive defenseman must also have confidence in their defensive abilities, as any mistake could lead to a breakaway for the other team.

Some other notable offensive defensemen in the NHL right now include Brent Burns of the San Jose Sharks, Erik Karlsson of the Ottawa Senators, and Victor Hedman of the Tampa Bay Lightning.

Overall, having a solid defense is crucial for any NHL team looking to make a deep playoff run. But having a defenseman who can also contribute to the offense can be a game-changer, making them a valuable asset to any team's roster.",AI,news
Who has qualified for the November Democratic debate,"Washington D.C. – The November Democratic presidential primary debate is less than a month away, and qualification requirements have gotten stricter. The Democratic National Committee (DNC) announced on Friday that eight candidates have already qualified for the upcoming debate, which is scheduled to be held on November 20, 2019, in Atlanta, Georgia.

The following presidential hopefuls have officially qualified for the fifth presidential debate:

1. Joe Biden, former Vice President
2. Elizabeth Warren, U.S. Senator from Massachusetts
3. Bernie Sanders, U.S. Senator from Vermont
4. Pete Buttigieg, Mayor of South Bend, Indiana
5. Kamala Harris, U.S. Senator from California
6. Andrew Yang, Entrepreneur
7. Amy Klobuchar, U.S. Senator from Minnesota
8. Cory Booker, U.S. Senator from New Jersey

All of the candidates have reached the DNC's polling and fundraising thresholds for the November debate, which required them to receive donations from at least 165,000 unique donors and score at least 3 percent support in four approved national or early-state polls or at least 5 percent support in two early-state polls.

The DNC announced that they would continue to release the list of qualifying candidates as their campaigns work to meet the requirements for the November debate.

However, some notable candidates, such as Beto O’Rourke and Julian Castro, have yet to officially qualify for the debate. O'Rourke has met the polling threshold but still needs to meet the fundraising requirement, and Castro has met the fundraising requirement but still needs to meet the polling threshold.

With the Iowa caucus less than 100 days away, the upcoming debate in Atlanta is expected to be a significant event in the primary. The debate will be co-hosted by MSNBC and The Washington Post and will air live beginning at 9 p.m. EST.

Candidates who do not qualify for the November debate still have an opportunity to qualify for the sixth debate in December. So far, no information has been released about the guidelines for that debate.",AI,news
Trump administration scraps infrastructure advisory council,"After months of inactivity, the Trump administration has officially decided to scrap its infrastructure advisory council, drawing criticism from industry leaders who see this as a missed opportunity to address the country's crumbling infrastructure.

The council was created in 2017 with the aim of providing recommendations to the administration on infrastructure improvements. But the council was plagued with issues from the start. Several members resigned in the wake of the president’s controversial response to the violence in Charlottesville, and the group never met as a whole.

Despite the apparent lack of action, the council had a significant amount of potential. Many industry leaders saw it as a means of advocating for much-needed infrastructure improvements, including rebuilding outdated highways, bridges, and water systems.

The decision to scrap the council has sparked anger and frustration from many industry professionals. Doug Parker, CEO of American Airlines, tweeted, “Infrastructure investment is essential to the future and competitiveness of our country. It’s time for our leaders to come together to get it done.”

Some experts worry that without a formal council in place, much-needed infrastructure funding and projects will continue to be delayed. Emily Feenstra, managing director of government relations and infrastructure initiatives at the American Society of Civil Engineers, warns that ""we need leadership from the top to prioritize infrastructure investment and work together across party lines to get it done.""

The decision to scrap the council also comes at a time when the United States is in desperate need of infrastructure improvements. According to the American Society of Civil Engineers, the country's infrastructure currently earns a grade of D+ due to its outdated and insufficient funding. This rating underscores the need for significant funding and action to prevent further deterioration of existing infrastructure.

The Trump administration has not yet indicated any plans to replace the infrastructure advisory council. In the meantime, industry leaders will have to continue advocating for infrastructure improvements through other channels, including investment in transportation and water infrastructure bills and support for private-public partnerships.",AI,news
Refusing to give up hope - Sri Lanka’s missing people,"Refusing to give up hope - Sri Lanka’s missing people

Sri Lanka has been struggling to find and reunite missing people with their families for many years. There have been countless reports of individuals who were last seen during the civil war, many of whom are still unaccounted for even after a decade of peace.

However, there are still many people across Sri Lanka who are unwilling to give up hope when it comes to reuniting missing people with their families. A few of these Sri Lankan citizens have taken it upon themselves to try and piece together any information they can find about the disappearances.

One such citizen is Manjula Ramanayake, who has been searching for his daughter for over 10 years. In 2009, his daughter went missing during the final days of the country's civil war. Despite many reports of unidentified bodies being found in the area, Ramanayake is still convinced that his daughter is alive and out there somewhere.

Ramanayake is not alone in his quest. There are many others like him, who are still hopeful that their loved ones will be found. This includes the families of soldiers who went missing during the war, as well as those who were arrested and imprisoned without trial.

The government of Sri Lanka has also been taking steps to try and reunite families with their missing loved ones. A national database has been created to keep track of missing persons and their information, and the government has also set up offices across the country to provide support and guidance for families who are looking for their missing loved ones.

Sri Lanka's missing persons issue has not only affected families, but also the country's socio-economic development, as it has led to many individuals being displaced and unable to contribute to society. Refusing to give up hope, Sri Lankans are determined to continue their search for their missing loved ones, no matter how long it takes.

It is clear that Sri Lanka still has a long way to go before they can reunite all the missing people with their families, but people like Manjula Ramanayake and many others have shown that with a little determination, it is possible to keep hope alive and bring closure to many families affected by this issue.",AI,news
Vienna,"Vienna, the capital of Austria, is a city rich in history, culture, and entertainment. Located in the heart of Europe, it has been a melting pot of various cultures, which have left their mark on the city's buildings, music, art, and cuisine.

Vienna is renowned for its architecture, which ranges from Gothic to Art Nouveau. The iconic Stephansdom, with its colorful tiled roof and Gothic spire, towers over the city center. The Hofburg Palace, the former residence of the Habsburgs, is another must-see with its impressive imperial apartments, museums, and a vast collection of imperial treasures.

Vienna is also synonymous with music, having been home to legendary composers such as Mozart, Beethoven, and Strauss. The city has several world-class concert halls, including the Musikverein and the Staatsoper, where classical music concerts and opera performances are regularly held. The Wiener Philharmoniker, one of the world's greatest orchestras, is based in Vienna.

The Viennese coffee house culture is another hallmark of the city. The traditional coffee houses serve not only coffee but also cakes, pastries, and other delicacies. The atmosphere in these coffee houses is relaxed, and locals often spend several hours chatting, reading newspapers, or simply enjoying the atmosphere.

Vienna hosts an array of international events throughout the year, such as the famous ball season from November to February, the Vienna Festival in May and June, and the Vienna Christmas Dream in December. These events attract visitors from all over the world and offer a range of entertainment, from traditional balls and classical music concerts to outdoor markets and festive lights.

In a nutshell, Vienna is a city that has something for every travel enthusiast: history, art, music, and culture. With its ornate architecture, world-renowned classical music scene, and traditional coffee house culture, it's a city that's not to be missed!",AI,wiki
Himalayas,"The Himalayas, also known as the ""Roof of the World"", is a mountain system in Asia that spans over five countries - India, Nepal, Bhutan, Tibet, and Pakistan. It is the highest and largest mountain range in the world and contains the highest peaks, including Mount Everest, which stands at an elevation of 8,848 meters.

The Himalayas are home to a diverse range of flora and fauna and are a major source of water for millions of people in the region. The range is also the source of several important rivers, including the Indus, Ganges, and Brahmaputra, which are crucial to the livelihoods of people in South Asia.

The Himalayas are known for their cultural and religious significance as well. The region is home to a number of indigenous communities, each with their unique culture and traditions. The Sherpas, for example, are renowned for their mountaineering skills and have played a crucial role in many mountain expeditions. The region is also home to several important cultural and religious sites, including the Potala Palace in Lhasa, Tibet, and the Bodh Gaya temple in India.

Despite its natural beauty and cultural significance, the Himalayas are under threat from climate change and human activity. Rising temperatures have led to glacial melting, which has increased the risk of avalanches and landslides. In addition, deforestation, mining, and tourism have all had a significant impact on the region's fragile ecosystem.

To protect the Himalayas and the communities that call them home, it is essential that we take swift action to mitigate the impacts of climate change and reduce our impact on the environment. Only through collective efforts can we ensure that the Himalayas continue to be a source of inspiration and wonder for generations to come.",AI,wiki
Plate tectonics,"Plate tectonics is the scientific theory that explains how the Earth's lithosphere, the rigid outer layer, is divided into several plates that move and interact with each other. The movement of these plates is responsible for many of the Earth's geological features, such as mountains, valleys, and earthquakes.

The theory of plate tectonics was first proposed in the 1960s and has since revolutionized our understanding of how the Earth works. It explains why earthquakes occur in certain regions of the world, why some areas are prone to volcanic eruptions, and how continents have moved and collided over millions of years.

The Earth's lithosphere is divided into several large plates and numerous smaller ones. These plates move slowly, but constantly, driven by convection currents deep within the Earth's mantle. The movement of the plates can lead to the formation of new land or to the destruction of existing land.

The interaction between these plates occurs at plate boundaries—where two plates meet. There are three types of plate boundaries: divergent boundaries, where plates move away from each other; convergent boundaries, where plates collide and one plate is forced beneath the other; and transform boundaries, where plates slide past each other.

Divergent boundaries are responsible for the formation of mid-ocean ridges, where new seafloor is created. Convergent boundaries are responsible for the creation of subduction zones, where one plate is forced beneath another, often leading to the formation of volcanoes and mountain ranges. Transform boundaries are responsible for earthquakes, as the plates sometimes become stuck and then suddenly release, causing the ground to shake.

Plate tectonics is a crucial piece in understanding the Earth's history and the formation of its landforms. It has also helped us to better understand natural disasters such as earthquakes and volcanoes, and how they impact our planet.",AI,wiki
City,"A city is a bustling hub of activity, filled with diverse communities, cultures, and experiences. It is the place where people come to live, work, play, and thrive. Cities are the centers of government, commerce, education, and culture, and they offer a unique blend of opportunities and challenges.

In cities, the skylines are dotted with towering skyscrapers, architectural marvels, and iconic landmarks. The streets are lined with shops, restaurants, and cafes, each offering something unique and exciting. The people are diverse, representing a wide range of backgrounds, interests, and perspectives. In a city, there is always something new to discover, explore, and experience.

However, cities are not without their challenges. The density of the population, combined with the fast-paced lifestyle, can lead to stress and social isolation. Traffic congestion, air pollution, and noise pollution can take a toll on both physical and mental health. Urbanization can also lead to the displacement of vulnerable communities and the destruction of natural habitats.

Despite these challenges, cities remain essential to our modern way of life. They are centers of innovation, creativity, and progress. They offer opportunities for personal growth, cultural exchange, and economic prosperity. They are the engines of growth and development, driving our global economy, and shaping our collective future.

In conclusion, cities are dynamic, complex, and endlessly fascinating. They are the beating heart of our society, and they offer a rich tapestry of experiences for those who call them home. Whether you love or hate the city life, there is no denying the critical role that cities play in shaping our world, and there is always more to discover and explore in these diverse and fascinating urban centers.",AI,wiki
Earthquake,"An earthquake is a phenomenon that occurs due to the movement of the tectonic plates that make up the Earth's crust. The sudden release of energy is felt as a shaking or trembling of the ground, and can cause widespread damage and destruction.

Earthquakes are unpredictable, and can happen at any time and in any location. They are measured on a scale called the Richter scale, which ranges from 1 to 10. The higher the number, the more powerful the earthquake.

The effects of an earthquake can be devastating. Buildings and other structures can be damaged or destroyed, leaving people without homes or in need of emergency shelter. Roads, bridges, and other transportation infrastructure can be severely impacted, making it difficult to move people and supplies in and out of the affected areas.

In addition to the physical damage, earthquakes can also cause emotional trauma for those who experience them. The shaking and noise can be very frightening, and many people may feel a sense of loss or helplessness in the aftermath.

Despite the dangers posed by earthquakes, there are steps that can be taken to mitigate their impact. Building codes and other safety measures can be put in place to ensure that structures are better equipped to withstand the forces of an earthquake. Emergency response plans and drills can also be developed to help people prepare for and respond to earthquakes.

Overall, while earthquakes are a natural phenomenon that cannot be prevented, the impacts can be reduced by taking steps to improve safety and preparedness. By understanding the risks and taking appropriate measures, we can minimize the damage and help protect ourselves and our communities in the event of an earthquake.",AI,wiki
Australia,"Australia is a fascinating country located in the southern hemisphere. With a population of just over 25 million, it is known for its unique wildlife, stunning landscapes and diverse culture. Australia is also one of the most prosperous countries in the world, boasting a strong economy and high standard of living.

One of the most iconic features of Australia is its wildlife. The country is home to many unique species including kangaroos, koalas, wallabies, wombats, and the infamous Tasmanian devil. Australians take pride in their native animals and have set up numerous wildlife reserves and conservation efforts to protect them. The Great Barrier Reef, one of the world's natural wonders, is located off the coast of Australia and attracts millions of tourists each year.

Australia is also known for its breathtaking natural landscapes. The Outback, a vast desert that covers a large portion of Australia, is a popular tourist destination for its rugged beauty and unique wildlife. The country is also home to many stunning beaches, forests, and mountains, making it a haven for nature lovers.

The country's culture is also varied and vibrant. Australia's history is deeply rooted in its Aboriginal heritage, and these traditions continue to influence Australian culture today. The country is also known for its love of sports, with Australian Rules Football, Rugby, and Cricket being some of the most popular pastimes.

In recent years, Australia has also become a hub for innovation and technology. The country has a thriving start-up scene and is home to some of the world's leading tech companies. This has helped to boost the economy and create new opportunities for Australians.

Overall, Australia is a unique and fascinating country that offers something for everyone. Whether you're a nature lover, sports enthusiast, or a tech entrepreneur, Australia has something to offer. Its rich history, diverse culture and stunning landscapes make it a must-visit destination for anyone looking to explore the southern hemisphere.",AI,wiki
Season,"Seasons are a natural phenomenon that forms the foundation for the cycle of life on Earth. There are four distinct seasons throughout the year, each with its unique characteristics, which vary depending on the geographic location.

Spring is the season of rebirth and growth. The air is filled with the sweet fragrance of blooming flowers, and the earth is covered in lush greenery. The temperature slowly starts to rise, and animals awaken from their hibernation. Spring is a time of renewal, hope, and new beginnings.

Summer is the season of warmth and sunshine. It is the time of year when the days are longer, and the nights are shorter. The temperature reaches its peak, and people flock to beaches and lakes to cool off. Kids are out of school, and families embark on vacations to explore new places and create memories.

Fall is the season of change and transformation. The leaves turn into vibrant shades of red, orange, and yellow before falling to the ground. The air turns crisp, and people start to bundle up. Fall is a time of preparation and letting go, as nature gets ready for the colder months ahead.

Winter is the season of rest and reflection. The temperature drops, and snow blankets the earth, creating picturesque landscapes. People gather around the fireplace to keep warm and enjoy hot cocoa. Winter is a time to slow down, recharge, and spend time with loved ones.

In conclusion, each season has its unique beauty and purpose, from the start of new life to the end of a cycle. No matter what season it is, we can find joy and appreciation in the wonders of nature.",AI,wiki
Soil,"Soil - The Precious Thin Layer of Earth

Soil is one of the most precious resources found on earth. It is a thin layer of natural material that covers the surface of the land. It is made up of organic and inorganic materials, such as minerals, gases, liquids, minerals, and living organisms. Soil is critical to our health, food security, and the environment. It provides a natural habitat for plants and animals, helps purify the air and water, and stores carbon that helps regulate global climate.

Soil provides essential nutrients to plants that are necessary for their growth, development, and reproduction. It contains essential elements that plants need such as nitrogen, phosphorus, and potassium. These elements are important for plant growth and development, and without them, crops cannot grow. Therefore, soil fertility is essential for agriculture and food production.

Soil also plays a critical role in the water cycle. It absorbs water, which helps recharge groundwater and prevents erosion by holding water in place. Soil serves as a natural filter, helping to purify contaminated water. In urban areas, soil helps mitigate the effects of pollutants, such as traffic noise, and reduces the heat island effect.

Moreover, soil plays a significant role in the carbon and nitrogen cycle. It stores carbon and sequesters it that helps mitigate climate change. Soil also acts as a natural regulator of the earth's temperature as well as its acidity and alkalinity, which plays a vital role in plant growth and the survival of soil organisms.

Protecting soil is vital for ensuring its continued health and production. Soil erosion, soil pollution, deforestation, urbanization, and poor farming practices can all contribute to the degradation of soil quality. Conservation practices such as crop rotation, cover cropping, organic farming, and agroforestry help to promote sustainable soil management.

In conclusion, soil is a precious natural resource that is essential to our lives, it serves as the foundation for agriculture, supports our food system, and contributes to the overall health of the environment. It is essential that we protect and conserve our soils to ensure the sustainability of our planet, and the well-being of future generations.",AI,wiki
Olympic Games,"The Olympic Games are the most prestigious and highly anticipated sporting event in the world. The Games are held every four years, and thousands of athletes from all over the world compete in various sports to represent their countries.

The history of the Olympics dates back to ancient Greece, where it was held as a tribute to the Greek god Zeus. The first modern Olympic Games were held in Athens in 1896, and since then, the event has grown in size and stature.

The Olympics are organized into two major events, the Summer Olympics and the Winter Olympics. The Summer Olympics involve a wide range of sports, including athletics, swimming, gymnastics, basketball, football, and many others. The Winter Olympics, on the other hand, include sports such as skiing, snowboarding, ice hockey, and more.

The Olympic Games are not just about sports and competition; they are also an opportunity for countries to come together and celebrate the spirit of international friendship, unity, and cooperation. The Games are a true testament to the resilience, dedication, and hard work of the athletes who participate.

The Games are also known for their opening and closing ceremonies, which are always spectacular and showcase the rich culture and traditions of the host country. The live performances, cultural dances, and breathtaking displays are a true delight to watch, and they never fail to mesmerize the spectators.

In conclusion, the Olympic Games are a symbol of excellence, sportsmanship, and international cooperation. They bring people from all over the world together in the spirit of competition and serve as a reminder of what humans can achieve when they work together. The Games have a storied history and will continue to be a source of inspiration for generations to come.",AI,wiki
Lionel Messi,"Lionel Messi is an Argentine professional football player widely regarded as one of the greatest footballers of all time. Born on June 24, 1987 in Rosario, Argentina, Messi started playing football at a very young age and went on to become a household name across the world.

Messi currently plays as a forward for FC Barcelona and the Argentine national team. He joined Barcelona's youth academy, La Masia, at the age of 13 and made his professional debut at the age of 17. Since then, Messi has been a vital asset to Barcelona's success, winning numerous domestic and international titles with the club.

In addition to his club achievements, Messi has also had a remarkable international career with the Argentine national team. He has represented his country in several major tournaments, including the FIFA World Cup and the Copa America, and has helped his team reach the finals on multiple occasions.

Some of Messi's greatest strengths as a player include his agility, dribbling skills, and ability to score from almost any angle on the field. He has won seven Ballon d'Or awards, which is a record in football history, and has scored over 700 career goals, making him one of the highest-scoring players of all time.

Beyond his achievements on the field, Messi is also known for his humble personality and philanthropic endeavors. He has established the Leo Messi Foundation which provides aid and support to children and their families in need.

In conclusion, Lionel Messi is a true football icon who has left a lasting impact on the world of football. His skill, dedication, and humility have set an example for aspiring football players across the globe. Messi's legacy will continue to inspire young footballers for many years to come.",AI,wiki
FC Bayern Munich,"FC Bayern Munich is a German professional football club based in the city of Munich. The club was founded in 1900 and is now one of the most successful football clubs in the world. The team is known for its distinctive red and white strip and home games are played at the Allianz Arena, which can hold up to 75,000 spectators.

The club has won numerous domestic and international titles, including a record 31 Bundesliga titles, 20 DFB-Pokal titles, 8 DFL-Supercup titles, 6 UEFA Champions League titles, 2 UEFA Europa League titles, 2 UEFA Cup Winners' Cup titles and 1 UEFA Super Cup title. They are also one of the few clubs to have won all three major European competitions, along with Ajax, Juventus, and Manchester United.

FC Bayern Munich has several world-class players on their current squad, including Manuel Neuer, Robert Lewandowski, Thomas Muller, and David Alaba. The club is also known for its successful youth academy, which has produced talented players such as Philipp Lahm, Bastian Schweinsteiger, and Thomas Muller.

The club is owned by its supporters, meaning that fans have a say in how the club is run. This model has proven successful, with the club consistently performing well on and off the pitch. The club has a large global following and is considered one of the most valuable football clubs in the world.

In recent years, FC Bayern Munich has been dominant in the Bundesliga, winning the league title for eight consecutive seasons from 2012-2020. The club has faced tough competition in the Champions League, but still managed to win the competition in 2013, 2017, and 2020.

Overall, FC Bayern Munich is a legendary football club with a rich history and a bright future. With talented players and a loyal fan base, the club is sure to continue its success in the years to come.",AI,wiki
Basketball,"Basketball is one of the most popular and widely played sports around the world. It is a fast-paced, high-scoring game that requires both physical skill and mental strategy. Basketball can be played by people of all ages and skill levels, making it a versatile sport that is enjoyed in many different settings.

The origins of basketball can be traced back to as early as the 1890s, when Dr. James Naismith, a Canadian physical education instructor, invented the game as a way to keep his students active during the winter months. Naismith hung two peach baskets on opposite ends of the gymnasium and instructed his students to try and throw a soccer ball into the baskets. Thus, the game of basketball was born.

Today, basketball is played at all levels, from pickup games at the park to professional leagues around the world. The National Basketball Association in the United States is the most prestigious and well-known professional basketball league in the world, featuring the best players from around the globe.

One of the most important skills in basketball is shooting. A player must learn how to shoot with accuracy and consistency from various distances and angles on the court. Beyond shooting, basketball also involves dribbling, passing, rebounding, and defending. Teamwork and communication are also crucial aspects of the game, as players must work together to execute offensive and defensive strategies.

In addition to its physical benefits, basketball also teaches valuable life lessons such as discipline, sportsmanship, and teamwork. The game requires players to push themselves to improve their skills, and to work together to achieve a common goal. These traits are not only useful on the court, but also in other areas of life.

Overall, basketball is a dynamic and exciting sport with a rich history and global appeal. Whether played competitively or just for fun, it is a great way to stay active and engage with others who share a passion for the game.",AI,wiki
100 metres,"The 100 metres, also known as the sprint, is one of the most iconic events in athletics. It is a race that requires explosive speed, power and endurance from athletes. At the sound of the starter's pistol, athletes explode out of the blocks, propelling themselves forward towards the finish line.

The 100 metres is a straight sprint race, with athletes running on a track that's 400 metres long. It is a race that demands a lot from the runners in a very short time, usually lasting around 10 seconds. In order to achieve success in this event, athletes must have incredible physical and mental strength.

The world record for the men's 100 metres currently stands at 9.58 seconds, set by Usain Bolt in 2009. The women's record is held by Florence Griffith-Joyner, who ran the distance in 10.49 seconds back in 1988. These world record times are incredibly fast and demonstrate the sheer speed and power required to excel in this event.

The 100 metres is a popular event at major athletics championships, such as the Olympic Games and the World Championships. It is a showcase for the fastest athletes in the world, and winning a medal in this event is considered one of the greatest achievements in athletics.

As well as the physical demands of the 100 metres, athletes must also have a strong mental game. They must be able to focus under immense pressure, blocking out any distractions and staying completely focused on their performance. In many cases, the difference between winning and losing can come down to a matter of milliseconds.

In conclusion, the 100 metres is a thrilling and intense event in athletics. It demands speed, power, and mental strength from athletes who want to excel in this iconic race. It is a showcase of pure athleticism, and the athletes who succeed at this distance are truly the fastest in the world.",AI,wiki
Roger Federer,"Roger Federer is one of the greatest tennis players of all time, renowned for his grace and skill on the court. Born in Switzerland in 1981, he began playing tennis at the age of eight and quickly showed promise as a player.

Federer went on to win his first professional tournament in 2001 and would go on to dominate the sport for the next decade. He has won 20 Grand Slam titles, including eight Wimbledon titles, five US Open titles, and six Australian Open titles.

Federer's success on the court is due in large part to his exceptional versatility as a player. He is equally comfortable playing from the baseline or the net and has a wide range of shots at his disposal, including a powerful serve, a devastating forehand, and a deft touch at the net.

In addition to his success on the court, Federer is also widely admired for his sportsmanship and his off-court philanthropy work. He has won numerous awards for his charitable contributions, including the Arthur Ashe Humanitarian Award and the Stefan Edberg Sportsmanship Award.

Despite being in his late 30s, Federer continues to compete at the highest levels of the sport, proving that he is still one of the best in the business. Whether he's playing in front of thousands of fans on a grand stage or battling it out on a practice court, Federer remains one of the most captivating and beloved figures in the world of tennis.",AI,wiki
Pep Guardiola,"Pep Guardiola is widely regarded as one of the greatest football managers of all time. The Spanish tactician has revolutionized the game with his unique style of play and tactical nous. Guardiola has won numerous trophies during his illustrious career, including multiple league titles, Champions Leagues, and domestic cups.

Born in Catalonia in 1971, Guardiola began playing football at a young age and was quickly recognized for his talent. He joined Barcelona's youth academy at age 13 and became a key player in the senior team in the early 1990s. Guardiola's playing career saw him win six La Liga titles, two Champions Leagues and numerous domestic cups with Barcelona, as well as a Serie A title with Italian giants, AC Milan.

After retiring in 2006, Guardiola immediately moved into coaching and took charge of Barcelona's B team. Within a year, he was appointed as the first-team manager, and under his guidance, Barcelona won the treble in his debut season. During his four years in charge, Guardiola's Barcelona side played some of the most breathtaking football the world had ever seen, with Lionel Messi, Xavi, and Andres Iniesta among the stars of a team that won 14 major trophies.

After a sabbatical from coaching, Guardiola took over Bayern Munich in 2013 and won three Bundesliga titles and two domestic cups during his three seasons in charge. In 2016, Guardiola joined Manchester City, where he has continued to dominate, winning the Premier League title three times, as well as three League Cups and an FA Cup.

Guardiola's success is often attributed to his innovative style of play, which involves controlling possession and dominating games with short, precise passing. His teams are known for their intense pressing and high-energy attacking play, which has inspired a generation of coaches and players worldwide.

Overall, Pep Guardiola's impact on football has been immense, from his playing career to his coaching achievements. He has raised the bar for what is possible in football, and his legacy will undoubtedly live on for years to come.",AI,wiki
Premier League,"The Premier League is one of the most watched and exciting football leagues in the world. Founded in 1992, it comprises of 20 teams from England and Wales, who compete against each other in a round-robin format to win the coveted trophy.

Each season, millions of fans worldwide tune in to watch the games, which are broadcasted live on television and streamed online. The league's popularity has grown exponentially over the years, with clubs spending millions of pounds on buying and selling players to improve their chances of winning.

The Premier League has seen some of the biggest and most successful football clubs in the world compete against each other, including Manchester United, Liverpool, Arsenal, Chelsea, and Manchester City. These clubs have won the majority of the league titles throughout its history, with Manchester United winning the most at 13.

The league is known for its fast-paced and physical style of football, which has been mimicked by other leagues around the world. Its popularity has also attracted some of the biggest names in football, such as Cristiano Ronaldo, Lionel Messi, and Zinedine Zidane, who have all praised the league for its competitiveness and quality.

The Premier League has also played a significant role in shaping English football, with clubs investing heavily in youth academies and developing local talent to compete at the highest level. The league has also introduced several innovative technologies, including video assistant referees and goal-line technology, to ensure fairness and accuracy in decisions made during matches.

Overall, the Premier League continues to be a thrilling and exciting league, attracting fans from all corners of the world. With new stars emerging, and established clubs continuing to dominate, the future of the league looks bright and promising.",AI,wiki
Association football,"Also known as soccer, association football is a sport that is popular all over the world. The game is played between two teams, each consisting of eleven players. The objective of the game is to score more goals against the opposition by hitting the ball into the opponent’s goal.

Association football began in 1863 in England, and the first official rules were established. The sport quickly spread to other countries and became a major national pastime. Today, soccer is played in every corner of the world, and it is the most popular sport globally. 

The game is also a great way to maintain fitness and build teamwork skills. Players must work together to coordinate their actions and make quick decisions on the pitch. This requires a great deal of focus and tactical acumen.

One of the most exciting parts of association football is the World Cup. Held every four years, the tournament sees countries from around the world compete for the prestigious trophy. The World Cup often unites people from various countries around the world, as they watch together and share their passion for the game.

In addition, soccer is also beneficial for mental health. It has been shown to increase confidence, reduce stress levels, and improve mood. It is also a great way to meet new people who share similar interests.

Overall, association football is a sport that has transcended borders and cultures. It has become a universal language that brings people together regardless of their background, race, or nationality. With its popularity showing no sign of slowing down, soccer is here to stay as one of the most beloved sports around the world.",AI,wiki
Music,"Music is a universal language that has been around for centuries. It has the power to move people, to evoke emotions, and to bring individuals together. From heart-wrenching ballads to adrenaline-pumping beats, music has something for everyone.

One of the great things about music is that it can be created and enjoyed by anyone. You don't need a special talent or a lot of money to make music. With nothing more than a voice and a guitar, anyone can write and perform a song. And with the rise of technology and digital platforms, aspiring musicians can create and distribute their music to a global audience.

Music has also been shown to have therapeutic benefits. Listening to music can lower stress levels, reduce anxiety, and even alleviate pain. This is why music therapy has become an increasingly popular treatment for a variety of mental and physical health conditions. Music can also be a great way to relax and unwind after a long day, or to get energized before a workout.

Of course, music is also a form of entertainment. From concerts to music festivals, people love to come together and enjoy live performances. Music has the power to create unforgettable moments and memories that last a lifetime. Whether it's a romantic slow dance or a wild mosh pit, the experience of seeing your favorite artist perform live is something truly special.

In conclusion, music is an integral part of human culture and has the power to bring people together in ways that few other things can. It crosses borders, unites strangers, and speaks to the soul. So whether you're a musician or a fan, remember to keep the music alive and let it continue to inspire you and those around you.",AI,wiki
Electric guitar,"Die Musik ist eine universelle Sprache, die unabhängig von der Kultur, Religion, oder Sprache verstanden wird. Es gibt zahlreiche Musikgenres, von denen jedes seine eigene Identität hat. Von der Klassischen Musik über Rock bis hin zum Hip Hop gibt es für jeden Musikliebhaber etwas. Die Musik ist einzigartig, weil sie Emotionen und Stimmungen hervorrufen und transportieren kann.

Die Klassische Musik ist die älteste Musikform und hat in der europäischen Kulturgeschichte einen besonderen Stellenwert. Die Musikstücke von Komponisten wie Mozart, Bach und Beethoven sind bekannte Werke und werden noch heute aufgeführt. Die Klassische Musik steht für Kunst, Kultur und Bildung. Die Nachfrage nach klassischer Musik ist bis heute ungebrochen.

Rockmusik ist eine der bekanntesten Musikgenres der Welt. Die Musikrichtung hat ihren Ursprung in den 1950er-Jahren und hat seitdem viele Ausprägungen erfahren. Die Musik gilt als rebellisch und antiautoritär. Bands wie The Rolling Stones, The Beatles, Led Zeppelin oder Nirvana haben die Rockmusik maßgeblich geprägt. Die Musik der Rock-Szene vermittelt auch heute noch das Gefühl von Freiheit und Unabhängigkeit.

Hip-Hop ist eine Musikrichtung undKultur, die ihren Ursprung in der afroamerikanischen Gemeinschaft in New York City in den 1970er Jahren hat. Sie kombinierte Breakdance, Rap, Djing und Graffiti Art. Hip-Hop ist heute weltweit bekannt und beliebt. Es geht um Rhythmus, Beats und Flow. Die Texte können politisch, sozialkritisch oder auch einfach nur partyorientiert sein.

Musik ist ein wichtiger Bestandteil unseres Lebens. Sie kann uns inspirieren, trösten oder uns einfach nur gute Laune machen. Egal, ob man Klassische Musik, Rock oder Hip Hop bevorzugt, Musik bleibt immer eine Sprache, die jeder versteht. Musik bringt Menschen zusammen und öffnet den Horizont für neue Erfahrungen und Gefühle.",AI,wiki
Queen (band),"Queen is a legendary British rock band that has left a lasting impression on the music industry since their formation in 1970. With Freddie Mercury on lead vocals, Brian May on guitar, John Deacon on bass, and Roger Taylor on drums, the band's musical style is known for fusion rock, hard rock, and heavy metal.

The band's popularity skyrocketed after the 1975 release of ""Bohemian Rhapsody"", which is regarded as one of the greatest songs of all time. The song is known for its exquisite vocal harmonies, unconventional structure, and sweeping operatic sections. Released on the album ""A Night at the Opera,"" the song and the album secured the band's place in history, earning them legions of new fans across the world.

Queen's extensive discography boasts hits such as ""We Are the Champions,"" ""We Will Rock You,"" ""Don't Stop Me Now,"" and ""Another One Bites the Dust."" The band's music has been featured in many films, TV shows, and commercials, keeping the band relevant in popular culture even decades after their formation.

In addition to their music, Queen was renowned for their iconic live concerts. With Mercury's flamboyance and showmanship, the band put on some of the most visually stunning and musically stunning live shows that music fans have ever witnessed. Their performances at Wembley Stadium in 1986 and Live Aid in 1985 are still talked about to this day.

Despite Freddie Mercury's untimely death in 1991, the band's legacy lives on. The remaining members continue to perform under the band name, collaborating with other artists and touring worldwide. Their influence on the music industry is undeniable, inspiring many artists to this day. Queen will forever be regarded as one of the most successful and influential rock bands of all time.",AI,wiki
Heavy metal music,"Heavy metal music is a genre that is loved and appreciated by many people around the world. It has its roots in hard rock, blues, and psychedelic music of the 1960s and 1970s, and it is characterized by its loud, distorted guitar riffs, rapid drumming, and powerful vocals.

The origins of heavy metal can be traced back to the mid-1960s, when bands such as The Kinks, The Who, and The Beatles began incorporating distorted guitar sounds into their music. However, it was Black Sabbath who is widely regarded as the first true heavy metal band, with their dark and heavy sound that paved the way for the emergence of the genre in the 1970s.

Since then, heavy metal has evolved and diversified, encompassing different sub-genres such as power metal, thrash metal, death metal, and many others. Heavy metal has also shown a remarkable ability to adapt and incorporate elements from different musical styles, such as classical music, folk music, and even electronic music.

Heavy metal music has a devoted following, with fans who are fiercely loyal to their favorite bands and attend concerts and festivals all over the world. The lyrics of heavy metal songs often deal with themes such as personal struggles, social and political issues, and fantasy and mythology. In many cases, the lyrics and image associated with heavy metal have been the subject of controversy, with critics accusing the genre of promoting violence and advocating destructive behavior.

However, proponents of heavy metal argue that the genre provides an outlet for people to express their emotions, and that the confrontational and rebellious attitude of heavy metal is a way of challenging the status quo.

Overall, heavy metal music is a unique and powerful style of music that has managed to endure and evolve over the decades, and undoubtedly will continue to inspire and connect with new generations of fans.",AI,wiki
Ludwig van Beethoven,"Ludwig van Beethoven is widely regarded as one of the greatest composers in the history of music. Born in Bonn, Germany in 1770, Beethoven was a child prodigy who began playing the piano and violin at a young age. He received his early musical education from his father, a court musician, and later from Christian Gottlob Neefe, the court organist.

Despite having an abusive and alcoholic father, Beethoven continued to excel as a musician and developed a reputation as a virtuoso pianist. In 1787, he travelled to Vienna to study with Joseph Haydn, a leading composer of the time. While there, he also studied with other prominent musicians, such as Johann Georg Albrechtsberger and Antonio Salieri.

Beethoven began to lose his hearing in his late twenties, a condition that would eventually leave him completely deaf. Despite this, he continued to compose some of the most influential works in classical music history. His compositions include 32 piano sonatas, nine symphonies, five piano concertos, one violin concerto, and an opera, Fidelio.

Beethoven's music is known for its emotional intensity, innovative harmonies, and dramatic use of contrasts. His later works, such as the Ninth Symphony, are particularly noteworthy for their inclusion of vocal soloists and choir, a departure from traditional symphonic form.

Beethoven's influence on music is immeasurable, particularly in the development of Romantic music. His works continue to be performed and studied by musicians around the world, and he is still widely regarded as one of the greatest composers of all time.",AI,wiki
The Beatles,"The Beatles sind zweifellos eine der bekanntesten und einflussreichsten Bands aller Zeiten. Sie wurden 1960 in Liverpool, England, gegründet und bestanden aus John Lennon, Paul McCartney, George Harrison und Ringo Starr.

In den 1960er Jahren eroberten die Beatles die Musikszene mit ihrem unverwechselbaren Sound und ihrem rebellischen Image. Sie waren wegweisend für die Entwicklung der Popmusik und inspirierten zahlreiche Musiker und Bands nach ihnen.

Zu ihren bekanntesten Hits gehören ""Hey Jude"", ""Yesterday"", ""Let It Be"" und ""Twist and Shout"". Allein zwischen 1964 und 1970 hatten sie unglaubliche 20 Nummer-Eins-Hits in den USA.

Die Beatles waren jedoch nicht nur für ihre Musik bekannt, sondern auch für ihren Einfluss auf die Popkultur. Sie beeinflussten die Mode, das Verhalten und die Gesellschaft im Allgemeinen. Das ""Beatlemania""-Phänomen sorgte für ausverkaufte Konzerte und eine Hysterie rund um die Bandmitglieder.

Obwohl die Beatles in den 70er Jahren getrennte Wege gingen, bleibt ihr Einfluss auf die Musikwelt bis heute bestehen. Ihre Musik wird immer noch gehört und geliebt, ihre Texte und Melodien sind zeitlos.

Insgesamt haben die Beatles mehr als 600 Millionen Platten verkauft und sind bis heute eine der erfolgreichsten Bands aller Zeiten. Ihre Musik hat Generationen berührt und geprägt und wird das auch in Zukunft tun.",AI,wiki
Linkin Park,"Linkin Park is an American rock band that was founded in 1996 in Agoura Hills, California. The band has had a massive global impact, with their music and lyrics touching the hearts of millions of fans who have enjoyed their unique sound over the years.

The band is known for their fusion of alternative rock, metal, and rap. They managed to create a unique sound that has stood the test of time and influenced many other successful artists. Their breakout album, ""Hybrid Theory,"" released in 2000, remains their most successful album to date, selling over 30 million copies worldwide, making it one of the best-selling albums of all time.

Linkin Park's music combines Bennington's signature scream with rapper Mike Shinoda's raps and melodies, resulting in a powerful and emotional delivery. Their music often reflects on themes of personal struggle, loss, and relationships that resonate with listeners everywhere.

Despite their success, Linkin Park faced their share of challenges. In July 2017, their singer, Chester Bennington, died tragically by suicide, leaving behind family, friends, and millions of fans who were shocked by the news. His death was a big blow to the music world, but his legacy lives on through his incredible music.

In conclusion, Linkin Park is one of the most influential rock bands of our time, consistently pushing the boundaries of sound, and touching the hearts of millions with their music. Their unique sound inspired countless other musicians, and their songs will always hold a special place in the hearts of their fans worldwide. Despite the tragic loss of Chester Bennington, Linkin Park's music will continue to live on and inspire generations of music lovers.",AI,wiki
Computer,"A computer is an electronic device that can manipulate and store data, allowing users to perform a wide variety of tasks. It is comprised of several components, including a central processing unit, memory, storage devices, input/output devices, and software.

The CPU is the ""brain"" of the computer, executing instructions and controlling other components. Memory, or RAM, temporarily stores data and programs for quick access by the CPU. Storage devices, such as hard drives or solid-state drives, allow users to store data long-term. Input/output devices, such as keyboards, mice, monitors, and printers, allow users to interact with the computer and view output.

Software is the set of instructions that tell the computer what to do, and it includes both system software and user software.

Computers are used in a variety of settings, including homes, schools, businesses, and research facilities. They have made significant contributions to fields such as science, engineering, and medicine, as well as revolutionizing communication and entertainment.

As technology continues to evolve, computers become more powerful and versatile. They have become an essential tool for people all over the world, and their impact on our daily lives is undeniable.",AI,wiki
Turing machine,"The Turing machine is a hypothetical device, conceptualized by the mathematician Alan Turing in the 1930s, that was designed to simulate any algorithmic or computational process. The idea behind the machine was to provide a formal definition of the concept of algorithm, or a systematic step-by-step set of instructions that could be followed to perform a calculation.

At its core, the Turing machine consists of a tape divided into cells, each containing a symbol from a finite set of possible symbols. A head scans the tape, reading or writing symbols as it moves back and forth along the tape, according to a set of rules specified by an algorithm in the form of a state table. The machine can operate on any sequence of symbols on the tape, and it can perform basic operations such as moving the head, reading or writing symbols, and changing its internal state based on the input it receives.

One of the key features of the Turing machine is its versatility. By changing the state table, one can program the machine to simulate any other computer or computational device, including binary digital computers, analog computers, and even human calculators. The machine can perform any calculation that can be expressed as a formal algorithm, and it can be used to solve a wide variety of problems in mathematics, computer science, and other fields.

Despite its theoretical nature, the Turing machine has had a profound impact on the development of modern computing technology. Many of the basic concepts of computer science, such as the idea of a stored program, binary code, and machine language, were first formulated by Turing as part of his research into the foundations of computation. Today, the Turing machine is widely used as a teaching tool in computer science courses, and it continues to inspire new research into the nature of computation, artificial intelligence, and the limits of human cognition.",AI,wiki
Microsoft,"Microsoft is a multinational technology company that has played a significant role in shaping the digital world. Founded by Bill Gates and Paul Allen in 1975, Microsoft has grown to become one of the leading software and hardware developers in the world.

The company is known for its flagship product, the Windows operating system, which is used on over 1 billion devices worldwide. Microsoft has also developed a range of software applications such as Microsoft Office, Skype, and Microsoft Teams, which have become staples in both personal and business computing.

Additionally, Microsoft has recently expanded its focus to hardware development with the launch of the Surface range of devices, including laptops, tablets, and smartphones. The company has also made significant strides in the gaming industry with the introduction of the Xbox gaming console.

Microsoft is committed to innovation and has invested heavily in emerging technologies such as artificial intelligence, cloud computing, and quantum computing. The company's partnerships with other leading technology companies have resulted in cutting-edge solutions that have a significant impact on the global tech landscape.

Over the years, Microsoft has faced its fair share of controversies and setbacks. Still, the company has maintained its position as a tech giant through strategic acquisitions, continuous innovation, and its unwavering commitment to digital transformation.

In conclusion, Microsoft is a global technology giant that has contributed significantly to the evolution of the digital world. The company's focus on innovation, strategic partnerships, and investment in emerging technologies have positioned it as a leader in the tech industry.",AI,wiki
Assembly language,"Assembly language, also known as assembler code, is a low-level programming language that is used to program computer systems and other devices. It is a type of machine language that is specifically designed for a particular computer architecture, and is often used to optimize programs for specific hardware components.

Assembly language is considered to be a relatively simple programming language as it uses human-readable instructions that are translated into machine code. It is also considered to be faster and more efficient than high-level programming languages, such as C++ or Java, as it allows programmers to directly access the computer hardware and more finely control the execution of instructions.

Assembly language is mainly used in embedded systems, device drivers, and operating systems as it allows for direct access to the hardware and can be used to optimize performance in these scenarios. It is also used in reverse engineering and malware analysis, as it allows analysts to disassemble and analyze the machine code of software applications and find vulnerabilities or malicious code.

One of the drawbacks of assembly language is that it takes more time to write than high-level programming languages, as it requires more detailed and specific instructions. It is also difficult to learn and requires a greater understanding of computer architecture and instruction sets.

Despite its challenges, assembly language remains an important tool for programming in certain scenarios and is still widely used in many industries. Its ability to optimize performance and directly access hardware make it a valuable resource for developers and programmers alike.",AI,wiki
Machine Learning,"Machine learning is a type of artificial intelligence that focuses on algorithms that can learn from data and make predictions or decisions based on that learning. It involves the use of statistical models and algorithms that enable computers to perform a variety of tasks without being explicitly programmed.

One of the key benefits of machine learning is that it can be applied to a wide range of issues and industries. For example, it can be used to analyze customer data to identify patterns and preferences, allowing companies to create more personalized marketing campaigns. It can also be used in healthcare to predict patient outcomes and develop more effective treatment plans.

There are several types of machine learning, including supervised learning, unsupervised learning, and reinforcement learning. In supervised learning, the algorithm is trained on a labeled dataset, which means the data is categorized or sorted in some way. In unsupervised learning, the algorithm is fed an unlabeled dataset and is tasked with identifying patterns or relationships on its own. Reinforcement learning involves a process of trial and error, where the algorithm learns through positive or negative feedback.

Machine learning is already being used in a variety of applications, such as natural language processing, image recognition, and predictive analytics. As data becomes increasingly important in business and society, the role of machine learning is likely to become even more critical. However, it is important to recognize that machine learning is not a magic solution to all problems and must be used with careful consideration and oversight. Overall, machine learning is a powerful tool that can help organizations and individuals make better decisions based on data-driven insights.",AI,wiki
Artificial neural network,"Artificial neural networks, or simply neural networks, are a subset of machine learning that are modeled on the structure and function of the human brain. These networks are composed of several layers of interconnected nodes or neurons, each of which has its own unique function.

The neural network is trained using a large dataset of inputs and outputs. Each input is processed by the network, and the output is compared to the expected output for that input. The network then adjusts its weights and biases until the output matches the expected output as closely as possible.

Once the neural network has been trained, it can be used to make predictions or classify new inputs. For example, a neural network could be used to classify images of cats and dogs based on features like the shape of their ears and the color of their fur.

Neural networks have many applications, including speech recognition, natural language processing, image and video recognition, and self-driving cars. They are also used in industries like finance and healthcare to make predictions and identify patterns.

Despite their success, neural networks are not without their limitations. They require large amounts of data to train, which can be expensive and time-consuming to acquire. They are also difficult to interpret, making it difficult to understand how they arrive at their predictions.

Overall, neural networks represent a powerful tool for machine learning and have the potential to transform many industries. As technology continues to advance, it is likely that we will see even more innovative applications for these networks in the future.",AI,wiki
Database,"A database is a collection of organised data that can be accessed, managed and updated easily. It is designed to be efficient for storing, retrieving and manipulating large amounts of data. Information is stored in tables consisting of rows and columns, and it can be retrieved using structured query language. Databases can either be stored on a single computer or accessed remotely over a network.

Databases are an essential part of modern computer systems and applications. They are used in various industries such as healthcare, finance, education, e-commerce, and more. These industries use databases to store and process vast amounts of data that is required for day to day operations. Databases can also be used for advanced analysis and data visualisation, allowing users to make informed decisions based on data.

There are various types of databases, including relational, non-relational, and object-oriented databases. Relational databases are the most common type and are organised based on tables that are linked by relationships. Non-relational databases, on the other hand, do not store data in tables, and instead use other structures such as documents or graphs. Object-oriented databases store data in objects, which represent real-world objects and are used in programming languages such as Java.

One of the key benefits of databases is their ability to maintain data integrity. This means that data is protected from being corrupted or lost, ensuring that it remains consistent and accurate. Regular backups and security measures are essential to maintain security and prevent data loss or theft.

In conclusion, databases are an essential component of modern information systems. They store, organise, and manage large amounts of data efficiently and can be used in various industries. With the right design, proper management and maintenance, databases provide a reliable and secure solution for storing and processing data.",AI,wiki
SQL,"SQL, or Structured Query Language, is a programming language used to manage and manipulate relational databases. It is used to create, modify, and extract data stored in databases.

One of the most important aspects of SQL is its ability to retrieve and manipulate data. SQL allows developers to select data from specific tables and to filter the data based on certain criteria. Additionally, developers can use SQL to insert new records into databases, update existing records, and delete records when necessary.

SQL is a powerful tool for managing data, particularly in large organizations where large amounts of data are stored in databases. It allows developers to analyze data and extract insights that can be used to drive business decisions. This is particularly important in the field of data analytics and data science, where data-driven insights are the foundation of decision-making.

There are several different types of SQL databases, including MySQL, Oracle, Microsoft SQL Server, and PostgreSQL. Each of these databases offers a unique set of features and capabilities.

Overall, SQL is an essential tool for any organization that relies on large amounts of data. Its ability to manage and manipulate data makes it an important tool for businesses of all sizes. By leveraging the power of SQL, organizations can gain insights that can help them make better decisions, improve their operations, and ultimately, increase their bottom line.",AI,wiki
Virtual machine,"A virtual machine is a software program that creates a simulation of a computer system, allowing multiple operating systems to function independently on a single physical machine. The virtual machine abstracts computer hardware, allowing multiple operating systems to run on the same physical machine without interfering with each other.

Virtual machines are used in various applications, including cloud computing, software development, and cybersecurity testing. They allow users to run different operating systems and applications on the same machine without the need for additional hardware. Virtual machines can also be used to create a sandbox environment where users can test software and applications without affecting the host system.

One of the notable advantages of virtual machines is their ability to isolate operating systems and applications. This means that any malware or viruses that infect a virtual machine will be contained within that environment, without affecting the host computer. Additionally, virtual machines can be easily modified, cloned, or backed up, allowing for easy migration and disaster recovery.

Various software vendors have developed virtualization solutions compatible with different operating systems, including VMWare, VirtualBox, and Hyper-V. These tools enable users to configure virtual machines for a multitude of use cases and scenarios, including testing, deployment, datacenter consolidation, and disaster recovery.

In conclusion, virtual machines are invaluable tools for running multiple operating systems on a single machine while creating a sandbox environment and providing protection from malware and viruses. They have become indispensable in many industries, including software development, cybersecurity, and cloud computing. Being a powerful and versatile tool, virtual machines will continue to be used for years to come.",AI,wiki
Cold War,"The Cold War was a period of intense political and ideological conflict between the United States and the Soviet Union that spanned from the end of World War II in 1945 until the fall of the Soviet Union in 1991. The rivalry between these two superpowers developed after both countries emerged as dominant global powers in the aftermath of World War II.

The primary reason behind the Cold War was the contrasting political beliefs of these two nations. The United States and its allies were ardent supporters of capitalism and democracy, while the Soviet Union championed communism and authoritarianism. This ideological clash led to long-standing tensions that manifested themselves in various international events, such as the Cuban Missile Crisis, the Vietnam War, and the ongoing arms race.

The Cold War had major effects on both the U.S. and Soviet Union. The U.S. poured immense resources into developing its military power, which triggered a massive increase in defense spending. This new era of military spending and technological advancement led to a ""Space Race"" between the two superpowers.

On the other hand, the Soviet Union, despite its significant contributions to scientific research and technological advancements, suffered from economic stagnation, largely as a result of the state's emphasis on maintaining its military supremacy.

In conclusion, the Cold War was a significant period in world history that had vast and long-lasting effects on both the United States and the Soviet Union. The rivalry between these two superpowers marked the geopolitical landscape of the world in the latter half of the 20th century. Despite the difficult challenges it presented, the Cold War also led to numerous technological advancements and cultural changes that continue to shape our modern world.",AI,wiki
Hungarian Revolution of 1956,"The Hungarian Revolution of 1956 was a popular uprising against the Soviet-backed government of Hungary, which began on October 23rd and lasted for several weeks.

The revolution was sparked by a student demonstration in Budapest that quickly grew into a mass movement, with workers, intellectuals, and other citizens joining in the protests. The demonstrators demanded greater political freedom, an end to Soviet domination, and the establishment of a multi-party democracy.

The Hungarian government, led by Prime Minister Imre Nagy, initially seemed to respond sympathetically to the protesters' demands. Nagy announced a number of reforms, including the withdrawal of Soviet troops and the formation of a new government composed of various political parties.

However, the Soviet Union was not willing to tolerate such a challenge to its authority in Hungary. On November 4th, Soviet tanks rolled into Budapest, and a brutal crackdown followed. Thousands of people were killed, and many more were imprisoned or executed.

Despite the failure of the Hungarian Revolution to achieve its immediate goals, it had a profound impact on the course of European history. It inspired other movements for reform and democracy throughout Eastern Europe, and it forced the Soviet Union to rethink its policies towards its satellite states.

The Hungarian Revolution also highlighted the difficulties of achieving political change in a repressive regime. It underscored the importance of non-violent protest, as well as the need for international support for those struggling for freedom and democracy.

By standing up to Soviet oppression, the people of Hungary demonstrated the power of the human spirit to resist tyranny and fight for a better future. Their legacy continues to inspire those who seek to promote freedom and democracy around the world.",AI,wiki
Roman Republic,"The Roman Republic is the period of ancient Roman civilization that began with the overthrow of the Roman Kingdom in 509 BC and ended with the establishment of the Roman Empire in 27 BC.

During the Roman Republic, Rome was a city-state government headed by two consuls, who were elected officials chosen by the citizens. The consuls served as the highest political authority, presiding over the Senate, which was made up of aristocratic families.

The government of the Roman Republic was a complex system of checks and balances, with no single person holding absolute power. The Senate served as the legislative branch of government, with the power to make laws and approve or veto treaties.

The Roman Republic was marked by a series of conflicts both inside and outside the city of Rome. These conflicts included wars with other Italian city-states, as well as invasions by foreign powers such as the Carthaginians.

One of the most famous conflicts of the Roman Republic was the war with Carthage, known as the Punic Wars. These wars lasted for over 100 years and involved a series of battles and strategies that led to the eventual defeat of Carthage and the rise of Rome as a dominant power in the Mediterranean region.

The Roman Republic was also marked by significant social and economic changes, including the rise of the wealthy merchant class, the expansion of slavery, and the emergence of new religions such as Christianity.

Despite its many accomplishments, the Roman Republic ultimately gave way to the Roman Empire, which was characterized by a single ruler and a more centralized government. Nevertheless, the Roman Republic remains an important and influential period in world history, with its legacy still visible in modern political and social systems.",AI,wiki
Byzantine Empire,"The Byzantine Empire, also known as the Eastern Roman Empire, refers to the continuation of the Roman Empire in its eastern regions after the fall of the Western Roman Empire in the 5th century AD. The Byzantine Empire was one of the most powerful and influential empires in history, lasting over 1000 years from its founding in 330AD to its fall to the Ottoman Turks in 1453.

The Byzantine Empire was established by the Roman Emperor Constantine in 330 AD when he moved the capital of the Roman Empire from Rome to the newly founded city of Constantinople, modern-day Istanbul in Turkey. The city was strategically located at the crossroads of Europe and Asia and had access to the Black Sea and the Mediterranean. This made it a hub for trade and a bulwark against Islamic expansion.

The Byzantine Empire was culturally diverse, with significant influences from Greek, Christian, and Roman traditions. The official language of the Byzantine Empire was Greek and Greek Orthodox Christianity was the official religion. The empire also had a sophisticated arts and literature scene, producing influential works of architecture, mosaics, and illuminated manuscripts.

The Byzantine Empire was also known for its military might. The empire's armies were highly organized and well-equipped, allowing it to control vast territories in Europe, Asia, and the Middle East. The Byzantine Empire's military prowess was due in part to advanced technologies and tactics, including the Greek fire, a kind of flamethrower that could destroy enemy ships, and the use of cavalry in battle.

Despite its many strengths, the Byzantine Empire faced constant challenges from external forces such as the Persians, Arabs, and Vikings. The empire also faced internal struggles such as political corruption, religious disputes, and economic issues. These challenges weakened the empire over time and made it vulnerable to outside threats.

Ultimately, the Byzantine Empire fell to the Ottoman Turks in 1453 after a long period of decline. However, its cultural and intellectual legacy continued to influence the world long after its fall. The empire's contributions to art, literature, philosophy, and politics laid the foundation for modern Western culture and had a lasting impact on the world.",AI,wiki
Battle of the Teutoburg Forest,"The Battle of the Teutoburg Forest was a significant turning point in the history of Rome. The battle took place in 9 AD and was fought between three Roman legions under the command of Publius Quinctilius Varus and a Germanic coalition led by Arminius, a chieftain of the Cherusci tribe.

The Romans were on a campaign to expand their territory into Germania, and they had already established a significant presence in the region. Varus was tasked with maintaining peace and order in the newly conquered territories, but he made the fatal mistake of underestimating the strength and tactics of the Germanic tribes.

The Germanic coalition had meticulously planned the attack on the Romans, and they used their knowledge of the terrain and their superior guerilla tactics to their advantage. They launched surprise attacks on the Roman troops, causing chaos and confusion among their ranks.

Despite their superior training and discipline, the Roman legions were unable to mount an effective defense against the Germanic attacks. They were constantly attacked from all sides, and their supply lines were disrupted, leaving them vulnerable and exposed.

As the battle progressed, the Romans realized that they were outnumbered and outmatched, and they began to retreat. However, their retreat was cut off by the Germanic forces, and they were trapped in the dense forests of Teutoburg.

The Romans suffered a crushing defeat, and all three of their legions were destroyed. It was a humiliating defeat for Rome, and it had far-reaching consequences. The Roman Empire abandoned its plans for expansion into Germania, and it marked the beginning of a long period of peace between the Romans and the Germanic tribes.

The Battle of the Teutoburg Forest is considered one of the most significant battles in Roman history, and it continues to fascinate historians and enthusiasts alike. It was a crucial turning point in the history of Rome and had lasting implications on the ancient world.",AI,wiki
Charlemagne,"Charlemagne, also known as Charles the Great, was a medieval ruler who played a pivotal role in shaping the history of Europe during the early Middle Ages. He was born in 742 AD in present-day Belgium to the Frankish king, Pepin the Short. After his father's death, Charlemagne and his brother, Carloman, inherited the Frankish kingdom jointly.

Charlemagne quickly established himself as a capable leader and expanded the Frankish kingdom through conquests. He was a devout Christian and played a significant role in spreading Christianity across Europe. He also established strong ties with the Pope and was crowned Emperor of the Romans by him in 800 AD.

Charlemagne was a reformer who implemented administrative, educational, and legal reforms throughout his kingdom. He introduced a standardized system of coinage, established schools and universities, and encouraged the production of literature and the arts.

Under his rule, a Carolingian Renaissance occurred, which saw a resurgence of intellectual and cultural activity, as well as the preservation of classical knowledge. He was a patron of the arts and commissioned the construction of numerous churches and palaces, including the iconic Palatine Chapel in Aachen.

Charlemagne is remembered as a towering figure in European history, and his legacy continues to shape the continent to this day. His rule marked the beginning of the Middle Ages and laid the foundation for the Holy Roman Empire. He is remembered as a wise ruler, a devout Christian, and a great patron of the arts and culture. His contribution to the betterment of society influences and serves as an inspiration to leaders and thinkers across Europe and around the world.",AI,wiki
Christopher Columbus,"Christopher Columbus was an Italian explorer who is credited with discovering the New World. Born in 1451 in Genoa, Italy, Columbus spent much of his early life as a sailor, traveling to various locations throughout Europe, Africa, and Asia. He was particularly interested in finding a new route to the East Indies, which were known for their valuable spices and other goods.

In 1492, Columbus received funding from the Spanish monarchs Ferdinand and Isabella to embark on a voyage to find a new route to the East Indies. He set sail with three ships – the Nina, the Pinta, and the Santa Maria – and after several months of traveling, he landed on an island in the Bahamas, which he called San Salvador. This was the first time that Europeans had set foot in the New World, and Columbus believed that he had reached the East Indies.

Over the next several years, Columbus would make several more voyages to the New World, exploring the coasts of Central and South America and discovering other islands in the Caribbean. He also established a settlement in Hispaniola, which he named Santo Domingo.

While Columbus is often celebrated as a hero for his role in the discovery of the New World, his legacy is also controversial. Many historians argue that his actions led to the colonization and exploitation of the Americas by European powers, and that he played a significant role in the genocide of indigenous peoples. Additionally, Columbus’ treatment of and interactions with the Native American people he encountered during his voyages have been widely criticized.

Despite these controversies, Columbus remains an important figure in world history, and his voyages continue to have a significant impact on the world today.",AI,wiki
Attila,"Attila, also known as Attila the Hun, was a legendary leader who ruled the Hunnic Empire in Europe during the 5th century. He was renowned for his military strategy and was feared by his enemies across Europe.

Attila was born in the early 5th century in the region that is now modern-day Hungary. He was born into a family of distinguished warriors who were known for their bravery and fighting skills. Attila developed his military strategy at a young age and soon became a skilled and ruthless warrior.

Attila became the ruler of the Hunnic Empire in 434 AD, after the death of his uncle. He became known for his successful military campaigns and his ability to unite various tribes under his banner. Attila faced many challenges during his reign, including conflict with the Eastern Roman Empire and Germanic tribes.

Attila's military campaigns were vast and far-reaching. He led his armies across Europe, conquering many territories and subduing numerous tribes. He was responsible for the destruction of many cities, including Aquileia, which he burned to the ground.

Despite his fearsome reputation, Attila was also known for his generosity and loyalty. He treated his subjects well and was respected by his people. However, his cruelty towards enemies and his endless thirst for power eventually led to his downfall.

Attila died in 453 AD, under mysterious circumstances. Some speculate that he died of natural causes, while others believe that he was murdered by a member of his own court. Whatever the cause of his death, Attila's legacy lived on. He was immortalized in many works of art and literature, and his name has become synonymous with power and ruthlessness.",AI,wiki
Mesopotamia,"Mesopotamia, ""the land between rivers,"" which includes modern-day Iraq, Kuwait, parts of Syria and Turkey, is often referred to as the cradle of civilization. It is the region where the first human civilizations emerged about 10,000 years ago, and from where writing, agriculture, mathematics, and science were developed.

The two rivers, Tigris and Euphrates, played a crucial role in the development of Mesopotamia. They provided water for irrigation, making it possible for people to farm the land and settle in one place. This led to the development of cities, which, in turn, gave rise to complex societies, governments, and social hierarchies.

Sumer, the southernmost region of Mesopotamia, is believed to be the site of the first civilization in the world. The Sumerians developed a writing system known as cuneiform, which was used for record-keeping, as well as for literature and religious texts. They also built impressive structures such as ziggurats, which were religious temples made of mud bricks.

Other civilizations that rose in Mesopotamia include the Babylonians, Assyrians, and Chaldeans. The Babylonians, under King Hammurabi, developed a code of laws that became the basis of many legal systems today. The Assyrians were known for their military might, while the Chaldeans developed sophisticated astronomical observations and developed the concept of the zodiac.

Mesopotamia was also a center of trade and commerce, as it was located at the crossroads of several trade routes. It traded with neighboring regions such as Egypt, the Indus Valley, and the Mediterranean. Additionally, Mesopotamia contributed to the development of science and mathematics, with inventions such as the wheel, plow, and irrigation systems.

Despite its many achievements, Mesopotamia also faced many challenges such as invasions from neighboring regions, political instability, and environmental factors such as floods and droughts. Ultimately, the region was conquered by Alexander the Great in the 4th century BC, and it eventually fell under the control of the Persians, then the Arab Caliphate, the Ottoman Empire, and finally, modern-day Iraq.

However, the legacy of Mesopotamia lives on, through its contributions to human civilization and the development of culture, language, and trade. Its importance in history cannot be overstated, and it continues to inspire modern-day scholars and historians.",AI,wiki
History of the Americas,"The history of the Americas is a rich and diverse tapestry that spans thousands of years. From the arrival of the first Native American tribes to present-day societies, the region has undergone significant transformations and has left an immense impact on the world.

Before the arrival of Christopher Columbus in 1492, the Americas were already inhabited by a vast number of indigenous peoples. These populations flourished in diverse cultural traditions and created advanced civilizations such as the Aztecs, Maya, and Inca. The natives' way of life was disrupted by the arrival of European explorers, who sought to expand their empires and establish new trade routes.

The colonization period that followed saw a series of bloody conflicts and cultural clashes as European powers, particularly Spain and Portugal, fought for control over the region. The conquest of the Americas resulted in a large-scale transfer of people, goods, and ideas between the Old World and the New World, greatly influencing the development of Western civilization.

The 18th and 19th centuries saw a wave of revolutions that aimed to overthrow the colonial order and establish independent nations throughout the Americas. The most famous of these revolutions was the American Revolution, which established the United States as an independent nation. Other notable revolutions include the Haitian Revolution, which abolished slavery in Haiti, and the Mexican War of Independence.

During the 20th century, the Americas experienced significant political and social changes. The region became a stage for global conflicts, including the Cold War, which had severe impacts on the region's social, economic, and political structures. Various countries, including Cuba, Nicaragua, and Chile, experienced socialist and communist revolutions while others struggled with military dictatorships, drug cartels, and other forms of political instability.

Today, the Americas are home to some of the world's most prosperous and diverse countries. These countries are characterized by their rich cultural heritage, diverse languages, and unique political systems. The region continues to evolve and adapt as it faces new challenges, but its enduring history and legacy remain a testament to its resilience and strength.",AI,wiki
Chromosome,"Chromosomes are thread-like structures found inside the nucleus of a cell. These structures carry genetic information in the form of DNA. Humans have 23 pairs of chromosomes, making a total of 46 chromosomes in each cell. 

Each chromosome is made up of long strands of DNA called chromatin. The DNA is wrapped around proteins known as histones, which help maintain the structure of the chromosome. The DNA in each chromosome contains genes, which are sections of DNA that encode instructions for making proteins. 

Chromosomes come in different sizes and shapes, with the largest chromosomes containing the most genes. The X and Y chromosomes are commonly known as the sex chromosomes, and determine the biological sex of an individual. Females have two X chromosomes, while males have one X and one Y chromosome. 

Chromosome abnormalities can lead to genetic disorders. Examples of such disorders include Down syndrome, in which an individual has an extra copy of chromosome 21, and Turner syndrome, in which females only have one X chromosome. 

Overall, chromosomes play a crucial role in the transmission of genetic information from parents to offspring, and are essential for the development and function of cells in the human body.",AI,wiki
Photosynthesis,"Photosynthesis is the process by which plants, algae and some bacteria convert light energy into chemical energy, which they can use as food to fuel the growth and reproduction of their cells. It is one of the most important biological processes on Earth, and is essential for sustaining life.

Photosynthesis occurs in the chloroplasts of plants and algae, and involves two main stages: the light-dependent reactions and the light-independent reactions. In the light-dependent reactions, light energy is absorbed by pigments such as chlorophyll, and used to produce ATP and NADPH, which are energy-rich molecules that can be used in the next stage of photosynthesis.

In the light-independent reactions, also known as the Calvin cycle, carbon dioxide is fixed into organic molecules such as glucose, through a series of chemical reactions that are powered by the ATP and NADPH produced in the light-dependent reactions. In this way, plants and algae are able to convert carbon dioxide and water into the organic molecules that they need to survive, while releasing oxygen as a byproduct.

Photosynthesis is an incredibly efficient process, and is responsible for producing the majority of the oxygen that we breathe, as well as providing the foundation for most of the ecosystems on Earth. It is also an important source of organic matter for animals and humans, who rely on plants and other photosynthetic organisms to provide them with food, fuel and medicines.

Despite its importance, photosynthesis is still poorly understood in many respects, and much research is being done to uncover the details of how it works. By gaining a deeper understanding of this fundamental process, scientists hope to be able to develop new technologies that can harness the power of photosynthesis for a range of applications, from improving crop yields to generating clean and renewable energy.",AI,wiki
Genome,"The genome refers to an organism's complete set of DNA, which contains all the genetic instructions needed to develop and function. It is made up of approximately 20,000 to 25,000 genes, each acting as a code for a specific protein that serves a particular function in the body.

Advancements in technology have allowed scientists to sequence the entire human genome, which has provided them with a vast amount of information on human health and disease. The study of genomics has led to numerous breakthroughs in medical research, allowing for a better understanding of genetic disorders and personalized medicine. 

The genome is organized into structures called chromosomes, which are divided into regions called genes. Genes provide the instructions that direct the production of proteins, which are essential for various biological processes. Mutations or changes in genes can lead to genetic disorders or diseases. 

The sequencing of the genome has also led to the identification of non-protein coding regions, which were previously thought to be non-functional. However, these regions play a critical role in regulating gene expression and contribute to the complexity of gene regulation. 

In addition to human genomics, scientists have also sequenced the genomes of various organisms, ranging from bacteria to plants and animals. The study of comparative genomics allows for a better understanding of how genes are conserved across species and how they contribute to evolutionary processes. 

Overall, the genome is a fundamental concept in biology and genetics, and the advancements made in genomics continue to provide valuable insights into various fields of research.",AI,wiki
Gene,"tics

Genetics is the study of genes and their role in heredity, variation, and evolution. Genes are specific sequences of DNA that provide instructions for the development and functioning of living organisms. They control everything from physical traits like eye color, to more complex factors like susceptibility to certain diseases.

The study of genetics has a long and storied history. In the late 19th and early 20th centuries, scientists like Gregor Mendel discovered the basic principles of inheritance through experiments with pea plants. Later, researchers like James Watson and Francis Crick elucidated the structure of DNA itself, paving the way for modern molecular genetics.

Today, genetics is a crucial field of study with far-reaching implications for everything from medicine to agriculture to forensics. Advances in technology have made it possible to map the entire human genome, opening up entirely new avenues of research and discovery.

One of the most exciting developments in genetics is the newfound ability to manipulate genes through techniques like CRISPR. This technology allows scientists to ""edit"" the genome of living organisms by removing, adding, or modifying specific genes. The potential applications of this technology are staggering, from curing genetic diseases to enhancing crops to creating entirely new forms of life.

Of course, the impact of genetics also raises many ethical questions. What are the potential unintended consequences of manipulating the genetic code of living organisms? How should we balance the benefits of genetically modified organisms with the potential risks? These are just a few of the many complex issues facing the field of genetics.

Despite these challenges, the study of genetics is an exciting and rapidly expanding field. As we continue to unlock the secrets of the genetic code, we will undoubtedly make new discoveries and find new ways to apply this knowledge to benefit humanity.",AI,wiki
Tree,"Trees are one of the most essential components of our environment. From providing shade and producing oxygen to helping maintain the balance of air quality and acting as natural air filters, trees have numerous benefits. They are also home to a vast array of wildlife, including birds, squirrels, and insects.

Trees come in many shapes, sizes, and species. Tall and majestic redwoods can grow over 300 feet high, while the small and delicate Japanese cherry blossom tree only grows up to 20 feet in height. Additionally, trees have a range of distinctive features, such as the bark, leaves, and fruits.

In addition to the physical features of trees, they also have multiple functions. Trees play a critical role in controlling soil erosion and preventing floods. They can also absorb harmful pollutants, such as carbon dioxide and sulfur dioxide, and contribute significantly to mitigating climate change.

Despite their significance, trees are often at risk from deforestation, natural disasters, and human activities. Illegal logging, mass farming, and urbanization are some of the leading causes of deforestation. However, many organizations worldwide are working towards protecting existing forests, planting new trees, and creating awareness among people regarding the importance of trees.

In conclusion, trees are not only beautiful but also essential for our planet's sustainability. We must take proactive measures to conserve and plant trees to ensure a healthy and liveable environment for future generations.",AI,wiki
Dog,"Dogs are known as ""man's best friend."" This furry animal comes in many different sizes, colors, and breeds. They have been a common household pet for centuries and are known to be loyal, affectionate, and protective of their owners. Dogs are incredibly intelligent creatures that can learn a wide range of tasks, from agility and obedience training to hunting and herding.

When it comes to taking care of a dog, there are many responsibilities that come with it. One of the most important is providing the dog with proper nutrition and exercise. Dogs require a well-balanced diet that includes protein, carbohydrates, and fats, along with plenty of water. Regular exercise is also crucial for the dog's physical and mental health. Taking your dog for daily walks or playing in the park can help prevent obesity, reduce stress, and improve their socialization skills.

Training and socializing a dog are other important responsibilities for owners. It is essential to teach the dog basic commands, such as ""come,"" ""sit,"" and ""stay."" This training can help prevent unwanted behavior and keep the dog safe in different situations. Socializing a dog is also vital for their development. Dogs need to be exposed to different people, animals, and environments to learn how to act appropriately in different situations.

Taking care of a dog is a big responsibility, but it is worth it for the joy and companionship they bring to our lives. With proper nutrition, exercise, training, and socialization, dogs can live long and happy lives with their owners.",AI,wiki
DNA replication,"DNA replication is a complex biological process that ensures the transmission of genetic material from one cell to another during cell division. It is the process by which DNA molecules make identical copies of themselves, which are passed on to daughter cells during cell division.

DNA replication involves a series of steps, each of which is tightly controlled by various signaling mechanisms to maintain the accuracy of the process. The first step involves the unwinding of the double helix structure of DNA. This is achieved by a complex of enzymes and proteins called the replication fork, which separates the two strands of the DNA helix.

Once the DNA strands have been separated, replication can begin. The next step involves the recruitment of specialized enzymes called primases, which synthesize short RNA primers on the DNA template. These primers form the starting point for the synthesis of new DNA strands.

The actual synthesis of new DNA strands is carried out by an enzyme called DNA polymerase. This enzyme adds nucleotides to the DNA strand in a specific order, guided by the complementary strand of DNA. The polymerase moves along the template strand, adding nucleotides one at a time to the new strand until the entire DNA molecule has been replicated.

Finally, the new DNA strands are checked for accuracy and repaired as necessary. This is done by a series of proofreading and repair mechanisms that detect and correct errors in the copy.

Overall, DNA replication is a vital process for the maintenance and transmission of genetic information. By copying DNA molecules accurately and efficiently, cells can pass on their genetic material to the next generation and ensure the continuity of life.",AI,wiki
Microorganism,"Microorganisms are tiny living organisms that are invisible to the naked eye. They include bacteria, viruses, fungi, algae and protozoa. Microorganisms play a crucial role in the world, in both positive and negative aspects. They can be found everywhere, from soil to water to the human body.

Some microorganisms are beneficial to humans. For example, bacteria in our gut help us digest food and produce vitamins. Other microorganisms are used in the production of food and medicine. Yeast is used in baking and brewing beer, and penicillin is a type of fungi used to combat bacterial infections.

However, some microorganisms can cause diseases in humans, animals and plants. Bacteria such as E. coli, Salmonella and Staphylococcus can cause food poisoning, while viruses like the flu virus can cause illnesses like the common cold. Fungi can cause infections of the skin and nails, and protozoa can cause diseases like malaria.

Microorganisms can also have an impact on the environment. Some bacteria and fungi help to break down dead organic matter, recycling nutrients back into the soil. Others can cause damage to crops and forests.

Due to their small size, microorganisms are not always visible to the naked eye. However, they can be grown in a laboratory and studied in order to understand their role in the world. Microbiology is the study of microorganisms and their interactions with the environment, and has led to many important scientific discoveries.

In conclusion, microorganisms are fascinating and complex organisms that play a vital role in the world. While some can be harmful, many are beneficial and understanding them is an important part of scientific research.",AI,wiki
Paul the Apostle,"Paul the Apostle is a central figure in the history of Christianity. He was born in Tarsus, a city in modern-day Turkey, around 5 AD. His birth name was Saul, and he was a devout Jew who grew up in a family of Pharisees. He was trained as a rabbi and was deeply involved in the Jewish community.

However, his life took a dramatic turn when he became a Christian. According to the biblical account, he was on his way to Damascus to persecute Christians when he had a vision of Jesus Christ. This experience converted him to Christianity, and he spent the rest of his life spreading the gospel to others.

Paul is considered the author of several books of the New Testament, including Romans, 1 Corinthians, 2 Corinthians, Galatians, Ephesians, Philippians, Colossians, 1 Thessalonians, 2 Thessalonians, 1 Timothy, 2 Timothy, Titus, and Philemon. These letters, which are sometimes called the Pauline epistles, provide important insights into early Christian beliefs and practices.

One of Paul's most significant contributions to Christianity was his emphasis on salvation by faith. He believed that salvation was not something that could be earned through good deeds or religious rituals, but was a free gift from God that could only be obtained by putting one's faith in Jesus Christ. This belief was a major departure from traditional Jewish teachings, which emphasized obedience to the law as a means of salvation.

Paul also played a key role in the spread of Christianity throughout the Roman Empire. He made several missionary journeys, traveling to places like Greece, Turkey, and Rome, and establishing Christian communities in those areas. His efforts helped to create a global movement that would eventually become one of the largest religions in the world.

Despite his many accomplishments, Paul's life was not without its challenges. He faced persecution, imprisonment, and other hardships for his beliefs. However, he remained steadfast in his commitment to Christ, and his legacy still resonates today.

Overall, Paul the Apostle was a pivotal figure in the development of Christianity. His teachings and writings helped to shape the beliefs and practices of the early Church, and they continue to influence Christians around the world today. Despite the passage of time, his message of salvation by faith remains as relevant and powerful as ever.",AI,wiki
Mosque,"A mosque is an Islamic place of worship where Muslims come together to pray and socialize. It is one of the most important institutions in Islam, considered a sacred space where people can connect with God and their community.

Like churches and other religious buildings, mosques vary in their architectural design and style. The most recognizable feature is the minaret, a tall, slender tower used to call Muslims to prayer. Inside, there is often a large central prayer hall, decorated with intricate patterns and symbols, as well as a mihrab, a niche in the wall indicating the direction of Mecca, towards which Muslims face when they pray.

While mosques serve primarily as places of worship, they also function as centers of learning, charity, and community outreach. In addition to conducting religious services, many mosques offer classes in Arabic, Islamic studies, and other topics, as well as hosting events and activities for all ages.

Despite their importance, mosques have often been a target of discrimination and hate crimes, particularly in the wake of terrorist attacks carried out by Islamic extremists. Nevertheless, Muslims around the world continue to gather and pray in these spaces, drawing strength and inspiration from their faith and community.",AI,wiki
Buddhism,"Buddhism is one of the major world religions and is mainly practiced in many countries of Southeast Asia, including Thailand, Sri Lanka, and Myanmar. Its roots originate in the teaching of Siddhartha Gautama, who lived in ancient India over 2,500 years ago. The central teachings of Buddhism are the Four Noble Truths and the Eightfold Path. 

The Four Noble Truths are the essential teachings of Buddhism. They are the truth of suffering, the truth of the cause of suffering, the truth of the cessation of suffering, and the truth of the path leading to the cessation of suffering. The Eightfold Path consists of Right View, Right Intention, Right Speech, Right Action, Right Livelihood, Right Effort, Right Mindfulness, and Right Concentration. These principles guide Buddhists to live a life of virtue, mindfulness, and compassion towards oneself and others.

One of the key aspects of Buddhism is the concept of reincarnation. It is believed that after one dies, the soul moves on to another life, which is determined by one's karma. Karma refers to the accumulated actions and deeds throughout one's life. Through self-reflection, meditation, and mindfulness, Buddhists aim to break free from the endless cycle of reincarnation and attain enlightenment, also known as Nirvana.

Buddhism is also known for its emphasis on compassion and loving-kindness, which are qualities that Buddhists strive to develop within themselves. These qualities are expressed through practices such as Metta meditation, which aims to cultivate feelings of kindness and compassion towards all living beings.

Overall, Buddhism is a religion that emphasizes on living a life of mindfulness, compassion, and virtue. It is an attractive path for many who seek inner peace and a greater understanding of themselves and the world around them.",AI,wiki
Bible,"The Bible is a religious text that is considered sacred by Christians all around the world. It is a collection of various books, including the Old Testament and the New Testament, that chronicles the history and beliefs of the Christian faith.

The Old Testament consists of 39 books that cover the history of the Jewish people before the birth of Jesus. It includes various religious texts, such as the Ten Commandments, the Psalms, and the prophecy of the Messiah. The New Testament, on the other hand, covers the life and teachings of Jesus Christ, as well as the spread of Christianity in the years that followed his death.

The Bible has been translated into numerous languages and has become one of the most widely read books in the world. It is used for daily devotionals, bible study, and as a guidebook for Christian living. Many people believe that the Bible provides answers to life's most challenging questions and offers guidance on how to live a life that glorifies God.

Throughout the ages, the Bible has been a source of inspiration and comfort for millions of people. It has been the foundation of many Christian beliefs and practices and continues to be an essential aspect of Christian culture. The Bible has played a crucial role in shaping the world's history and continues to influence countless people today.

In conclusion, the Bible is a remarkable text that offers valuable insight into the Christian faith. Its teachings have influenced cultures and communities for centuries and continue to shape the world today. Whether one reads it for inspiration, guidance, or simply out of curiosity, the Bible remains a timeless and essential piece of literature for Christians the world over.",AI,wiki
Notre-Dame de Paris,"Notre-Dame de Paris is known as one of the most famous and beloved landmarks in the world. Located in the heart of Paris, France, this cathedral is a true masterpiece of Gothic architecture, and its history spans over nine centuries. The cathedral's construction began in the 12th century and was completed in the 14th century. Over the years, Notre-Dame's beauty and significance have been preserved and admired by many.

The cathedral has been the scene of many historic events, such as the coronation of Napoleon Bonaparte and the beatification of Joan of Arc. It has also been the inspiration for many works of literature, art, and music, including Victor Hugo's novel ""The Hunchback of Notre-Dame.""

The cathedral's most notable feature is its stunning rose stained-glass windows, which have been carefully restored to their original splendor after being damaged in a fire in 2019. Other architectural highlights include its intricate stone carvings and flying buttresses designed to support the building's weight.

A visit to Notre-Dame de Paris is a must-do attraction for any tourist visiting Paris. Its central location makes it easily accessible, and the cathedral offers free admission to all visitors. The cathedral's interior is breathtaking, with its soaring arches, imposing vaults, and magnificent altar. Visitors can also climb the 387 steps to the top of the tower, where they can enjoy panoramic views of the city.

After the devastating fire that damaged much of the cathedral's roof and spire in 2019, extensive restoration efforts are currently underway to preserve and protect this iconic landmark for generations to come. Despite the setbacks, Notre-Dame de Paris remains a symbol of hope and resilience, and its deep cultural and historical significance continues to inspire and captivate visitors from all over the world.",AI,wiki
Confucianism,"Confucianism is an ancient Chinese philosophy and ethical system that emphasizes the importance of virtues and moral principles in everyday life. It was founded by the Chinese philosopher, Confucius, who lived around 500 BCE.

Confucianism is based on the belief that individuals and societies can achieve harmony and peace through moral and ethical behavior. Confucianism stresses the importance of filial piety, which is respect for one's elders and ancestors, and the Five Confucian Virtues, which are benevolence, righteousness, wisdom, loyalty, and trustworthiness.

In Confucianism, education is highly valued as it is believed that education helps individuals to become better people and fulfill their potential. Confucianism also emphasizes the importance of rites and rituals, which are seen as a way to maintain social order and show respect for tradition.

One of the key teachings of Confucianism is the concept of the Mandate of Heaven, which is the belief that a ruler's right to govern comes from divine approval, and that a ruler's power is conditional on their ability to govern justly and effectively. This concept has played an important role in Chinese history, politics, and culture.

Confucianism has had a profound impact on Chinese culture and has been influential in shaping the values and beliefs of many other East Asian cultures. While it has undergone various interpretations and adaptations over the centuries, Confucianism remains an important part of Chinese philosophy and culture to this day.",AI,wiki
Eastern Orthodox Church,"The Eastern Orthodox Church is one of the oldest and largest Christian denominations in the world, with millions of followers across the globe. Its roots can be traced back to the early days of Christianity, when the apostles themselves founded congregations in the cities of the eastern Mediterranean.

The Eastern Orthodox Church differs from Western Christianity in a number of ways, most notably in its liturgy and spiritual practices. The liturgy of the Orthodox Church is rich in symbolism and ritual, often incorporating chanting, incense, and elaborate vestments worn by the clergy. Icons, which are paintings or sculptures of religious figures, are also an important part of Orthodox worship, with many churches featuring stunning collections of these holy images.

In terms of spirituality, the Eastern Orthodox Church places a strong emphasis on the mystical and contemplative aspects of faith. This is reflected in practices such as hesychasm, a form of prayer that focuses on stillness and quiet contemplation, and the veneration of saints and holy relics.

Despite its ancient origins, the Eastern Orthodox Church continues to play a vital role in the modern world. It has expanded beyond its traditional heartlands in Eastern Europe and the Middle East to establish thriving communities in North America, South America, Australia, and elsewhere. Moreover, it has been an important force for social justice, promoting peace, reconciliation, and compassion in many troubled parts of the world.

In short, the Eastern Orthodox Church is a rich and vital part of the Christian heritage, with a deep and enduring spirituality that continues to inspire and transform the lives of its followers today.",AI,wiki
The Buddha,"The Buddha, also known as Siddhartha Gautama, was a spiritual leader and founder of Buddhism. He was born in ancient India, in the 6th century BCE. According to legend, at his birth, he was blessed by a group of angels who predicted that he would one day become a great spiritual leader.

As a young man, the Buddha lived a life of luxury, shielded from the harsh realities of the world. However, one day he left his privileged life and set out on a journey to discover the meaning of life and the source of suffering. After years of searching and meditation, he attained Enlightenment, a state of perfect insight and understanding.

The Buddha's teachings, which he shared with his followers, focused on the Four Noble Truths and the Eightfold Path. The Four Noble Truths are the understanding of suffering, the cause of suffering, the cessation of suffering, and the path toward the cessation of suffering. The Eightfold Path consists of right understanding, right intention, right speech, right action, right livelihood, right effort, right mindfulness, and right concentration.

The Buddha's teachings have had a profound impact on the world. Today, Buddhism is one of the major world religions and has millions of followers around the globe. The Buddha's message of compassion, wisdom, and non-violence continues to inspire people to seek inner peace and harmony.

In conclusion, the Buddha was a remarkable spiritual leader who dedicated his life to understanding the nature of reality and ending suffering. The teachings he left behind continue to offer guidance and inspiration for people all over the world, as they seek to live a life of meaning, purpose, and compassion.",AI,wiki
2016 United States presidential election,"The 2016 United States presidential election was one of the most controversial and polarizing elections in American history. The election saw two candidates, Democrat Hillary Clinton and Republican Donald Trump, engage in a bitter and divisive campaign that divided the country.

Clinton, who had served as First Lady, U.S. Senator and Secretary of State, was the first woman nominated by a major political party for the presidency. Trump, a businessman and reality TV star, had never held political office before.

The election was marked by scandals, contentious debates, and allegations of Russian interference. Clinton was dogged by controversy over her use of a private email server during her tenure as Secretary of State and her handling of the Benghazi attack. Trump faced accusations of sexual assault and misconduct, as well as a leaked tape in which he made lewd comments about women.

The election result was a shock to many, as Trump defeated Clinton in a surprise victory. Trump took the key swing states of Pennsylvania, Michigan, and Wisconsin, which had traditionally voted for Democratic candidates.

The election outcome sparked protests across the country, with many demonstrating against what they saw as an attack on progress and social justice.

Despite the controversy and division, the 2016 election was a demonstration of the power of democracy in action. The election highlighted the importance of civic engagement and demonstrated the passionate commitment of many Americans to shaping their country’s future.",AI,wiki
Barack Obama,"Barack Obama is a name that has become synonymous with inspiring leadership and progressive policies. Born in Hawaii and raised in Indonesia and Hawaii, Obama went on to attend Columbia University and Harvard Law School, where he demonstrated an early aptitude for community activism.

In his early career, Obama worked as a community organizer and civil rights attorney, tirelessly fighting for social justice and equality. In 1996, he was elected to the Illinois State Senate, where he served for eight years before winning his first term in the United States Senate. Obama's time in the Senate was marked by his signature healthcare reform act, the Affordable Care Act, as well as his vocal opposition to the Iraq War.

In 2008, Obama made history by becoming the first African American president of the United States. His two terms in office were marked by a commitment to progressive policies, including the legalization of same-sex marriage, the implementation of the Deferred Action for Childhood Arrivals program, and the signing of the Paris Agreement on climate change.

Beyond his policy accomplishments, Obama is also a skilled orator, recognized for his ability to inspire and motivate audiences through his speeches. His famous ""Yes We Can"" speech, delivered during his 2008 presidential campaign, remains an iconic moment in American political history.

Although he left office in 2017, Obama's influence on American politics and global affairs continues to be felt. In retirement, he has continued to advocate for social justice causes and has become a sought-after speaker on a variety of topics. With his legacy secure, Barack Obama remains an important figure in American political history, revered by many as a transformative leader and inspiration to us all.",AI,wiki
European Union,"The European Union is a political and economic union of 27 member states located primarily in Europe. It was established on November 1, 1993, with the signing of the Maastricht Treaty, and has since grown in size and scope to become one of the world's most powerful political and economic entities.

The EU is built on a system of shared decision-making, with key responsibilities divided between the European Commission, the European Parliament, and the Council of the European Union. The Commission is responsible for proposing new legislation and policies, while the Parliament and Council have the power to amend and approve various proposals.

The EU is characterized by a number of key features, including its commitment to democracy, respect for human rights, and the promotion of free trade and cooperation among member states. It has its own currency, the euro, and operates a common market that allows for the free movement of goods, services, people, and capital.

The EU has made significant contributions to global peace, stability, and prosperity. Its member states have worked together to address issues ranging from climate change and environmental protection, to international security and the fight against terrorism. In addition, the EU has provided significant financial and humanitarian aid to countries in need around the world.

Despite its many achievements, the EU is not without its challenges. It has faced criticism over issues like immigration, economic inequality, and political stability, and it continues to grapple with the fallout from the ongoing COVID-19 pandemic.

Nevertheless, the EU remains a vital institution in the global political and economic landscape, and its member states remain committed to working together to build a more prosperous and peaceful future for Europe and the world.",AI,wiki
Motion of no confidence,"A motion of no confidence is a parliamentary procedure through which lawmakers express their lack of support for the current government or a particular member of it. It is a powerful tool that can be used to challenge the legitimacy and effectiveness of the ruling party or individual, and can ultimately result in a change of leadership.

In most cases, a motion of no confidence is initiated by the opposition party or a group of dissatisfied legislators who have lost faith in the government. This can be triggered by a range of factors, including corruption scandals, policy disagreements, or a perceived failure to address pressing issues affecting the country.

The procedure for a motion of no confidence varies depending on the country's parliamentary system, but it generally involves a debate and vote in which lawmakers are asked to express their support or lack thereof for the government or individual in question. If a majority of the legislators vote in favor of the motion, it can lead to the resignation of the government or the removal of the individual targeted by the motion.

A motion of no confidence can have significant consequences for a country's political landscape and stability. It can result in a change in government, prompt an early election, or lead to a period of uncertainty and instability. As such, it is seen as a last resort measure that should be used judiciously and with caution.

In recent years, we have seen several high-profile cases of motions of no confidence, including in the United Kingdom, Australia, and South Africa. These cases have highlighted the importance of transparency, accountability, and democratic principles in the functioning of government and parliament.

Overall, a motion of no confidence is a vital tool for holding governments and individuals accountable and ensuring that the needs and interests of citizens are adequately addressed. It can be a challenging and divisive process, but it is a necessary aspect of a healthy and functioning democracy.",AI,wiki
Gerhard Schröder,"Gerhard Schröder is a German politician who served as the Chancellor of Germany from 1998 to 2005. He was a member of the Social Democratic Party of Germany and led several important reforms during his tenure. 

Born on April 7, 1944, in Mossenberg-Wöhren, Schröder went on to study law at the University of Göttingen. In 1980, he was elected to the Lower Saxony State Assembly and later served as the Minister of Interior for the state. 

Schröder rose to national prominence in 1998 when he led the SPD to victory in the federal elections. He became the Chancellor of Germany and formed a coalition government with the Greens. During his time in office, Schröder implemented several significant reforms such as Agenda 2010, which aimed to reduce unemployment and modernize the German economy.

Schröder also played a key role in the German participation in the invasion of Iraq in 2003. His decision to support the US-led invasion was controversial, and it led to protests and political unrest in Germany.

In 2005, Schröder's government suffered a defeat in the regional elections, and he resigned. He was succeeded by Angela Merkel, who became the first female Chancellor of Germany. 

Today, Schröder remains a prominent figure in German politics and public life. He is known for his outspoken views on global issues, including the environment, energy, and international relations. Despite his controversial legacy, Schröder's leadership and reforms have had a significant impact on modern Germany.",AI,wiki
International law,"International law refers to the set of rules and guidelines that govern the relationship between nations. This legal framework is designed to maintain peace and stability in the global community by providing a way to resolve disputes that may arise between countries. International law covers a wide range of issues, including war and peace, human rights, trade, and environmental protection.

The foundation of international law is the concept of sovereignty, which respects the right of each nation to govern itself without interference from others. This principle is upheld by a number of international treaties and conventions, including the United Nations Charter, which outlines the rights and responsibilities of member nations.

One of the key functions of international law is to prevent war and promote peace. This is achieved through the use of diplomacy, mediation, and other peaceful means of conflict resolution. In cases where conflicts cannot be resolved through peaceful means, however, international law also provides a framework for the use of force, including the right of self-defense.

International law also plays a crucial role in protecting human rights around the world. This includes the right to life, liberty, and freedom from discrimination, as well as the right to a fair trial and access to basic services such as healthcare and education. A number of international treaties and conventions have been established to protect these rights, including the Universal Declaration of Human Rights and the International Covenant on Civil and Political Rights.

Finally, international law also governs trade and commerce between nations, providing a framework for fair competition and the protection of intellectual property. This helps to promote economic growth and development, while also ensuring that businesses operate within ethical and legal guidelines.

In conclusion, international law is a crucial component of the global community, providing a framework for peaceful and cooperative relationships between nations. By upholding the principles of sovereignty, human rights, and fair competition, international law helps to maintain stability and promote the well-being of people around the world.",AI,wiki
Foreign relations of China,"China is one of the most populous nations in the world, with a long and colorful history dating back thousands of years. As a result of its size and influence, China has been an important player in the international community for a long time. The foreign relations of China have been shaped by many factors, including its unique cultural traditions, its geographic location, and its economic and military power.

In recent years, China has emerged as a major economic power, with a rapidly growing economy that has in many ways eclipsed that of its traditional rival, the United States. This economic growth has led to increased global influence and has allowed China to expand its presence and influence in many different parts of the world. Today, China is involved in a wide range of international organizations, including the United Nations, the World Bank, and the International Monetary Fund.

In addition to its economic power, China is also a nuclear-armed nation with a large, modern military. This military strength has allowed China to exert influence in regional and global conflicts, and has made it an important player in many international security issues. China's military power has also led to concerns among its neighbors, particularly in the Asia Pacific region, where China has been involved in territorial disputes with several countries.

Despite these concerns, China has worked to forge stronger ties with many of its neighbors and other countries around the world. In recent years, China has pursued a policy of building stronger diplomatic and economic ties with many countries in Africa, Latin America, and Asia, while also seeking to promote peaceful coexistence with its neighbors in the Pacific region.

Overall, the foreign relations of China are complex and multifaceted, reflecting its position as a major global power with a long and complex history. While there are many challenges and obstacles to overcome, China's leaders are committed to promoting stability, economic growth, and global cooperation, and are likely to remain an important player on the world stage for many years to come.",AI,wiki
Social Democratic Party of Germany,"The Social Democratic Party of Germany, commonly known as SPD, is one of the oldest and most influential political parties in Germany. Founded in 1863, the party has a long history of promoting social democracy, labor rights, and progressive policies.

The SPD played a crucial role in the history of modern Germany. It was a major force in the country's post-World War II reconstruction and economic growth, and it championed many of the social welfare and labor policies that have made Germany a leading European nation.

Over the years, the SPD has undergone significant changes and challenges. In the 1930s, the party was forcibly disbanded by the Nazi regime, and many of its leaders were imprisoned or killed. In the postwar era, the SPD initially struggled to gain the support of the German people, but it eventually emerged as a major political force and played a leading role in the formation of Germany's modern social welfare state.

In recent years, however, the party has faced new challenges, including divisions over immigration policy, economic inequality, and globalisation. Some members have argued that the party needs to reposition itself and embrace more progressive policies in order to remain relevant and attract new supporters.

Despite these challenges, the SPD remains a key player in German politics and a powerful advocate for social democracy and progressive policies. With the upcoming federal elections in September, the future of the party and its role in shaping Germany's post-pandemic recovery remains uncertain, but one thing is certain: the SPD will continue to be a force to be reckoned with in the years to come.",AI,wiki
Constitutional monarchy,"A constitutional monarchy is a system of government in which a monarch acts as the head of state within the parameters set out by a constitution. The monarch's role is largely ceremonial, representing the country at national and international events, and performing symbolic duties such as opening Parliament or conferring honors on citizens. In this system, the real power is held by the elected government and parliament.

The concept of a constitutional monarchy dates back centuries, with examples including the United Kingdom, Sweden, Norway, Spain, and Japan. Many of these countries have evolved their constitutional monarchies over time, adapting to changes in society and politics.

One of the main advantages of a constitutional monarchy is the continuity it provides. The monarch is a figurehead that transcends political parties and changing governments, giving a sense of stability to the country. This can be especially important during times of crisis or change, providing a unifying force for the nation.

Depending on the details of the constitution, a constitutional monarchy can also offer a system of checks and balances on the power of the government. By having a separate head of state with some degree of influence, it can prevent the government from becoming too despotic or authoritarian.

On the other hand, critics of constitutional monarchy argue that it is an outdated and unnecessary system, symbolizing a concentration of wealth and power in the hands of an unelected individual who is given a privileged position in society. Others argue that the presence of a monarchy perpetuates an elitist culture that disadvantages certain sections of society.

Overall, a constitutional monarchy can be an effective system of government if the monarch's role is clearly defined within a modern and democratic constitution. It can provide a sense of continuity and stability while also offering checks and balances on the power of the government. However, it is important to carefully consider the advantages and disadvantages of this system, and to ensure that it is appropriate for the unique circumstances of each country.",AI,wiki
Mona Lisa,"The Mona Lisa is undoubtedly one of the most famous and mysterious paintings in the world. Created by the Italian artist Leonardo da Vinci in the 16th century, the painting depicts a beautiful woman with a smile that has captured the imaginations of people for centuries.

The identity of the woman in the painting is still a subject of debate amongst historians and art experts. Some believe that it is a portrait of Lisa Gherardini, the wife of a wealthy Florentine cloth merchant, while others think that it may be a self-portrait of Leonardo himself.

One of the most intriguing aspects of the painting is the enigmatic smile on the woman's face. The smile has been interpreted in many different ways over the years, with some seeing it as a sign of happiness, while others believe that it may hint at something more melancholic or even ironic.

Despite its fame, the Mona Lisa is a relatively small painting, measuring just 30 inches by 21 inches. This has led many people to wonder why it has become such an icon of Western art. Part of its appeal may lie in the mastery of Leonardo's technique, with the painting exhibiting an impressive level of detail and realism.

Others have pointed to the painting's place in history, with the Mona Lisa marking a turning point in the development of Western art. Leonardo's use of sfumato, a technique that involves blending colors to create a soft and hazy effect, was groundbreaking at the time and has since been imitated by countless artists.

Whatever the reason for its enduring popularity, there is no denying that the Mona Lisa remains one of the most iconic works of art in the world. Its beauty and mystery continue to fascinate and inspire people from all walks of life, making it a true masterpiece of the Renaissance era.",AI,wiki
Edvard Munch,"Edvard Munch was a Norwegian painter and printmaker whose work had a profound impact on the art world of the late 19th and early 20th centuries. Born on December 12, 1863, in the small town of Løten, Norway, Munch was the son of a military doctor who suffered from mental illness.

Despite a difficult childhood, Munch showed an early aptitude for drawing and painting, and in 1881, he enrolled in art school in Oslo. During his early years as an artist, Munch experimented with a variety of styles, including naturalism and impressionism, but it wasn't until the 1890s that he developed his signature style, characterized by bold colors, thick brushstrokes, and emotionally charged subject matter.

Munch's most famous work is undoubtedly ""The Scream,"" painted in 1893. The painting depicts a figure with a contorted face and raised hands, screaming against a background of the sky and the sea. Widely interpreted as an expression of existential despair, ""The Scream"" has become one of the most iconic images in art history.

Munch's other notable works include ""Madonna,"" a haunting portrait of a woman holding a child, and ""The Dance of Life,"" a series of paintings depicting a couple dancing in different stages of life, from youth to old age.

Throughout his career, Munch struggled with mental illness and alcoholism, which he believed were necessary for his artistic inspiration. He often portrayed these themes in his work, creating a powerful body of work that reflects the complexity of the human experience.

Edvard Munch died on January 23, 1944, at the age of 80, leaving behind a legacy of groundbreaking art that continues to inspire and captivate audiences to this day.",AI,wiki
Color,"Color is a fascinating aspect of the world around us. It is a visual sensation caused by the interaction of light with our eyes and brain, and it can have a powerful impact on our feelings, moods, and perceptions.

There are three primary colors – red, blue, and yellow – which can be combined to create a vast array of other colors. There are also secondary colors – green, orange, and purple – which are created by combining two primary colors.

Different colors can convey different emotions and associations. Red, for example, is often associated with passion and energy, while blue is calming and serene. Yellow is often seen as cheerful and uplifting, while green is associated with nature and growth.

Colors also play an important role in art, design, and fashion. Artists use color to create mood, depth, and contrast in their compositions. Designers use color to communicate brand identity and create visual interest. And in fashion, colors can be used to create specific looks and convey different styles and moods.

Color also has practical applications in science and technology. For example, color coding is often used to organize and identify objects in a system or process. In optics, different colors of light can be used for specific applications, such as medical lasers or fiber optics.

Ultimately, color is a complex and fascinating aspect of our world. From the science of light and vision to the art of color theory and design, it is a subject that continues to inspire and captivate people from all walks of life.",AI,wiki
Vincent van Gogh,"Vincent van Gogh was a Dutch post-impressionist painter who is considered one of the most influential figures in the history of Western art. Although he struggled with mental illness throughout his life, van Gogh created some of the most recognizable and beloved works in the art world.

Born in 1853 in the Netherlands, van Gogh tried his hand at various careers before settling on art, including working as a teacher and a preacher. He was largely self-taught and struggled to earn a living as an artist during his lifetime.

Van Gogh's style is characterized by bold, bright colors and thick, swirling brushstrokes. He often painted landscapes, portraits, and still lifes, infusing each work with a sense of emotional intensity and depth.

Some of his most famous works include ""Starry Night"", ""Sunflowers"", and ""The Potato Eaters"". Despite their popularity today, many of van Gogh's paintings went unsold during his life and he lived in poverty, often relying on the support of his brother Theo.

Tragically, van Gogh died by suicide in 1890 at the age of 37, just as his work was beginning to gain recognition. Today, his legacy lives on through his stunning artwork, which is celebrated and admired by art lovers around the world.",AI,wiki
Cubism,"Cubism is an art movement that originated in France during the early 20th century. It is characterized by the fragmentation of three-dimensional forms into two-dimensional planes, and the use of multiple viewpoints to depict a subject. The movement was pioneered by Pablo Picasso and Georges Braque, who together developed a new way of seeing and representing the world.

In Cubism, objects are broken down into their most basic shapes and forms, and then reconstructed in a highly abstract manner. The artists sought to capture the essence of an object or scene, rather than creating a realistic representation. This was achieved through the use of geometric shapes and bold colors, often applied in a highly stylized and angular manner.

Cubism is often divided into two main phases: Analytical and Synthetic. The Analytical phase is characterized by the use of a limited color palette, and the fragmentation of the subject into geometric shapes. The Synthetic phase, on the other hand, is characterized by the use of brighter colors and a more decorative approach to shape and form.

Cubism revolutionized the way we perceive the world around us, and had a profound impact on the development of modern art. It inspired a whole new generation of artists, who sought to break away from the traditional modes of representation and explore new ways of seeing and creating art. Today, Cubism remains one of the most influential art movements of the 20th century.",AI,wiki
Classical order,"Classical order is a system of architectural design that has been used since ancient times. It is a composition of a set of rules and guidelines that help to create a harmonious and aesthetically pleasing structure. Originally, the classical order consisted of three main styles: Doric, Ionic, and Corinthian. Later, two other styles were added, called Tuscan and Composite.

The Doric order is the simplest and most austere of all the styles. It is characterized by plain, sturdy columns and a simple, unadorned entablature. This style was often used for temples and other public buildings.

The Ionic order is more ornate than the Doric, featuring slender columns decorated with acanthus leaves and volutes. This style was commonly used for public buildings like libraries and museums.

The Corinthian order is the most elaborate of all the styles, featuring columns adorned with acanthus leaves and flowers at the top. This style was mostly used for decorative purposes rather than for structural support.

The Tuscan order, which is less common than the other orders, is characterized by sturdy, unadorned columns and a simple entablature. It is often used in industrial buildings and in buildings with a more rustic feel.

Lastly, the Composite order combines elements of both the Ionic and Corinthian orders, featuring a capital decorated with acanthus leaves and volutes and a base resembling the Doric order. This style is used for decorative purposes as well as for support.

The classical order has had a significant impact on architecture throughout history, influencing the design of buildings and structures all over the world. Today, the classical order is still used in modern architecture, and its timeless beauty and elegance continue to inspire designers and architects around the world.",AI,wiki
Japanese art,"Japanese art is known for its unique style, distinctive aesthetic and profound cultural significance. It is a traditional art form that has evolved through centuries, and is deeply rooted within the country's history and cultural heritage.

One of the most notable elements of Japanese art is its use of ink and brushwork. Calligraphy, for example, is an art form that involves the use of varied strokes and complex characters, and has been practiced for over a thousand years. Similarly, the art of Sumi-e, a type of ink painting that involves the use of black ink on paper, has been used to depict a wide range of subjects including landscapes, animals and humans.

Another hallmark of Japanese art is its intricate design and attention to detail. Whether it is the patterns and intricate details found in Japanese pottery, or the delicate embroidery of kimonos, Japanese art demonstrates a deep appreciation for beauty and visual harmony.

Japanese art has also been heavily influenced by the country's religions, including Buddhism and Shintoism. This influence is evident in a number of different art styles, from the stylized depictions of Buddhist deities in sculpture and painting, to the use of natural motifs and symbolism in Shinto art.

Despite being steeped in tradition, Japanese art has also seen a number of modern influences in recent years. Many contemporary artists have embraced new techniques and mediums, while still retaining the distinct style and elements that are synonymous with Japanese art.

Overall, Japanese art is a rich and varied form of expression that encapsulates the diverse and intriguing aspects of Japanese culture. Whether it is the breathtaking landscapes of Hokusai's prints, the delicate beauty of cherry blossoms, or the bold and graphic designs of contemporary art, Japanese art truly has something for everyone.",AI,wiki
Wassily Kandinsky,"Wassily Kandinsky was a pioneering Russian painter and art theorist who is credited with being a founder of abstract art. Born in Moscow in 1866, he grew up in an affluent family and showed an early aptitude for music, literature, and painting. After studying law and economics at the University of Moscow, Kandinsky decided to pursue his passion for art and enrolled in art schools in Munich and Paris.

Kandinsky's early works were influenced by Expressionism and Symbolism, but it was his encounter with Impressionism and Fauvism that led him to abandon representational art and focus on the abstraction of form and color. His breakthrough came with his ""Composition"" series, which featured non-representational images made up of geometric shapes and bold colors.

In addition to his artistic practice, Kandinsky was also a prolific writer and thinker who authored several influential treatises on art theory, including ""Concerning the Spiritual in Art"" and ""Point and Line to Plane."" These works underscored Kandinsky's belief in the transformative power of art and its ability to communicate spiritual and emotional values.

Kandinsky's legacy as one of the pioneers of abstract art is enduring, and his influence can be seen in the works of countless artists who followed in his wake. He died in Neuilly-sur-Seine, France in 1944, leaving behind a rich legacy of innovative and adventurous art. Today, his work is celebrated in museums and galleries around the world, and his ideas continue to inspire artists and thinkers in a wide range of fields.",AI,wiki
Venus figurine,"The Venus figurine is a type of prehistoric sculpture that is believed to have been created between 25,000 BCE and 10,000 BCE during the Upper Paleolithic era. These small, abstract figures depict women with exaggerated sexual features such as large breasts, wide hips, and a voluptuous belly. 

The purpose of the Venus figurines is still debated among archaeologists and historians. Some suggest that they were fertility statues associated with rituals that aimed to increase the chances of successful childbirth. Others argue that they represented goddesses or supernatural beings that were worshipped by early humans.

Over 200 Venus figurines have been discovered across Europe, from France to Russia. The most famous of these is the Venus of Willendorf, which was discovered in Austria in 1908. This figurine is just over four inches tall and is made of limestone. It features no facial features, arms, or legs, but has an intricately detailed pubic area.

Despite their small size, Venus figurines offer valuable insights into the lives of early humans. They provide evidence of early artistic expression, gender roles, and social structures. The fact that they were created across different regions and time periods also suggests that they held significant cultural importance.

Today, Venus figurines continue to capture the imagination of people around the world. While their true meaning may never be fully understood, they remain a testament to the creativity and ingenuity of our ancient ancestors.",AI,wiki
Brutalist architecture,"Brutalist architecture is a style that arose in the mid-20th century and is characterized by an emphasis on raw materiality and a lack of ornamentation. The term ""Brutalism"" comes from the French word ""béton brut,"" which means raw concrete. The style was initially adopted by architects looking for a modern aesthetic that could represent the social and political ideals of the time. Today, Brutalism is seen as a polarizing movement, with many finding its stark, raw appearance unattractive while others view it as an important example of architectural modernism.

The Brutalist style is often associated with large, concrete buildings such as government offices, universities, and public housing projects. These buildings are often characterized by their massive scale and lack of ornamentation. Many Brutalist buildings were designed with the idea of creating a new, egalitarian social order, so they often prioritize functionality over aesthetics. This approach to architecture was reinforced by the use of low-cost building materials, such as raw concrete, which could be used to create large swaths of uninterrupted space.

However, Brutalist architecture is not limited to these large, public buildings. The style can also be seen in smaller, more intimate structures. One example is the Smithson's house in Hampstead, which was designed by Alison and Peter Smithson. The house is characterized by its use of raw concrete and exposed services, giving it a rugged and industrial look. While it is a small house, the Smithson's design is still geared towards creating an egalitarian and cooperative living style.

Despite its critics, Brutalist architecture has had a lasting impact on the aesthetic and social ideals of contemporary architecture. The raw, exposed materials in Brutalist designs inspired architects like Richard Rogers and Renzo Piano, who used similar materials and forms in their iconic Lloyd's Building in London. Additionally, the egalitarian ideals that inspired the Brutalist style have influenced the development of modern affordable housing projects and co-living spaces.

Ultimately, whether one appreciates Brutalism or not, its influence cannot be denied. Its raw, industrial aesthetic and focus on functionality over aesthetics have inspired new generations of architects and designers. As we look towards the future of architecture and urban design, it is clear that Brutalist ideas and forms will continue to shape our cities and our lives in important ways.",AI,wiki
Hydrogen,"Hydrogen is an element that is often found in nature and is the most abundant element in the universe. It is a colorless, odorless, tasteless, and flammable gas at room temperature. Hydrogen has the atomic number 1 and is represented by the symbol H.

One of the unique properties of hydrogen is that it is the lightest element on the periodic table, making it an attractive choice for a fuel source. It is also a versatile element and can be used in various industries such as petroleum refining, chemical production, and metal processing. Additionally, it can be used in fuel cells to produce clean electricity, which has the potential to revolutionize the transportation industry.

The production of hydrogen can occur through various methods, including steam methane reforming, electrolysis, and biomass gasification. However, the production of hydrogen is currently energy-intensive, requiring large amounts of electricity to produce. This makes hydrogen production expensive and environmentally unsustainable, as most of the world's electricity supply still comes from non-renewable sources such as coal and natural gas.

Despite these challenges, hydrogen has the potential to play a significant role in the global energy transition towards a sustainable future. With advances in technology and an increasing focus on renewable energy sources, the production and utilization of hydrogen can become more efficient and cost-effective.

In conclusion, hydrogen is a versatile and abundant element that holds enormous potential as a fuel source for the future. The ongoing efforts to improve production and utilization methods present exciting opportunities for the development of a sustainable energy system.",AI,wiki
Chemical reaction,"A chemical reaction is a process that involves the transformation of one or more substances into one or more different substances. Chemical reactions occur all around us and are a fundamental part of everyday life. They take place in the food we eat, the air we breathe, and the products we use.

Chemical reactions involve the breaking and forming of chemical bonds between atoms. When atoms come into contact with each other, they can either join together to form a new substance or break apart to release energy. This process is called a chemical reaction.

There are different types of chemical reactions, including synthesis, decomposition, substitution, and combustion. In a synthesis reaction, two or more substances combine to form a more complex substance. In a decomposition reaction, a compound is broken down into its component parts. In a substitution reaction, one element replaces another in a compound. In a combustion reaction, a substance reacts with oxygen to produce heat and light.

Chemical reactions are essential for many industrial processes, such as the production of fertilizers, plastics, and fuels. They are also crucial for life itself, as they are responsible for the breakdown of food in the body and the production of energy.

Chemical reactions can be affected by a number of factors, including temperature, pressure, concentration, and the presence of catalysts. Understanding these factors can help scientists to optimize industrial processes and develop new materials and technologies.

Overall, chemical reactions are an important part of science and technology, and they play a vital role in our everyday lives.",AI,wiki
Chemical synthesis,"Chemical synthesis refers to the process of creating new and useful compounds through chemical reactions. Typically, this involves combining various molecules and elements together in specific ways to create something new, often with a specific purpose or function in mind.

Chemical synthesis has numerous applications in modern society, ranging from pharmaceuticals to plastics and other materials. In pharmaceuticals, chemical synthesis is often used to create new drugs that can treat diseases or alleviate symptoms. In plastics and materials, chemical synthesis can be used to create strong and durable compounds that can be used for a wide range of purposes.

The process of chemical synthesis can be quite complex and requires a deep understanding of chemistry and chemical reactions. Researchers must carefully plan and execute experiments to ensure that the desired outcome is achieved, and must also be able to identify and isolate compounds as they are created.

In recent years, advances in technology have made chemical synthesis faster and more efficient than ever before. Automation and robotics, for example, have made it possible to conduct experiments at a much faster pace than before, while sophisticated computer software can help researchers predict the outcomes of various chemical reactions.

Despite these advances, chemical synthesis remains an essential tool for scientists and researchers who are exploring the frontiers of science and technology. By creating new compounds and materials, these researchers are helping to push the limits of what is possible in fields ranging from medicine to engineering and beyond.",AI,wiki
Plastic,"Plastic is an incredibly versatile material that has become an integral part of our daily lives. From the packaging of food and beverages to the construction of buildings and vehicles, plastic is everywhere we look. Its durability, ease of manufacturing and low cost make it a popular choice for a wide range of applications. 

However, despite its many benefits, plastic poses a significant threat to our environment. It takes hundreds of years to decompose and as a result, it has accumulated in our oceans, threatening marine life and polluting our beaches. Plastic pollution is a major problem and it is up to all of us to take responsibility for reducing our use of plastics.

One of the biggest issues with plastic is the problem of single-use items. Items like plastic bags, straws, and water bottles are used once and then discarded. These items can take hundreds of years to biodegrade and end up clogging landfills or polluting our oceans. To combat this, there has been a growing movement towards reusable alternatives such as cloth bags, metal straws and refillable water bottles.

Another method of reducing the negative impact of plastics is through recycling. Recycling plastic not only diverts it from the landfill but it also reduces the need for virgin plastic production, which is a significant source of greenhouse gas emissions. However, not all plastics are recyclable and some recycling methods are more energy-intensive than others. Therefore, it is important to recycle as much as possible while also being mindful of the types of plastics that can be recycled and the methods used for recycling.

In conclusion, plastic is a valuable and versatile material, but its negative environmental impacts cannot be ignored. It is up to all of us to take responsibility for reducing our use of plastics, opting for reusable alternatives, and recycling what we can. By doing so, we can help mitigate the damage caused by plastic pollution and work towards a more sustainable future.",AI,wiki
Alchemy,"Alchemy is an ancient practice that combines science, philosophy and spirituality. It originated in Egypt and then spread to Europe during the Middle Ages. Alchemy was all about transforming base metals into precious metals like gold and also finding the elixir of life that would grant immortality.

Alchemy was not just about the literal transformation of metals, but also about the transformation of the self. Alchemists believed that by transmuting base metals, they could purify themselves and become more enlightened. The practice focuses on the interconnectedness of all things and the idea that everything in the universe is connected through a spiritual force.

Alchemists used a variety of symbols and tools to help them in their search for transmutation. They used flasks and retorts to contain and heat their experiments, and symbols such as the sun and moon, the four elements and the symbol for mercury to represent their theories and ideas.

Alchemy played an important role in the development of modern science. Many alchemists were also scientists who made significant contributions to fields such as chemistry, medicine, physics and astronomy. They discovered new elements and compounds, developed new medicines and invented new techniques for scientific experimentation.

Although alchemy is no longer practiced in the same way today, some of its principles and practices still hold relevance. Modern alchemists focus on the spiritual and transformative aspects of the practice, using meditation and ritual to bring about inner transformation and personal growth.

In conclusion, alchemy was a complex practice that combined science, philosophy and spiritualism. It sought to transform base metals into precious metals, as well as to purify the self and find enlightenment. Though it is no longer practiced in the same way today, its legacy lives on in modern science and spirituality.",AI,wiki
Chemistry,"Chemistry is the scientific study of matter, its properties, and transformations. It is a fascinating field that explores the building blocks of the universe and all of its interactions. Without chemistry, our world as we know it today would not exist.

Chemistry is essential to the manufacturing of everyday items such as medicines, plastics, and fuels. It also plays a critical role in the food industry by ensuring that the food we eat is safe for consumption. Additionally, chemistry is an important field for environmental research and policy, for instance, in the analysis of pollutants and developing new forms of sustainable energy.

The study of chemistry enables us to understand the world in which we live better. We learn about the structure of atoms and molecules and how chemical reactions occur. We can manipulate and control chemical reactions, which enables us to invent new materials, technologies, and products.

Chemistry is a vast field that has many applications and subfields, such as organic, inorganic, physical, analytical, and biochemistry. Each of these subfields focuses on different aspects of chemistry and has its own unique applications.

In conclusion, chemistry is a vital science that impacts every aspect of our daily lives. It has revolutionized our world and continues to shape the future of our society. The possibilities of what we can achieve with chemistry are endless, making it an exciting and promising field of study.",AI,wiki
Covalent bond,"A covalent bond refers to the sharing of electron pairs between two atoms. It is a type of chemical bond that is formed when two non-metal atoms come together to create a molecule. Covalent bonds are the strongest type of chemical bond and are typically found within ionic compounds or polyatomic molecules.

In a covalent bond, the electrons are shared between two atoms, and each atom contributes an equal number of electrons to the pair. This helps to create a stable molecule that has a low potential energy. The electrons in these types of bonds are attracted to the positively charged nuclei of the atoms, which creates a strong bond.

There are different types of covalent bonds that can form between atoms, including polar and non-polar covalent bonds. A polar covalent bond is formed when two atoms share electrons unequally, resulting in a molecule with positive and negative poles. Non-polar covalent bonds, on the other hand, are formed when two atoms share electrons equally, resulting in a molecule without positive or negative poles.

Covalent bonds are essential for the formation of many molecules found in living organisms, including DNA, proteins, and carbohydrates. They play a crucial role in the chemical reactions that occur within cells, helping to create and break down molecules as needed.

Overall, covalent bonds are an essential part of chemistry and play a vital role in creating the diverse array of molecules found in our world. Understanding the nature of covalent bonds helps us to understand the way that molecules behave and interact with each other, providing insight into the chemical processes that underlie both natural and synthetic systems.",AI,wiki
Periodic table,"The periodic table is a tabular arrangement of all the known chemical elements, ordered by their atomic number, electron configurations, and chemical properties. It is one of the most important tools in chemistry and is used to predict how atoms will react with each other and form compounds.

The periodic table was first proposed by Russian chemist Dmitri Mendeleev in 1869, who organized the elements based on their atomic weight and chemical properties. Since then, the table has been revised and expanded as new elements have been discovered.

The table is divided into rows, known as periods, which are arranged according to the number of electrons in the outermost shell of the atoms. These electrons, known as valence electrons, are responsible for the chemical properties of the elements.

The columns are known as groups, and each group contains elements with similar chemical properties. For example, Group 1 elements are all highly reactive and form strong bases when they react with water.

The periodic table has many practical applications, such as predicting the properties of elements we haven't yet discovered and understanding the behavior of complex chemical reactions. It is also used in industries ranging from pharmaceuticals to electronics to agriculture.

Overall, the periodic table is a fundamental part of chemistry and has played a crucial role in our understanding of the natural world.",AI,wiki
Marie Curie,"Marie Curie was a renowned physicist and chemist who made great contributions to the field of science. Born in Poland in 1867, Curie was the first woman to receive a Nobel Prize and the first person to receive two Nobel Prizes in different fields.

Curie's interest in science began at a young age, and she pursued higher education despite many societal barriers. She studied physics and mathematics in Paris and eventually earned a PhD in physics from the University of Paris.

In her early research, Curie discovered that certain materials emit radiation, which led to the development of the concept of radioactive decay. She named the phenomenon ""radioactivity"" and continued to study and experiment with radioactive materials.

Curie's groundbreaking work in radioactivity earned her the Nobel Prize in Physics in 1903, making her the first woman to receive the prestigious award. She continued her research and in 1911, she became the first person to receive a second Nobel Prize, this time in chemistry, for her discovery of two new elements, polonium and radium.

Throughout her career, Curie faced many challenges as a woman in a predominantly male field. She often worked in difficult conditions, including in makeshift laboratories where she and her husband Pierre conducted their famous research.

Despite these challenges, Curie's determination and dedication to science led to major breakthroughs and advancements in the field of physics and chemistry. Her legacy continues to inspire and influence future generations of scientists and researchers.

In addition to her scientific achievements, Curie was also a humanitarian and worked tirelessly during World War I to develop mobile radiography units to help diagnose and treat injured soldiers. She also founded the Curie Institutes in Paris and Warsaw, which are still active today and continue to conduct groundbreaking research in the field of cancer treatment.

Marie Curie is a role model and an icon in the scientific community, whose contributions to science and medicine continue to impact and improve our lives today.",AI,wiki
National Basketball Association,"The National Basketball Association, commonly known as the NBA, is the premier men's professional basketball league in North America. It is widely regarded as one of the four major professional sports leagues in the United States and Canada, alongside Major League Baseball, the National Football League, and the National Hockey League.

The NBA was founded in 1946, and currently consists of 30 teams, 29 from the United States and one from Canada. The league is divided into two conferences, the Eastern Conference and the Western Conference, and each conference is further divided into three divisions. The regular season runs from October to April, with each team playing 82 games.

The NBA playoffs, featuring the top eight teams from each conference, begin in April and culminate in June with the NBA Finals. The Finals are a best-of-seven series between the Eastern Conference champion and the Western Conference champion.

The NBA has produced some of the greatest players in the history of the sport, including Michael Jordan, Kobe Bryant, LeBron James, Magic Johnson, and Larry Bird. The league has a global following, with fans in over 200 countries and territories tuning in to watch games.

The NBA has also been at the forefront of social justice issues, with players and teams using their platform to promote social causes and advocate for change. The league has partnered with organizations such as Black Lives Matter and the Equal Justice Initiative to promote racial equality and social justice.

Overall, the NBA continues to be a dominant force in the world of sports, bringing together players from all backgrounds and providing thrilling entertainment for millions of fans around the globe.",AI,wiki
Resurrection of Jesus,"The resurrection of Jesus is one of the most significant events in Christian history. It is the cornerstone of the Christian faith and provides hope and redemption for believers. According to the Bible, Jesus was crucified and buried in a tomb, but on the third day, he rose from the dead and appeared to his disciples.

The resurrection of Jesus is significant for several reasons. Firstly, it validates Jesus's claim to be the Son of God. If Jesus had not risen from the dead, then his claims about his identity and his teachings would have been false. However, the fact that he was resurrected demonstrates that he had the power of the divine and that his message was true.

Secondly, the resurrection of Jesus provides hope for believers. It shows that death is not the end and that there is a life beyond this earthly existence. For Christians, the resurrection is a promise of eternal life and a reunion with God.

Finally, the resurrection of Jesus is a powerful symbol of victory over sin and death. By rising from the dead, Jesus conquered death and provided a way for humanity to be reconciled with God. It is through his death and resurrection that believers can have salvation and forgiveness of sins.

In conclusion, the resurrection of Jesus is a critical event in Christian history. It confirms his divine identity, gives hope for eternal life, and demonstrates victory over sin and death. For believers, the resurrection is not just a historical event, but a powerful symbol of their faith and the promise of redemption.",AI,wiki
Permafrost,"Permafrost is a unique natural phenomenon that occurs in polar regions and high mountainous areas. It is a layer of soil or sediment that remains frozen for at least two consecutive years, and is also referred to as solid ground that never thaws. Permafrost is incredibly important for both scientific research and the environment, as it plays a crucial role in regulating the Earth's climate and storing vast amounts of carbon.

Permafrost is found in regions where the temperature stays below freezing for extended periods, which means it is primarily found in the Arctic, Antarctica, and high altitude areas such as the Himalayas. The frozen layer often extends several hundred meters below the surface, and can contain a mix of frozen soil, rocks, and ice.

Permafrost is an incredibly dynamic system, and various factors such as air temperature, snow cover, vegetation, and rainfall can affect its properties. This frozen ground acts as a barrier to mushrooming vegetation, meaning that large areas of land are left barren, with very little plant life.

One of the critical impacts of permafrost on the environment is that this frozen ground contains a vast amount of carbon that has accumulated over thousands of years. With increasing temperatures, the permafrost is beginning to thaw, releasing this carbon, which leads to a positive feedback loop that amplifies climate change, as more greenhouse gases are emitted from the ground.

Permafrost is an important factor to consider in engineering projects, land-use, and natural resource management. Building houses, roads, and infrastructure on permafrost can lead to significant problems, including subsidence, melting, and unstable ground. Proper environmental management and monitoring practices must be in place to protect these delicate and essential ecosystems and prevent unwanted damage.

In conclusion, Permafrost is an intricate and vital component of the Earth's climate system, and its study is significant for the scientific community and climate researchers alike. Precipitous warming and climate change pose significant threats to permafrost, changing the landscape and contributing to environmental challenges. It is important to raise awareness about the significance of permafrost ecosystems and take necessary measures to preserve them.",AI,wiki
Rock (geology),"Rock, in geology, is defined as any natural solid substance composed of minerals or mineral-like substances. Rocks are an essential component of the Earth's crust, and they play a crucial role in shaping the planet's landscape and supporting life.

The study of rocks, known as petrology, is an important branch of geology that seeks to understand the formation, composition, and properties of rocks. This includes exploring the different types of rocks, their physical and chemical characteristics, and how they are formed.

There are three main types of rocks: sedimentary, igneous, and metamorphic. Sedimentary rocks are formed from the accumulation and compression of sediments such as sand, mud, and organic matter. These rocks are commonly found in layers and are an excellent source of information about the Earth's history.

Igneous rocks, on the other hand, are formed from the cooling and solidification of magma or lava. These rocks can be either intrusive or extrusive. They are typically very hard and durable.

Metamorphic rocks, as the name suggests, are formed from the transformation of existing rocks through high heat and pressure. These rocks can have unique properties such as a foliated texture or a banded appearance.

Rocks have many practical uses, from providing building materials to acting as a source of minerals and fossil fuels. They are also important indicators of geological activity, including earthquakes, volcanic eruptions, and the movement of tectonic plates.

In conclusion, rocks are a vital component of the Earth's crust and play a crucial role in shaping the planet's landscape. Understanding rocks and their properties is essential for a range of scientific and practical applications. As such, petrology will continue to be an important field of study for years to come.",AI,wiki
Music of ancient Greece,"Music of ancient Greece holds a significant place in the history of music. Ancient Greeks were great lovers of music, and they believed that it had the capability of influencing an individual's character and their emotions. Music was a significant element of their cultural and religious ceremonies, which could not be performed without the accompaniment of music. In ancient Greece, every social class and age group had a particular music genre that they preferred.

The Greeks were the first to introduce music notation as early as the sixth century BC. The Greek music scale was set entirely on mathematics and comprised of a series of different modes, called 'Tetrachords.' These Tetrachords were fixed in nature and could not be further modified. Historians have classified ancient Greek music into four genres: aulos music, kitharis music, vocal music, and lyre music. The 'aulos' was a double-piped reed instrument and was the most prominent instrument in ancient Greek music. It was typically played at religious events and even during warfare.

The 'kithara' was a stringed instrument played by skilled musicians. It was an essential instrument played at festivals and religious events. Vocal music was also a significant genre in ancient Greek music. It was further classified into 'epic' music and 'dithyrambic' music. 'Epic' music described the deeds of ancient heroes while 'dithyrambic' music was played during the Dionysian festival in honor of the Greek god of wine, Dionysus.

Finally, the lyre was the most commonly used instrument in ancient Greek music, especially for accompaniment in vocal performances. The lyre was used extensively in ancient Greece as it could be easily transported and played by both professionals and amateurs alike.

In conclusion, ancient Greek music has played a significant role in the development of modern music as we know it today. Its music notation, instruments, and genres are still relevant today, and it has left an indelible mark on the music industry. The essence of ancient Greek music can still be felt in the melodies and rhythms of today's modern music.",AI,wiki
Madonna,"Madonna is one of the most iconic and influential figures in pop culture. Born in Michigan in 1958, she rose to fame in the 1980s with her innovative music and daring performances. Madonna's unique style blended elements of punk, new wave, and dance-pop, and she quickly became a sensation with hits like ""Like a Virgin"" and ""Material Girl."" 

Throughout her career, Madonna has continually reinvented herself, earning a reputation as a trailblazer and a provocateur. She has sold over 335 million records worldwide, making her the best-selling female recording artist of all time. Madonna has also starred in numerous films and television shows, and she has written several children's books.

But Madonna's influence extends far beyond her music and acting. As a cultural icon, she has paved the way for artists and musicians, inspiring countless women and men to be true to themselves and challenge norms. She has used her platform to advocate for feminist causes, LGBTQ+ rights, and HIV/AIDS awareness, and she has been a vocal supporter of numerous charities and initiatives.

With her fearless attitude, groundbreaking music, and boundary-pushing artistry, Madonna has cemented her place in pop culture history. Her influence and legacy continue to inspire and impact new generations of artists and fans around the world.",AI,wiki
Techno,"logy and Education

In today's world, technology has become an integral part of our daily lives. From communication to entertainment, from daily chores to education, technology has revolutionized the way we live. Technology has transformed the education sector and made it more accessible, engaging and interactive.

The use of technology in education has enabled students to learn at their own pace and in their own time. The use of digital tools such as video tutorials, interactive whiteboards, e-books, mobile apps, and online assessment platforms have made learning more fun and engaging. Students can easily access a widespread range of resources such as instructional videos, audio files or graphic materials that makes learning more interactive, effective, and interesting.

Furthermore, technology in education has facilitated the adoption of innovative teaching methods like gamification, blended learning, and personalized learning. With the help of technology, teachers can create a more flexible and personalized learning environment where students can learn effectively and comfortably.

The use of technology has also made it easier for teachers to monitor and assess student progress. Digital platforms enable teachers to create and grade online assignments, facilitate remote assessments, and give timely feedback to students. This not only reduces the workload for teachers but also ensures timely feedback, which helps students to identify their areas of improvement and work on them.

Lastly, technology in education has made education more accessible and affordable. Today, students can easily access online courses from reputed institutions without having to relocate or spend a fortune. The use of online platforms has made education accessible to people living in remote areas, people with disabilities, and those who cannot afford traditional education.

In conclusion, technology in education has revolutionized the way we learn and has made education accessible, engaging, and affordable. With the ongoing advancements in technology, the future of education looks promising and exciting.",AI,wiki
Graphics processing unit,"A graphics processing unit is a specialized electronic circuit designed to quickly manipulate and alter memory to accelerate the creation of images in a frame buffer intended for output to a display. GPUs are well known for their superior performance in processing large and complex data sets required for applications such as video and image editing, scientific simulations, virtual reality, and gaming.

Modern GPUs consist of massively parallel processing units that are optimized to perform repetitive tasks simultaneously or in parallel, in contrast to central processing units designed for sequential or linear processing. GPUs typically have thousands of processing cores that work together in bringing about the superior performance of these units. 

In gaming, the GPU is the critical component responsible for rendering the graphics on the screen. The more advanced the GPU, the higher the quality of the graphics and the greater the speed at which the images are rendered. Gaming enthusiasts often invest in high-end GPUs to achieve a smooth and immersive gaming experience.

Scientific simulations, on the other hand, require enormous amounts of processing power as well as memory. This high demand for processing power has seen companies invest in supercomputers consisting of GPU clusters that can be used to model weather patterns, study complex biological processes, and simulate materials and compounds among other scientific applications.

GPUs have revolutionized video production and editing, as well. Video editing was once a time-consuming process, but with the high processing power of GPUs, editing software has been able to speed up even the most complex video editing processes.

In conclusion, GPUs have had a significant impact on the computing industry, allowing for the development of advanced applications that were once considered impossible. With the continued evolution of GPU technology, we can expect even more breakthroughs in various industries that rely on high processing power in the future.",AI,wiki
Diatom,"Diatoms are a type of single-celled algae that are found in marine and freshwater environments around the world. These tiny organisms are incredibly important in the global ecosystem as they produce oxygen and serve as the base of the food chain for many aquatic organisms.

Diatoms are characterized by their intricate and delicate cell walls, which are made up of silica. These walls are often decorated with intricate patterns that are unique to each species, and which play a role in the organism's ability to exchange gases and nutrients with its environment.

Despite being so small, diatoms are incredibly numerous, and can form massive blooms that are visible from space. These blooms can have a significant impact on the surrounding ecosystem, as they deplete oxygen in the water and can cause other species to die off.

In addition to their ecological importance, diatoms also have a number of practical applications. They are used in the production of food, pharmaceuticals, and even toothpaste. Scientists are also researching the possibility of using diatoms to create new technologies such as batteries and solar panels.

Despite their importance, diatoms are at risk from a number of human activities such as pollution, overfishing, and climate change. As such, it is important that we work to protect and conserve these tiny but essential organisms and the ecosystems they inhabit.",AI,wiki
Species,"Species refer to a group of organisms that are evolutionarily related and share common characteristics. There are millions of different species on Earth, ranging from single-celled organisms to complex multicellular organisms including plants, animals, fungi, and bacteria.

The concept of species has been highly debated by scientists over the years. On one hand, some argue that species are clear and distinct categories, while others believe that the evolutionary process is more complex and species are constantly evolving and changing.

One way scientists classify species is through the biological species concept, which defines a species as a group of organisms that can interbreed and produce viable offspring. This means that individuals from different species cannot mate and produce offspring that can survive and reproduce.

Another way scientists classify species is through morphological traits, such as physical characteristics such as body shape or color. However, this method may be less reliable as individuals within a species can have different morphological traits.

Human actions have led to the extinction of many species, while other species have adapted to human presence and thrive in our urban environments. Understanding species and their relationships to one another is vital for our understanding of evolution and how ecosystems function. Conservation efforts are essential to protect endangered species and maintain biodiversity on Earth.",AI,wiki
Kami,"Kami, which translates to “spirits” or “gods” in Japanese, are an integral part of Shintoism, the indigenous religion of Japan. According to Shinto beliefs, these divine entities exist in many forms, including natural elements like mountains, rivers, and trees, as well as ancestors and other powerful beings.

Kami are believed to possess both positive and negative energy and can be both benevolent and malevolent. They are treated with utmost respect and reverence as they are believed to have the power to influence human lives and determine one's fate.

Shintoism provides a framework for worshipping and paying tribute to these powerful beings. It involves offering prayers, performing purification rituals, and visiting shrines dedicated to specific kami. These shrines are known as Jinja and are scattered across Japan. Some of the most famous shrines include the Meiji Shrine in Tokyo and the Fushimi Inari Shrine in Kyoto.

One of the most important festivals in the Shinto calendar is the Kami Matsuri, also known as the “God festival,” which is celebrated annually in various parts of Japan. During this festival, the kami are honored through various rituals, music, and dance performances.

In conclusion, Kami represent an essential part of Japanese culture, and their worship is deeply ingrained in Shintoism. They are not only revered for their power to influence human life, but also for their role in connecting humans to the natural world. As such, they remain a crucial part of Japanese heritage and spiritual beliefs.",AI,wiki
Constitution,"The Constitution of a country serves as the foundation of its government and laws. It is the supreme law of the land and outlines the framework for how the government should operate. Constitutions typically contain provisions for the structure of government, the distribution of powers among branches of government, and basic individual rights and liberties.

Constitutions play a vital role in setting up a society that is based on the rule of law, rather than the rule of individuals. A well-crafted constitution can prevent abuses of power and ensure that the government protects the rights of its citizens. It can also help to maintain stability and continuity in times of political upheaval or crisis.

Many constitutions also include mechanisms for amending or revising the document, which allows for changes to be made as society evolves and circumstances change. However, amending a constitution is often a complex and difficult process that requires broad consensus among political leaders and the public.

While each country has its own unique constitution, there are certain fundamental principles that are shared among many democracies. These include guarantees of freedom of speech, press, and religion, as well as protections against arbitrary arrest and detention, and the right to a fair and impartial trial.

In summary, a constitution is a critically important tool for establishing a fair and just society. It lays out the principles and structures for democratic government and helps to ensure that no one individual or group holds too much power. As such, it is a vital document that should be respected and safeguarded by all citizens.",AI,wiki
Electronegativity,"Electronegativity is a fundamental concept in the study of chemical bonding. It is a measure of an atom's ability to attract electrons towards itself when it forms a chemical bond with another atom. This physical property is determined through the electronegativity scale, which assigns values to each element based on their ability to attract electrons.

The most electronegative element is fluorine, with a value of 4. It is followed by oxygen and nitrogen, which have electronegativity values of 3.5 and 3, respectively. The least electronegative elements are the alkali metals such as sodium and potassium, which have very low values of electronegativity.

The electronegativity of an atom plays a pivotal role in the types of chemical bonds that can be formed between atoms. In covalent bonding, electronegativity differences between atoms are used to determine the polarity of the bond, whereby the electron density is shifted towards the more electronegative atom. Conversely, in ionic bonding, where ions of opposite charges form an electrostatic bond, the difference in electronegativity helps determine the strength of the bond.

The electronegativity of an atom is also directly correlated to the likelihood of the atom to gain or lose electrons. For instance, elements with higher electronegativity values are less likely to lose electrons, and instead more likely to gain electrons to form anions. However, elements with lower electronegativity values are more likely to lose electrons, and form cations.

In conclusion, electronegativity is a crucial concept in the field of chemistry. It informs how atoms interact with each other, and how they behave in chemical reactions. Understanding the electronegativity scale helps chemists to predict bonding behaviours and chemical reactions, and eventually even design new molecules with specific properties by choosing atoms with the desired electronegativity levels.",AI,wiki
